video_id,video_title,channel,source_step,source_step_name,source_position,status,privacy_status,embeddable,upload_status,api_title
Uu6uT3sFyNo,Evaluating Algebraic Expressions: Part 1 - Substitution and GEMS,Miacademy_&_MiaPrep_Learning_Channel,Year 10_14-15_Autumn_Foundation_Algebraic manipulation_1_Substitution,Substitution,current_1,available,public,True,processed,Evaluating Algebraic Expressions: Part 1 - Substitution and GEMS
K16dLKw2oMo,Algebra: Substitution in Maths,Minity_Maths,Year 10_14-15_Autumn_Foundation_Algebraic manipulation_1_Substitution,Substitution,current_2,available,public,True,processed,Algebra: Substitution in Maths
FZDs8ksVsLk,Algebra - Substitution,Deasy_Maths,Year 10_14-15_Autumn_Foundation_Algebraic manipulation_1_Substitution,Substitution,current_3,available,public,True,processed,Algebra - Substitution
wk5KvvPNyJU,Combining Like Terms - How To Simplify Algebraic Expressions,Miacademy_&_MiaPrep_Learning_Channel,Year 10_14-15_Autumn_Foundation_Algebraic manipulation_2_Collect like terms,Collect like terms,current_1,available,public,True,processed,Combining Like Terms - How To Simplify Algebraic Expressions
o8mHyddtq3o,Collecting Like Terms and Simplifying Expressions,Minity_Maths,Year 10_14-15_Autumn_Foundation_Algebraic manipulation_2_Collect like terms,Collect like terms,current_2,available,public,True,processed,Collecting Like Terms and Simplifying Expressions
DKC74YKJpNY,Algebra Basics: Simplifying Polynomials - Math Antics,mathantics,Year 10_14-15_Autumn_Foundation_Algebraic manipulation_2_Collect like terms,Collect like terms,current_3,available,public,True,processed,Algebra Basics: Simplifying Polynomials - Math Antics
honqw6r8uQY,GCSE Maths - How to Simplify Algebraic Expressions (2026/27 exams),Cognito,Year 10_14-15_Autumn_Foundation_Algebraic manipulation_3_Simplify expressions,Simplify expressions,current_1,available,public,True,processed,GCSE Maths - How to Simplify Algebraic Expressions (2026/27 exams)
H92xo5r6l8Q,Simplifying Algebraic Expressions - Combining Like Terms and Distribution,Miacademy_&_MiaPrep_Learning_Channel,Year 10_14-15_Autumn_Foundation_Algebraic manipulation_3_Simplify expressions,Simplify expressions,current_2,available,public,True,processed,Simplifying Algebraic Expressions - Combining Like Terms and Distribution
RNRPI1UHNBU,Multiple Operations to Simplify Linear Expressions | 7.EE.A.1 💚,The_Magic_of_Math,Year 10_14-15_Autumn_Foundation_Algebraic manipulation_3_Simplify expressions,Simplify expressions,current_3,available,public,True,processed,Multiple Operations to Simplify Linear Expressions | 7.EE.A.1 💚
LkhPRz7Hocg,Algebra Basics: Laws Of Exponents - Math Antics,mathantics,Year 10_14-15_Autumn_Foundation_Algebraic manipulation_4_Addition and subtraction laws for indices,Addition and subtraction laws for indices,current_1,available,public,True,processed,Algebra Basics: Laws Of Exponents - Math Antics
dOWIKPLs7tU,Multiplying and Dividing Powers with the Same Base,Victoria_Huel,Year 10_14-15_Autumn_Foundation_Algebraic manipulation_4_Addition and subtraction laws for indices,Addition and subtraction laws for indices,current_2,available,public,True,processed,Multiplying and Dividing Powers with the Same Base
sEi5IMQZdts,Equations with Indices,1st_Class_Maths,Year 10_14-15_Autumn_Foundation_Algebraic manipulation_4_Addition and subtraction laws for indices,Addition and subtraction laws for indices,current_3,available,public,True,processed,Equations with Indices
tHCM6qNdVSc,GCSE Maths - How to Multiply and Divide Numbers With Powers (Powers Part 2/6) (2026/27 exams),Cognito,Year 10_14-15_Autumn_Foundation_Algebraic manipulation_5_Powers of powers,Powers of powers,current_1,available,public,True,processed,GCSE Maths - How to Multiply and Divide Numbers With Powers (Powers Part 2/6) (2026/27 exams)
CnfHRaPbb6s,Power of a Power – Raise a Power to Another Power,Miacademy_&_MiaPrep_Learning_Channel,Year 10_14-15_Autumn_Foundation_Algebraic manipulation_5_Powers of powers,Powers of powers,current_2,available,public,True,processed,Power of a Power – Raise a Power to Another Power
qs0x66WUQRY,Equations with Indices Exam Question Solutions,1st_Class_Maths,Year 10_14-15_Autumn_Foundation_Algebraic manipulation_5_Powers of powers,Powers of powers,current_3,available,public,True,processed,Equations with Indices Exam Question Solutions
813YPh2SSnw,GCSE Maths - How to Expand Single Brackets (2026/27 exams),Cognito,Year 10_14-15_Autumn_Foundation_Algebraic manipulation_6_Expand a single bracket,Expand a single bracket,current_1,available,public,True,processed,GCSE Maths - How to Expand Single Brackets (2026/27 exams)
oZsXSZy0Hrc,Learn to Expand Single Brackets Fast!,Maths_with_Mrs_B,Year 10_14-15_Autumn_Foundation_Algebraic manipulation_6_Expand a single bracket,Expand a single bracket,current_2,available,public,True,processed,Learn to Expand Single Brackets Fast!
QXE8W-AD8pw,Expanding & Simplifying Single Brackets - Tutorial / Revision,Me_vs_Maths,Year 10_14-15_Autumn_Foundation_Algebraic manipulation_6_Expand a single bracket,Expand a single bracket,current_3,available,public,True,processed,Expanding & Simplifying Single Brackets - Tutorial / Revision
Cep2xcNQSVs,GCSE Maths - How to Factorise an Expression into a Bracket (2026/27 exams),Cognito,Year 10_14-15_Autumn_Foundation_Algebraic manipulation_7_Factorise into a single bracket,Factorise into a single bracket,current_1,available,public,True,processed,GCSE Maths - How to Factorise an Expression into a Bracket (2026/27 exams)
Ly6v3nTEpXU,Factorising to Single Brackets Made Simple,Maths_with_Mrs_B,Year 10_14-15_Autumn_Foundation_Algebraic manipulation_7_Factorise into a single bracket,Factorise into a single bracket,current_2,available,public,True,processed,Factorising to Single Brackets Made Simple
1jqfVQ7HWKM,yr 9 factoring into brackets,RangiRogo,Year 10_14-15_Autumn_Foundation_Algebraic manipulation_7_Factorise into a single bracket,Factorise into a single bracket,current_3,available,public,True,processed,yr 9 factoring into brackets
is7Bp4ZqzU0,Model & Solve Two Step Equations THREE Ways | 7.EE.B.4.a 💚,The_Magic_of_Math,Year 10_14-15_Autumn_Foundation_Equations inequalities and formulae_1_Solve equations,Solve equations,current_1,available,public,True,processed,Model & Solve Two Step Equations THREE Ways | Grade 7 Math | 7.EE.B.4.a 💚
UXo12SK4KCU,How to Solve Two-Step Equations for Teens,Miacademy_&_MiaPrep_Learning_Channel,Year 10_14-15_Autumn_Foundation_Equations inequalities and formulae_1_Solve equations,Solve equations,current_2,available,public,True,processed,How to Solve Two-Step Equations for Teens
wVtyOmLCso4,How to Solve One-Step Equations (Step-by-Step Examples),Math_with_Mr._J,Year 10_14-15_Autumn_Foundation_Equations inequalities and formulae_1_Solve equations,Solve equations,current_3,available,public,True,processed,How to Solve One-Step Equations (Step-by-Step) | Math with Mr. J
o-saJtp7MoU,Working With Variables on Both Sides - Solving Equations With Negative and Fraction Coefficients,Miacademy_&_MiaPrep_Learning_Channel,Year 10_14-15_Autumn_Foundation_Equations inequalities and formulae_2_Solve fractional equations,Solve fractional equations,current_1,available,public,True,processed,Working With Variables on Both Sides - Solving Equations With Negative and Fraction Coefficients
6S3iEQ0bFY8,"Equations with fractions, part 1 (7th grade math/prealgebra)",Maths_4_Kids,Year 10_14-15_Autumn_Foundation_Equations inequalities and formulae_2_Solve fractional equations,Solve fractional equations,current_2,available,public,True,processed,"Equations with fractions, part 1 (7th grade math/prealgebra)"
LDIiYKYvvdA,Algebra Basics: Solving 2-Step Equations - Math Antics,mathantics,Year 10_14-15_Autumn_Foundation_Equations inequalities and formulae_2_Solve fractional equations,Solve fractional equations,current_3,available,public,True,processed,Algebra Basics: Solving 2-Step Equations - Math Antics
ai561NnORAQ,Explain EACH Step to Solving an Equation | A-REI.A.1 🖤💙,The_Magic_of_Math,Year 10_14-15_Autumn_Foundation_Equations inequalities and formulae_3_Solve equations with unknowns on both sides,Solve equations with unknowns on both sides,current_1,available,public,True,processed,Explain EACH Step to Solving an Equation | A-REI.A.1 🖤💙
AXClN83islU,Equations with Variables on Both Sides,Miacademy_&_MiaPrep_Learning_Channel,Year 10_14-15_Autumn_Foundation_Equations inequalities and formulae_3_Solve equations with unknowns on both sides,Solve equations with unknowns on both sides,current_2,available,public,True,processed,Equations with Variables on Both Sides
hFXEoNWXZ38,"Algebra I #3.5a, Variables on both sides of the equation",JoAnn's_School,Year 10_14-15_Autumn_Foundation_Equations inequalities and formulae_3_Solve equations with unknowns on both sides,Solve equations with unknowns on both sides,current_3,available,public,True,processed,"Algebra I #3.5a, Variables on both sides of the equation"
TbvD-tkn6UI,Inequality Diagrams - GCSE Maths,1st_Class_Maths,Year 10_14-15_Autumn_Foundation_Equations inequalities and formulae_4_Understand inequalities,Understand inequalities,current_1,available,public,True,processed,Inequality Diagrams - GCSE Maths
NqoMIiFpOiA,Some Things Are Not Equal - Introduction to Inequalities,Miacademy_&_MiaPrep_Learning_Channel,Year 10_14-15_Autumn_Foundation_Equations inequalities and formulae_4_Understand inequalities,Understand inequalities,current_2,available,public,True,processed,Some Things Are Not Equal - Introduction to Inequalities
mgHO-bsCDrA,Math Antics - Basic Inequalities,mathantics,Year 10_14-15_Autumn_Foundation_Equations inequalities and formulae_4_Understand inequalities,Understand inequalities,current_3,available,public,True,processed,Math Antics - Basic Inequalities
FGKsdU8g9HU,Solving Two-Step Inequalities (Step-by-Step Examples),Math_with_Mr._J,Year 10_14-15_Autumn_Foundation_Equations inequalities and formulae_5_Solve inequalities,Solve inequalities,current_1,available,public,True,processed,Solving Two-Step Inequalities (Step-by-Step Examples)
q_o1sQQtZeY,Representing Solutions to Inequalities - Graphing and Using Interval Notation,Miacademy_&_MiaPrep_Learning_Channel,Year 10_14-15_Autumn_Foundation_Equations inequalities and formulae_5_Solve inequalities,Solve inequalities,current_2,available,public,True,processed,Representing Solutions to Inequalities - Graphing and Using Interval Notation
RyesLifeUBw,Algebra Basics: Inequalities In Algebra - Math Antics,mathantics,Year 10_14-15_Autumn_Foundation_Equations inequalities and formulae_5_Solve inequalities,Solve inequalities,current_3,available,public,True,processed,Algebra Basics: Inequalities In Algebra - Math Antics
DrxaqxRAlT8,"Creating, Substituting, and Rearranging Formulae: Edexcel GCSE Maths Revision",Math_Revision_LM,Year 10_14-15_Autumn_Foundation_Equations inequalities and formulae_6_Change the subject of a simple formula,Change the subject of a simple formula,current_1,available,public,True,processed,"Creating, Substituting, and Rearranging Formulae: Edexcel GCSE Maths Revision"
Z-euXPw7AD8,Quick GCSE Maths - Rearranging equations,Plutonium_Science,Year 10_14-15_Autumn_Foundation_Equations inequalities and formulae_6_Change the subject of a simple formula,Change the subject of a simple formula,current_2,available,public,True,processed,Quick GCSE Maths - Rearranging equations
ZSkAzmivMpU,Understanding Transposition: CSEC Math Tutorial,GetThere_Tutoring,Year 10_14-15_Autumn_Foundation_Equations inequalities and formulae_6_Change the subject of a simple formula,Change the subject of a simple formula,current_3,available,public,True,processed,Understanding Transposition: CSEC Math Tutorial
6zRRy3lkALc,Algebra Rearranging - GCSE Maths,JED_Maths,Year 10_14-15_Autumn_Foundation_Equations inequalities and formulae_7_Change the subject of a known formula,Change the subject of a known formula,current_2,available,public,True,processed,Algebra Rearranging - GCSE Maths
efT_S7fiD4g,Master Percentages with These 3 Fast Tricks,Maths_with_Mrs_B,Year 10_14-15_Autumn_Foundation_Percentages_1_Percentage of an amount,Percentage of an amount,current_1,available,public,True,processed,Master Percentages with These 3 Fast Tricks
rR95Cbcjzus,Math Antics - Finding A Percent Of A Number,mathantics,Year 10_14-15_Autumn_Foundation_Percentages_1_Percentage of an amount,Percentage of an amount,current_2,available,public,True,processed,Math Antics - Finding A Percent Of A Number
J_2pU75Feqc,How Do You Find a Percentage of an Amount with Multiple Steps? | KS2 Maths Concept for Kids,Twinkl_Educational_Publishing,Year 10_14-15_Autumn_Foundation_Percentages_1_Percentage of an amount,Percentage of an amount,current_3,available,public,True,processed,How Do You Find a Percentage of an Amount with Multiple Steps? | KS2 Maths Concept for Kids
UULJ9_7peZU,Increase/Decrease by a Percentage - GCSE Maths,1st_Class_Maths,Year 10_14-15_Autumn_Foundation_Percentages_2_Percentage increase and decrease,Percentage increase and decrease,current_1,available,public,True,processed,Increase/Decrease by a Percentage - GCSE Maths
jAcDJDjQk2g,Percent of Change | Percent Increase and Decrease | Math with Mr. J,Math_with_Mr._J,Year 10_14-15_Autumn_Foundation_Percentages_2_Percentage increase and decrease,Percentage increase and decrease,current_2,available,public,True,processed,Percent of Change | Percent Increase and Decrease | Math with Mr. J
NZBOUtNfbzE,"G.E.D. Math  12c, Finding the percent of increase or decrease",JoAnn's_School,Year 10_14-15_Autumn_Foundation_Percentages_2_Percentage increase and decrease,Percentage increase and decrease,current_3,available,public,True,processed,"G.E.D. Math  12c, Finding the percent of increase or decrease"
rXzK5APDoSQ,Can't Understand Repeated Percentage Change? It's This Easy | GCSE maths,Achieve_Academy_,Year 10_14-15_Autumn_Foundation_Percentages_3_Repeated percentage change (E),Repeated percentage change (E),current_1,available,public,True,processed,Can't Understand Repeated Percentage Change? It's This Easy | GCSE maths
JxzhTD50dQg,Compound Interest - GCSE Maths,1st_Class_Maths,Year 10_14-15_Autumn_Foundation_Percentages_3_Repeated percentage change (E),Repeated percentage change (E),current_2,available,public,True,processed,Compound Interest - GCSE Maths
Wf95B6H94Ho,Repeated percentage change,With_Respect_To_x,Year 10_14-15_Autumn_Foundation_Percentages_3_Repeated percentage change (E),Repeated percentage change (E),current_3,available,public,True,processed,Repeated percentage change
AWH-nSLb7uE,"Decimal, Fraction, Percent Conversions - How To Convert Between Them",Miacademy_&_MiaPrep_Learning_Channel,Year 10_14-15_Autumn_Foundation_Percentages_4_Express one number as a fraction or percentage of another,Express one number as a fraction or percentage of another,current_1,available,public,True,processed,"Decimal, Fraction, Percent Conversions - How To Convert Between Them"
zlF1O62X_Zc,GCSE Maths - How to Express One Number as a Percentage of Another (2026/27 exams),Cognito,Year 10_14-15_Autumn_Foundation_Percentages_4_Express one number as a fraction or percentage of another,Express one number as a fraction or percentage of another,current_3,available,public,True,processed,GCSE Maths - How to Express One Number as a Percentage of Another (2026/27 exams)
aVA4BicW_n8,SIMPLE Interest Formula | Grade 7 Math | 7.RP.A.3 💚,The_Magic_of_Math,Year 10_14-15_Autumn_Foundation_Percentages_7_Simple interest,Simple interest,current_1,available,public,True,processed,SIMPLE Interest Formula | Grade 7 Math | 7.RP.A.3 💚
njBHugMgjrc,GCSE Maths Simple Interest,Teach_Me,Year 10_14-15_Autumn_Foundation_Percentages_7_Simple interest,Simple interest,current_2,available,public,True,processed,GCSE Maths Simple Interest
GtaoP0skPWc,Introduction to interest | Interest and debt | Finance & Capital Markets | Khan Academy,Khan_Academy,Year 10_14-15_Autumn_Foundation_Percentages_8_Compound interest (E),Compound interest (E),current_2,available,public,True,processed,Introduction to interest | Interest and debt | Finance & Capital Markets | Khan Academy
-JuqMCr0pl4,Compound Interest and Depreciation | Repeated Percentage Change,Maths_with_Jade,Year 10_14-15_Autumn_Foundation_Percentages_8_Compound interest (E),Compound interest (E),current_3,available,public,True,processed,Compound Interest and Depreciation | Repeated Percentage Change
dR0ozGTZkb8,Percentages and Ratios - Solving Percentage Problems With Ratios,Miacademy_&_MiaPrep_Learning_Channel,Year 10_14-15_Autumn_Foundation_Percentages_9_Choose appropriate methods to solve percentage problems,Choose appropriate methods to solve percentage problems,current_2,deleted,deleted,False,deleted,
gOlf0PnBUjc,Expanding two brackets - GCSE Maths,JED_Maths,Year 10_14-15_Autumn_Foundation_Quadratic expressions and equations_1_Expand double brackets,Expand double brackets,current_1,available,public,True,processed,Expanding two brackets - GCSE Maths
iDZeDqsLPQY,Expanding Double Brackets,Maths_Genie,Year 10_14-15_Autumn_Foundation_Quadratic expressions and equations_1_Expand double brackets,Expand double brackets,current_2,available,public,True,processed,Expanding Double Brackets
E88KDkXeJrA,Expanding Single Brackets,Maths_Genie,Year 10_14-15_Autumn_Foundation_Quadratic expressions and equations_1_Expand double brackets,Expand double brackets,current_3,available,public,True,processed,Expanding Single Brackets
pyxW-PfxfOc,GCSE Maths - Quadratics - Factorise and Solve,Murray_Maths,Year 10_14-15_Autumn_Foundation_Quadratic expressions and equations_2_Factorise quadratic expressions (positive only),Factorise quadratic expressions (positive only),current_1,available,public,True,processed,GCSE Maths - Quadratics - Factorise and Solve
FRRkLZt31S0,Factorising Quadratics,Maths_Genie,Year 10_14-15_Autumn_Foundation_Quadratic expressions and equations_2_Factorise quadratic expressions (positive only),Factorise quadratic expressions (positive only),current_3,available,public,True,processed,Factorising Quadratics
3kE_Q-JdlO4,GCSE Maths - Factorising Quadratics - Part 1 - (When the x² Coefficient is 1) (2026/27 exams),Cognito,Year 10_14-15_Autumn_Foundation_Quadratic expressions and equations_3_Factorise quadratic expressions,Factorise quadratic expressions,current_1,available,public,True,processed,GCSE Maths - Factorising Quadratics - Part 1 - (When the x² Coefficient is 1) (2026/27 exams)
UANzjP8_6qk,Solving Quadratic Equation,Mometrix_Academy,Year 10_14-15_Autumn_Foundation_Quadratic expressions and equations_3_Factorise quadratic expressions,Factorise quadratic expressions,current_2,available,public,True,processed,Solving Quadratic Equation
D3a8NnpQ2vU,Factoring quadratics as (x+a)(x+b) | Mathematics II | High School Math | Khan Academy,Khan_Academy,Year 10_14-15_Autumn_Foundation_Quadratic expressions and equations_3_Factorise quadratic expressions,Factorise quadratic expressions,current_3,available,public,True,processed,Factoring quadratics as (x+a)(x+b) | Mathematics II | High School Math | Khan Academy
JmyBxpYPIS0,GCSE Maths - What is Difference of Two Squares (DOTS) (2026/27 exams),Cognito,Year 10_14-15_Autumn_Foundation_Quadratic expressions and equations_4_Difference of two squares (E),Difference of two squares (E),current_1,available,public,True,processed,GCSE Maths - What is Difference of Two Squares (DOTS) (2026/27 exams)
ung9yRm0nOM,GCSE Factorising into Brackets: Difference of Two Squares - Adam Maths Tutor,Adam_Maths_Tutor,Year 10_14-15_Autumn_Foundation_Quadratic expressions and equations_4_Difference of two squares (E),Difference of two squares (E),current_2,available,public,True,processed,GCSE Factorising into Brackets: Difference of Two Squares - Adam Maths Tutor
d4_zjhrE5Oc,Factoring the Difference of Squares,Mometrix_Academy,Year 10_14-15_Autumn_Foundation_Quadratic expressions and equations_4_Difference of two squares (E),Difference of two squares (E),current_3,available,public,True,processed,Factoring the Difference of Squares
JGYf8hc_vkE,Solving by Factoring - Solve Quadratics Using the Zero Product Property,Miacademy_&_MiaPrep_Learning_Channel,Year 10_14-15_Autumn_Foundation_Quadratic expressions and equations_5_Solve quadratic equations equal to 0,Solve quadratic equations equal to 0,current_3,available,public,True,processed,Solving by Factoring - Solve Quadratics Using the Zero Product Property
vjcLvmxpA3g,How to solve quadratic equations by factorising. Easy guide for GCSE maths,SecondarySTEM,Year 10_14-15_Autumn_Foundation_Quadratic expressions and equations_6_Solve quadratic equations by factorisation,Solve quadratic equations by factorisation,current_2,available,public,True,processed,How to solve quadratic equations by factorising. Easy guide for GCSE maths
Dz5IELi-Jjk,Zeros of Factored Polynomials - Find x-Intercepts by Solving Factors,Miacademy_&_MiaPrep_Learning_Channel,Year 10_14-15_Autumn_Foundation_Quadratic expressions and equations_6_Solve quadratic equations by factorisation,Solve quadratic equations by factorisation,current_3,available,public,True,processed,Zeros of Factored Polynomials - Find x-Intercepts by Solving Factors
qveAZLu2xFA,Quadratic Graphs - GCSE Maths,1st_Class_Maths,Year 10_14-15_Autumn_Foundation_Quadratic expressions and equations_7_Quadratic graphs of the form y = x2 + a,Quadratic graphs of the form y = x2 + a,current_1,available,public,True,processed,Quadratic Graphs - GCSE Maths
xSpFz8JDbZk,Intro to Quadratic Functions (Relations) - Nerdstudy,Nerdstudy,Year 10_14-15_Autumn_Foundation_Quadratic expressions and equations_7_Quadratic graphs of the form y = x2 + a,Quadratic graphs of the form y = x2 + a,current_2,available,public,True,processed,Intro to Quadratic Functions (Relations) - Nerdstudy
hkd17YGhIX0,Quadratic Graphs - GCSE Maths,JED_Maths,Year 10_14-15_Autumn_Foundation_Quadratic expressions and equations_7_Quadratic graphs of the form y = x2 + a,Quadratic graphs of the form y = x2 + a,current_3,available,public,True,processed,Quadratic Graphs - GCSE Maths
pSKJMIJct_I,Writing and Simplifying a Ratio - GCSE Maths,1st_Class_Maths,Year 10_14-15_Autumn_Foundation_Ratio and scale_1_Equivalent ratios,Equivalent ratios,current_1,available,public,True,processed,Writing and Simplifying a Ratio - GCSE Maths
etPtVPhmce4,Equivalent Ratios - Simplifying and Using Ratio Tables,Miacademy_&_MiaPrep_Learning_Channel,Year 10_14-15_Autumn_Foundation_Ratio and scale_1_Equivalent ratios,Equivalent ratios,current_2,deleted,deleted,False,deleted,
xbsmNadT8N4,Equivalent Ratios | Math with Mr. J,Math_with_Mr._J,Year 10_14-15_Autumn_Foundation_Ratio and scale_1_Equivalent ratios,Equivalent ratios,current_3,available,public,True,processed,Equivalent Ratios | Math with Mr. J
_-Fw3970I7c,Sharing In A Given Ratio,Minity_Maths,Year 10_14-15_Autumn_Foundation_Ratio and scale_2_Share in a ratio (whole given),Share in a ratio (whole given),current_1,available,public,True,processed,Sharing In A Given Ratio
RePoSTH5Tkg,GCSE Maths - Proportional division (2026/27 exams),Cognito,Year 10_14-15_Autumn_Foundation_Ratio and scale_2_Share in a ratio (whole given),Share in a ratio (whole given),current_2,available,public,True,processed,GCSE Maths - Proportional division (2026/27 exams)
SJhomYlGPZ8,Given Two Ratios - Corbettmaths,corbettmaths,Year 10_14-15_Autumn_Foundation_Ratio and scale_5_Combine a set of ratios (E),Combine a set of ratios (E),current_1,available,public,True,processed,Given Two Ratios - Corbettmaths
RtxHlDvKvEo,Algebra word problems,Maths_4_Kids,Year 10_14-15_Autumn_Foundation_Ratio and scale_6_Share in a ratio (algebraically) (E),Share in a ratio (algebraically) (E),current_1,available,public,True,processed,Algebra word problems
q9OWPSkY1p4,Ratio Problems (Solving by Two Methods),Eddie_Woo,Year 10_14-15_Autumn_Foundation_Ratio and scale_6_Share in a ratio (algebraically) (E),Share in a ratio (algebraically) (E),current_2,available,public,True,processed,Ratio Problems (Solving by Two Methods)
UCvK1j6n00Q,Ratios: Word Problems,Mometrix_Academy,Year 10_14-15_Autumn_Foundation_Ratio and scale_6_Share in a ratio (algebraically) (E),Share in a ratio (algebraically) (E),current_3,available,public,True,processed,Ratios: Word Problems
IRzBzuZ31QI,"7th Grade Math 8.1b, Finding Length, Width, and Area of Scale Drawings",JoAnn's_School,Year 10_14-15_Autumn_Foundation_Ratio and scale_7_Ratios and scales,Ratios and scales,current_1,available,public,True,processed,"7th Grade Math 8.1b, Finding Length, Width, and Area of Scale Drawings"
6XpBX-7cDPE,GCSE Maths - Using Scales on Maps and Scale Diagrams (2026/27 exams),Cognito,Year 10_14-15_Autumn_Foundation_Ratio and scale_7_Ratios and scales,Ratios and scales,current_2,available,public,True,processed,GCSE Maths - Using Scales on Maps and Scale Diagrams (2026/27 exams)
K4npUlzMerE,Teaching Conversions of Metric Length (extended version),Professor_Pete's_Classroom,Year 10_14-15_Autumn_Foundation_Ratio and scale_7_Ratios and scales,Ratios and scales,current_3,available,public,True,processed,Teaching Conversions of Metric Length (extended version)
kwgeHT6pB7k,Multiplying Whole Numbers and Fractions: Part 1 - Fractions Greater Than and Less Than 1,Miacademy_&_MiaPrep_Learning_Channel,Year 10_14-15_Autumn_Foundation_Work with fractions_1_Fraction of an amount,Fraction of an amount,current_1,available,public,True,processed,Multiplying Whole Numbers and Fractions: Part 1 - Fractions Greater Than and Less Than 1
YKFN465SKzk,Y2 - Maths - Fractions  - Finding quarters of an amount,St_Alban's_CofE_Academy,Year 10_14-15_Autumn_Foundation_Work with fractions_1_Fraction of an amount,Fraction of an amount,current_2,available,public,True,processed,Y2 - Maths - Fractions  - Finding quarters of an amount
7Q0ozNp7SDs,"3rd Grade Math 8.9, Word Problem Solving, Find the Whole Group Using Unit Fractions",JoAnn's_School,Year 10_14-15_Autumn_Foundation_Work with fractions_1_Fraction of an amount,Fraction of an amount,current_3,available,public,True,processed,"3rd Grade Math 8.9, Word Problem Solving, Find the Whole Group Using Unit Fractions"
bccxOQ4sk7Q,"Grade 7 Math  5.1C, Using a percent of change",JoAnn's_School,Year 10_14-15_Autumn_Foundation_Work with fractions_2_Increase or decrease an amount by a fraction,Increase or decrease an amount by a fraction,current_2,available,public,True,processed,"Grade 7 Math  5.1C, Using a percent of change"
Md4Oeb_xDUk,How to Find Fractions of Amounts (Step-by-Step Guide),Maths_with_Mrs_B,Year 10_14-15_Autumn_Foundation_Work with fractions_2_Increase or decrease an amount by a fraction,Increase or decrease an amount by a fraction,current_3,available,public,True,processed,How to Find Fractions of Amounts (Step-by-Step Guide)
jqghrJCMhYA,Working With Fractions - Identify and Compare Fractions to a Whole,Miacademy_&_MiaPrep_Learning_Channel,Year 10_14-15_Autumn_Foundation_Work with fractions_3_Use a fraction to find the whole,Use a fraction to find the whole,current_1,available,public,True,processed,Working With Fractions - Identify and Compare Fractions to a Whole
o0VfVjWDSXw,Expressing Whole Numbers as Fractions | Math with Mr. J,Math_with_Mr._J,Year 10_14-15_Autumn_Foundation_Work with fractions_3_Use a fraction to find the whole,Use a fraction to find the whole,current_3,available,public,True,processed,Expressing Whole Numbers as Fractions | Math with Mr. J
Ai7MD-Ij7cY,"Equivalent Fractions - Using Multiplication and Division, Modeling Equivalent Fractions",Miacademy_&_MiaPrep_Learning_Channel,Year 10_14-15_Autumn_Foundation_Work with fractions_4_Equivalent fractions and mixed numbers,Equivalent fractions and mixed numbers,current_1,available,public,True,processed,"Equivalent Fractions - Using Multiplication and Division, Modeling Equivalent Fractions"
kBlh7pWSrQk,Compare Improper Fractions & Mixed Numbers Using Mental Math,Genius_Plus_Twins,Year 10_14-15_Autumn_Foundation_Work with fractions_4_Equivalent fractions and mixed numbers,Equivalent fractions and mixed numbers,current_2,available,public,True,processed,Compare Improper Fractions & Mixed Numbers Using Mental Math
qDc_-GTipBk,Math Antics - Working With Parts,mathantics,Year 10_14-15_Autumn_Foundation_Work with fractions_4_Equivalent fractions and mixed numbers,Equivalent fractions and mixed numbers,current_3,available,public,True,processed,Math Antics - Working With Parts
dSuQsjPu7Xo,Adding and Subtracting Fractions With Unlike Denominators - Finding Common Denominators,Miacademy_&_MiaPrep_Learning_Channel,Year 10_14-15_Autumn_Foundation_Work with fractions_5_Add and subtract fractions,Add and subtract fractions,current_1,available,public,True,processed,Adding and Subtracting Fractions With Unlike Denominators - Finding Common Denominators
ry3KQ9F76oo,Ex:  Add and Subtract Fractions with Unlike Denominators (Basic),Mathispower4u,Year 10_14-15_Autumn_Foundation_Work with fractions_5_Add and subtract fractions,Add and subtract fractions,current_2,available,public,True,processed,Ex:  Add and Subtract Fractions with Unlike Denominators (Basic)
RqUPSZLwHH0,Math Antics - Subtracting Mixed Numbers,mathantics,Year 10_14-15_Autumn_Foundation_Work with fractions_5_Add and subtract fractions,Add and subtract fractions,current_3,available,public,True,processed,Math Antics - Subtracting Mixed Numbers
zcKqSDdptHE,How To Multiply Fractions And Mixed Numbers That Feels Like Cheating,Pink_Grade,Year 10_14-15_Autumn_Foundation_Work with fractions_6_Multiply fractions,Multiply fractions,current_2,available,public,True,processed,How To Multiply Fractions And Mixed Numbers That Feels Like Cheating
cwKpKmX3UtQ,"Multiplying Fractions by Fractions, Whole Numbers, and Mixed Numbers | Math with Mr. J",Math_with_Mr._J,Year 10_14-15_Autumn_Foundation_Work with fractions_6_Multiply fractions,Multiply fractions,current_3,available,public,True,processed,"Multiplying Fractions by Fractions, Whole Numbers, and Mixed Numbers | Math with Mr. J"
istQQn2fDV4,"Operations With Fractions Practice - Review Adding, Subtracting, and Multiplying",Miacademy_&_MiaPrep_Learning_Channel,Year 10_14-15_Autumn_Foundation_Work with fractions_8_Solve problems with fractions,Solve problems with fractions,current_1,available,public,True,processed,"Operations With Fractions Practice - Review Adding, Subtracting, and Multiplying"
7RA7AX1x_P4,"4th Grade Math 7.10, Word Problem Solving, Multi-Step with Fractions",JoAnn's_School,Year 10_14-15_Autumn_Foundation_Work with fractions_8_Solve problems with fractions,Solve problems with fractions,current_2,available,public,True,processed,"4th Grade Math 7.10, Word Problem Solving, Multi-Step with Fractions"
fwRRXgrwxcw,Multiplying and Dividing Fractions - Sixth-Grade Math Practice,Miacademy_&_MiaPrep_Learning_Channel,Year 10_14-15_Autumn_Foundation_Work with fractions_8_Solve problems with fractions,Solve problems with fractions,current_3,available,public,True,processed,Multiplying and Dividing Fractions - Sixth-Grade Math Practice
VgzPfklDku0,Rearranging tricky formulae for GCSE maths,Maths_Kitchen,Year 10_14-15_Autumn_Higher_Algebraic manipulation_5_Factorise into a single bracket,Factorise into a single bracket,current_2,available,public,True,processed,Rearranging tricky formulae for GCSE maths
5lcefrczJlE,GCSE Maths - Rearranging Formulas Part 2 - When The Subject Appears Twice (2026/27 exams),Cognito,Year 10_14-15_Autumn_Higher_Equations inequalities and formulae_10_Change the subject where the subject appears more than once (E),Change the subject where the subject appears more than once (E),current_2,available,public,True,processed,GCSE Maths - Rearranging Formulas Part 2 - When The Subject Appears Twice (2026/27 exams)
zLXZ9JoOq84,GCSE Maths - How to Solve Algebraic Equations (Part 3 of 3) (2026/27 exams),Cognito,Year 10_14-15_Autumn_Higher_Equations inequalities and formulae_3_Solve equations with unknowns on both sides,Solve equations with unknowns on both sides,current_3,available,public,True,processed,GCSE Maths - How to Solve Algebraic Equations (Part 3 of 3) (2026/27 exams)
RPl83krf45w,Keeping Inequalities True - How To Solve Inequalities With Negative Coefficients,Miacademy_&_MiaPrep_Learning_Channel,Year 10_14-15_Autumn_Higher_Equations inequalities and formulae_5_Solve inequalities,Solve inequalities,current_2,available,public,True,processed,Keeping Inequalities True - How To Solve Inequalities With Negative Coefficients
IEmu3B9lIDs,Inequalities With Variables - How To Graph and Write Inequalities,Miacademy_&_MiaPrep_Learning_Channel,Year 10_14-15_Autumn_Higher_Equations inequalities and formulae_6_Represent solutions to inequalities using set notation (E),Represent solutions to inequalities using set notation (E),current_1,available,public,True,processed,Inequalities With Variables - How To Graph and Write Inequalities
qzpoN1NAcng,"Algebra II  2.4c, Addition Property of Inequality Theorem",JoAnn's_School,Year 10_14-15_Autumn_Higher_Equations inequalities and formulae_6_Represent solutions to inequalities using set notation (E),Represent solutions to inequalities using set notation (E),current_3,available,public,True,processed,"Algebra II  2.4c, Addition Property of Inequality Theorem"
MTxNPBupKMo,GCSE Maths - Percentage Increase and Decrease (Multiplier Method) (2026/27 exams),Cognito,Year 10_14-15_Autumn_Higher_Percentages_2_Percentage increase and decrease,Percentage increase and decrease,current_2,available,public,True,processed,GCSE Maths - Percentage Increase and Decrease (Multiplier Method) (2026/27 exams)
hd7AP5w_ydQ,Completing the Square: Part 1 – Step-by-Step Quadratic Solutions,Miacademy_&_MiaPrep_Learning_Channel,Year 10_14-15_Autumn_Higher_Quadratic expressions and equations_10_Solve quadratic equations by completing the square (E),Solve quadratic equations by completing the square (E),current_1,available,public,True,processed,Completing the Square: Part 1 – Step-by-Step Quadratic Solutions
TOLeBFIw2Ow,Solving Equations by Completing the Square,Miacademy_&_MiaPrep_Learning_Channel,Year 10_14-15_Autumn_Higher_Quadratic expressions and equations_10_Solve quadratic equations by completing the square (E),Solve quadratic equations by completing the square (E),current_2,available,public,True,processed,Solving Equations by Completing the Square
Hzot__hlFhs,Completing the Square: Part 2 - Solve Any Quadratic Equation,Miacademy_&_MiaPrep_Learning_Channel,Year 10_14-15_Autumn_Higher_Quadratic expressions and equations_10_Solve quadratic equations by completing the square (E),Solve quadratic equations by completing the square (E),current_3,available,public,True,processed,Completing the Square: Part 2 - Solve Any Quadratic Equation
C_HiqzYRW1U,Using the Quadratic Formula,Mometrix_Academy,Year 10_14-15_Autumn_Higher_Quadratic expressions and equations_12_Solve quadratic equations using the quadratic formula,Solve quadratic equations using the quadratic formula,current_1,available,public,True,processed,Using the Quadratic Formula
uYjcaHQctic,Quadratic Formula: Part 1 – Use the Formula to Find Solutions,Miacademy_&_MiaPrep_Learning_Channel,Year 10_14-15_Autumn_Higher_Quadratic expressions and equations_12_Solve quadratic equations using the quadratic formula,Solve quadratic equations using the quadratic formula,current_2,available,public,True,processed,Quadratic Formula: Part 1 – Use the Formula to Find Solutions
0BAZH_lAgow,Quadratic Formula,Miacademy_&_MiaPrep_Learning_Channel,Year 10_14-15_Autumn_Higher_Quadratic expressions and equations_12_Solve quadratic equations using the quadratic formula,Solve quadratic equations using the quadratic formula,current_3,available,public,True,processed,Quadratic Formula
CaUgHGV-JdI,Expanding Triple Brackets - GCSE Higher Maths,1st_Class_Maths,Year 10_14-15_Autumn_Higher_Quadratic expressions and equations_1_Expand triple brackets,Expand triple brackets,current_1,available,public,True,processed,Expanding Triple Brackets - GCSE Higher Maths
7PmCEF0_Yrk,GCSE Maths - Expanding Triple Brackets (2026/27 exams),Cognito,Year 10_14-15_Autumn_Higher_Quadratic expressions and equations_1_Expand triple brackets,Expand triple brackets,current_2,available,public,True,processed,GCSE Maths - Expanding Triple Brackets (2026/27 exams)
H1syWtXvu6c,Expanding Three Brackets Explained Clearly,Maths_with_Mrs_B,Year 10_14-15_Autumn_Higher_Quadratic expressions and equations_1_Expand triple brackets,Expand triple brackets,current_3,available,public,True,processed,Expanding Three Brackets Explained Clearly
6El3Py4cQZs,Factorising quadratics - GCSE Maths,JED_Maths,Year 10_14-15_Autumn_Higher_Quadratic expressions and equations_2_Factorise quadratic expressions,Factorise quadratic expressions,current_2,available,public,True,processed,Factorising quadratics - GCSE Maths
4B0hAUn1i_k,Factoring Trinomials of the Form x2+bx+c,Mometrix_Academy,Year 10_14-15_Autumn_Higher_Quadratic expressions and equations_3_Factorise more complex quadratic expressions (E),Factorise more complex quadratic expressions (E),current_2,available,public,True,processed,Factoring Trinomials of the Form x2+bx+c
TK-U1p9O6Nc,Factoring difference of squares: analyzing factorization | High School Math | Khan Academy,Khan_Academy,Year 10_14-15_Autumn_Higher_Quadratic expressions and equations_4_Difference of two squares,Difference of two squares,current_1,available,public,True,processed,Factoring difference of squares: analyzing factorization | High School Math | Khan Academy
Q_LNoCWxA0w,Solving Quadratics by Factorising (single x squared) | Foundation and Higher GCSE | JaggersMaths,Bright_Maths,Year 10_14-15_Autumn_Higher_Quadratic expressions and equations_6_Solve quadratic equations by factorisation,Solve quadratic equations by factorisation,current_3,available,public,True,processed,Solving Quadratics by Factorising (single x squared) | Foundation and Higher GCSE | JaggersMaths
D3GBDMF_L00,How to Solve Quadratic Equations by Factorising | GCSE Maths,AJMaths,Year 10_14-15_Autumn_Higher_Quadratic expressions and equations_7_Solve more complex quadratic equations by factorisation (E),Solve more complex quadratic equations by factorisation (E),current_2,available,public,True,processed,How to Solve Quadratic Equations by Factorising | GCSE Maths
abBgTO8eW-c,Solving Quadratic Equations by Completing the Square - GCSE Higher Maths,1st_Class_Maths,Year 10_14-15_Autumn_Higher_Quadratic expressions and equations_8_Complete the square,Complete the square,current_1,available,public,True,processed,Solving Quadratic Equations by Completing the Square - GCSE Higher Maths
SWtg_lUcDH4,Completing the Square,Mometrix_Academy,Year 10_14-15_Autumn_Higher_Quadratic expressions and equations_8_Complete the square,Complete the square,current_2,available,public,True,processed,Completing the Square
uTrfmTLRv1Q,How Do I Solve Ratio Problems? | KS2 Maths Concept for Kids,Twinkl_Educational_Publishing,"Year 10_14-15_Autumn_Higher_Ratio and scale_2_Share in a ratio (whole, part or difference given)","Share in a ratio (whole, part or difference given)",current_1,available,public,True,processed,How Do I Solve Ratio Problems? | KS2 Maths Concept for Kids
5zvBaTKgcnw,Year 6 Maths - Monday 1st March 2021 - To compare ratios and fractions,Stoke_Damerel_Primary_School,"Year 10_14-15_Autumn_Higher_Ratio and scale_2_Share in a ratio (whole, part or difference given)","Share in a ratio (whole, part or difference given)",current_2,available,public,True,processed,Year 6 Maths - Monday 1st March 2021 - To compare ratios and fractions
pF81Gw36kdU,Lesson: Comparing Numbers,Sjoberg_Math_(Move_Mind_Math),"Year 10_14-15_Autumn_Higher_Ratio and scale_2_Share in a ratio (whole, part or difference given)","Share in a ratio (whole, part or difference given)",current_3,available,public,True,processed,Lesson: Comparing Numbers
ejhYX2cku7o,Working with Ratio - GCSE Maths,1st_Class_Maths,Year 10_14-15_Autumn_Higher_Ratio and scale_4_Combine a set of ratios,Combine a set of ratios,current_2,available,public,True,processed,Working with Ratio - GCSE Maths
Z5VHWuCVypw,"6th Grade Math 6.1b, Equivalent Ratios",JoAnn's_School,Year 10_14-15_Autumn_Higher_Ratio and scale_6_Solve problems with ratio and algebra,Solve problems with ratio and algebra,current_1,available,public,True,processed,"6th Grade Math 6.1b, Equivalent Ratios"
cBJP0ic00G0,Equations of Proportional Relationships - How To Write an Equation for Proportional Relationships,Miacademy_&_MiaPrep_Learning_Channel,Year 10_14-15_Autumn_Higher_Ratio and scale_6_Solve problems with ratio and algebra,Solve problems with ratio and algebra,current_2,available,public,True,processed,Equations of Proportional Relationships - How To Write an Equation for Proportional Relationships
f2kvrjB8AXE,Equivalent Ratios Explained | Finding Equivalent Ratios | Math with Mr. J,Math_with_Mr._J,Year 10_14-15_Autumn_Higher_Ratio and scale_6_Solve problems with ratio and algebra,Solve problems with ratio and algebra,current_3,available,public,True,processed,Equivalent Ratios Explained | Finding Equivalent Ratios | Math with Mr. J
b7UT0JoG2o8,Algebraic Fractions (Equations) - GCSE Higher Maths,1st_Class_Maths,Year 10_14-15_Autumn_Higher_Work with fractions_10_Solve equations with algebraic fractions (E),Solve equations with algebraic fractions (E),current_1,available,public,True,processed,Algebraic Fractions (Equations) - GCSE Higher Maths
sIdUDkdMVQw,Fractions Division,Let's_Do_Math,Year 10_14-15_Autumn_Higher_Work with fractions_2_Multiply and divide fractions,Multiply and divide fractions,current_2,available,public,True,processed,Fractions Division
8yQT9oDvSVw,Mixed Numbers - Multiply and Divide Fractions for Sixth Grade,Miacademy_&_MiaPrep_Learning_Channel,Year 10_14-15_Autumn_Higher_Work with fractions_2_Multiply and divide fractions,Multiply and divide fractions,current_3,available,public,True,processed,Mixed Numbers - Multiply and Divide Fractions for Sixth Grade
PnMVygBu8Dc,Adding and Subtracting Rational Expressions: Simple Denominators - Intro to Like Terms,Miacademy_&_MiaPrep_Learning_Channel,Year 10_14-15_Autumn_Higher_Work with fractions_4_Add and subtract algebraic fractions,Add and subtract algebraic fractions,current_1,available,public,True,processed,Adding and Subtracting Rational Expressions: Simple Denominators - Intro to Like Terms
bX1pSA_k39M,Adding & Subtracting Algebraic Fractions,My_Maths_Guy,Year 10_14-15_Autumn_Higher_Work with fractions_4_Add and subtract algebraic fractions,Add and subtract algebraic fractions,current_2,available,public,True,processed,Adding & Subtracting Algebraic Fractions
hi3-rxDUweI,An introduction to adding and subtracting algebraic fractions,Mark_Lehain,Year 10_14-15_Autumn_Higher_Work with fractions_4_Add and subtract algebraic fractions,Add and subtract algebraic fractions,current_3,available,public,True,processed,An introduction to adding and subtracting algebraic fractions
YtHMjuB9f_g,Algebraic Fractions (Operations) - GCSE Higher Maths,1st_Class_Maths,Year 10_14-15_Autumn_Higher_Work with fractions_5_Multiply algebraic fractions,Multiply algebraic fractions,current_1,available,public,True,processed,Algebraic Fractions (Operations) - GCSE Higher Maths
6sJKiwo5un0,"Multiplying and Dividing Fractions Wrap-Up - Modeling, Multiplying Across, and Using Reciprocals",Miacademy_&_MiaPrep_Learning_Channel,Year 10_14-15_Autumn_Higher_Work with fractions_5_Multiply algebraic fractions,Multiply algebraic fractions,current_2,available,public,True,processed,"Multiplying and Dividing Fractions Wrap-Up - Modeling, Multiplying Across, and Using Reciprocals"
2pKrSEVk-Uk,Algebraic Fractions (Simplifying) - GCSE Higher Maths,1st_Class_Maths,Year 10_14-15_Autumn_Higher_Work with fractions_7_Simplify algebraic fractions by factorising,Simplify algebraic fractions by factorising,current_1,available,public,True,processed,Algebraic Fractions (Simplifying) - GCSE Higher Maths
nmINoGS5A5M,The Maths Prof: Simplifying Algebraic Fractions,The_Maths_Prof,Year 10_14-15_Autumn_Higher_Work with fractions_7_Simplify algebraic fractions by factorising,Simplify algebraic fractions by factorising,current_2,available,public,True,processed,The Maths Prof: Simplifying Algebraic Fractions
AtBUQH8Tkqc,Math Antics - Simplifying Fractions,mathantics,Year 10_14-15_Autumn_Higher_Work with fractions_7_Simplify algebraic fractions by factorising,Simplify algebraic fractions by factorising,current_3,available,public,True,processed,Math Antics - Simplifying Fractions
OMkiC47_IuM,Adding and Subtracting Algebraic Fractions,My_Maths_Guy,Year 10_14-15_Autumn_Higher_Work with fractions_8_Add and subtract more complex algebraic fractions (E),Add and subtract more complex algebraic fractions (E),current_1,available,public,True,processed,Adding and Subtracting Algebraic Fractions
awQRIdcTIvo,Adding and subtracting algebraic fractions (same and different denominator examples),THE_ANALYST,Year 10_14-15_Autumn_Higher_Work with fractions_8_Add and subtract more complex algebraic fractions (E),Add and subtract more complex algebraic fractions (E),current_2,available,public,True,processed,Adding and subtracting algebraic fractions (same and different denominator examples)
wYK0X8XvJjE,Multiplying Algebraic Fractions,The_Organic_Chemistry_Tutor,Year 10_14-15_Autumn_Higher_Work with fractions_9_Multiply and divide more complex algebraic fractions (E),Multiply and divide more complex algebraic fractions (E),current_1,available,public,True,processed,Multiplying Algebraic Fractions
lUXNr_1jyXg,Edexcel A level Maths: 1.2 Algebraic Fractions (Adding/Subtracting/Multiplying/Dividing),Zeeshan_Zamurred,Year 10_14-15_Autumn_Higher_Work with fractions_9_Multiply and divide more complex algebraic fractions (E),Multiply and divide more complex algebraic fractions (E),current_2,available,public,True,processed,Edexcel A level Maths: 1.2 Algebraic Fractions (Adding/Subtracting/Multiplying/Dividing)
12-NZvKqzys,"Median, Mode, Range, and Outliers: Part 1 - Determining the Mode, Range, and Outliers",Miacademy_&_MiaPrep_Learning_Channel,Year 10_14-15_Spring_Foundation_Interpret and represent data_1_Averages and range,Averages and range,current_1,available,public,True,processed,"Median, Mode, Range, and Outliers: Part 1 - Determining the Mode, Range, and Outliers"
MgwdxJzAqYo,Averages and The Range - GCSE Maths,1st_Class_Maths,Year 10_14-15_Spring_Foundation_Interpret and represent data_1_Averages and range,Averages and range,current_2,available,public,True,processed,Averages and The Range - GCSE Maths
ZzxkTzvAooM,"How To Find The Mean, Median, Mode and Range",Minity_Maths,Year 10_14-15_Spring_Foundation_Interpret and represent data_1_Averages and range,Averages and range,current_3,available,public,True,processed,"How To Find The Mean, Median, Mode and Range"
JxayrcxkXvc,"Mean, Median, Mode, and Range - Learn These Key Math Skills!",Miacademy_&_MiaPrep_Learning_Channel,Year 10_14-15_Spring_Foundation_Interpret and represent data_2_Averages from an ungrouped frequency table,Averages from an ungrouped frequency table,current_1,available,public,True,processed,"Mean, Median, Mode, and Range - Learn These Key Math Skills!"
K3VpUx_BHjc,"Frequency Tables: Mean, Median & Mode | GCSE Maths | Addvance Maths 😊➕",Addvance_Maths,Year 10_14-15_Spring_Foundation_Interpret and represent data_2_Averages from an ungrouped frequency table,Averages from an ungrouped frequency table,current_2,available,public,True,processed,"Frequency Tables: Mean, Median & Mode | GCSE Maths | Addvance Maths 😊➕"
FM7Q2yVLZIc,"Analyzing Sets of Data: Range, Mean, Median, and Mode",Professor_Dave_Explains,Year 10_14-15_Spring_Foundation_Interpret and represent data_2_Averages from an ungrouped frequency table,Averages from an ungrouped frequency table,current_3,available,public,True,processed,"Analyzing Sets of Data: Range, Mean, Median, and Mode"
dL66eay2DyA,Finding the Mean from a Grouped Frequency Table | GCSE Maths,JP_Maths_Revision,Year 10_14-15_Spring_Foundation_Interpret and represent data_3_Mean from a grouped frequency table,Mean from a grouped frequency table,current_1,available,public,True,processed,Finding the Mean from a Grouped Frequency Table | GCSE Maths
nil7xqu6f7o,"Find the Mean of Grouped Data | Statistics, Grouped Frequency Tables",Wrath_of_Math,Year 10_14-15_Spring_Foundation_Interpret and represent data_3_Mean from a grouped frequency table,Mean from a grouped frequency table,current_2,available,public,True,processed,"Find the Mean of Grouped Data | Statistics, Grouped Frequency Tables"
KwpcKCX51ro,Estimated Means from Grouped Data - Corbettmaths,corbettmaths,Year 10_14-15_Spring_Foundation_Interpret and represent data_3_Mean from a grouped frequency table,Mean from a grouped frequency table,current_3,available,public,True,processed,Estimated Means from Grouped Data - Corbettmaths
TIYN-FFuN6Y,"Mean, Median & Mode for a Grouped Frequency Data Table | Statistics",Brain_Station,Year 10_14-15_Spring_Foundation_Interpret and represent data_4_Averages from a grouped frequency table,Averages from a grouped frequency table,current_1,available,public,True,processed,"Mean, Median & Mode for a Grouped Frequency Data Table | Statistics"
FV25grq6j0A,Comparing Datasets using the Mean and Range | GCSE Mathematics | Mr Mathematics,Jonathan_Robinson,Year 10_14-15_Spring_Foundation_Interpret and represent data_5_Use data to compare distributions (E),Use data to compare distributions (E),current_1,available,public,True,processed,Comparing Datasets using the Mean and Range | GCSE Mathematics | Mr Mathematics
IUujxfDWJkU,"Measures of Dispersion - How To Calculate Range, IQR, and Standard Deviation",Miacademy_&_MiaPrep_Learning_Channel,Year 10_14-15_Spring_Foundation_Interpret and represent data_5_Use data to compare distributions (E),Use data to compare distributions (E),current_2,available,public,True,processed,"Measures of Dispersion - How To Calculate Range, IQR, and Standard Deviation"
ivR2gECWRMw,Comparing data with the average and range,Jamie_Casey,Year 10_14-15_Spring_Foundation_Interpret and represent data_5_Use data to compare distributions (E),Use data to compare distributions (E),current_3,available,public,True,processed,Comparing data with the average and range
hcgThf5mv38,Math Antics - Data And Graphs,mathantics,Year 10_14-15_Spring_Foundation_Interpret and represent data_6_Types of data,Types of data,current_1,available,public,True,processed,Math Antics - Data And Graphs
sTFZsMqSFKk,Statistical Questions - Types of Data and Questions Explained,Miacademy_&_MiaPrep_Learning_Channel,Year 10_14-15_Spring_Foundation_Interpret and represent data_6_Types of data,Types of data,current_2,available,public,True,processed,Statistical Questions - Types of Data and Questions Explained
5rUVYWfZOb8,Qualitative and Quantitative,The_Organic_Chemistry_Tutor,Year 10_14-15_Spring_Foundation_Interpret and represent data_6_Types of data,Types of data,current_3,available,public,True,processed,Qualitative and Quantitative
cYQgMb-oAhs,Sampling Methods - Choosing a Sampling Method and Determining Bias,Miacademy_&_MiaPrep_Learning_Channel,Year 10_14-15_Spring_Foundation_Interpret and represent data_7_Sampling,Sampling,current_1,available,public,True,processed,Sampling Methods - Choosing a Sampling Method and Determining Bias
hESRRI3pOd8,"Grade 7 Math #10.1, Random and Non-random Sampling",JoAnn's_School,Year 10_14-15_Spring_Foundation_Interpret and represent data_7_Sampling,Sampling,current_2,available,public,True,processed,"Grade 7 Math #10.1, Random and Non-random Sampling"
6VGtdizruDw,Collecting and using data (Year 10),Hakea_Math_&_Science,Year 10_14-15_Spring_Foundation_Interpret and represent data_7_Sampling,Sampling,current_3,available,public,True,processed,Collecting and using data (Year 10)
l3nu59s31uI,"Scatter Graphs: Introduction, Correlation, and Line of Best Fit",Minity_Maths,Year 10_14-15_Spring_Foundation_Interpret and represent data_8_Scatter graphs,Scatter graphs,current_1,available,public,True,processed,"Scatter Graphs: Introduction, Correlation, and Line of Best Fit"
upseC-rZ5QI,Correlation and Regression Lines - Year 1 Statistics [A-level],1st_Class_Maths,Year 10_14-15_Spring_Foundation_Interpret and represent data_8_Scatter graphs,Scatter graphs,current_2,available,public,True,processed,Correlation and Regression Lines - Year 1 Statistics [A-level]
9WipmyPOOzQ,Interpreting Scatterplots: Part 2 - Linear and Nonlinear Association,Miacademy_&_MiaPrep_Learning_Channel,Year 10_14-15_Spring_Foundation_Interpret and represent data_8_Scatter graphs,Scatter graphs,current_3,available,public,True,processed,Interpreting Scatterplots: Part 2 - Linear and Nonlinear Association
_DfBgj1gJHQ,"8th Grade Math 14.2c, Making Predictions from a Trend Line",JoAnn's_School,Year 10_14-15_Spring_Foundation_Interpret and represent data_9_Interpolation and extrapolation (E),Interpolation and extrapolation (E),current_1,available,public,True,processed,"8th Grade Math 14.2c, Making Predictions from a Trend Line"
fu8LHxufs7I,Interpreting Basic Bivariate Data,Eddie_Woo,Year 10_14-15_Spring_Foundation_Interpret and represent data_9_Interpolation and extrapolation (E),Interpolation and extrapolation (E),current_2,available,public,True,processed,Interpreting Basic Bivariate Data
wF7MvBUqH58,"Place Value to the Hundredths - How To Read, Write, and Represent Decimals to the Hundredths Place",Miacademy_&_MiaPrep_Learning_Channel,Year 10_14-15_Spring_Foundation_Non-calculator methods_1_Place value for integers and decimals,Place value for integers and decimals,current_1,available,public,True,processed,"Place Value to the Hundredths - How To Read, Write, and Represent Decimals to the Hundredths Place"
KG6ILNOiMgM,Math Antics - Decimal Place Value,mathantics,Year 10_14-15_Spring_Foundation_Non-calculator methods_1_Place value for integers and decimals,Place value for integers and decimals,current_2,available,public,True,processed,Math Antics - Decimal Place Value
x-Dqe5U1TXA,Decimal place value | Decimals | Pre-Algebra | Khan Academy,Khan_Academy,Year 10_14-15_Spring_Foundation_Non-calculator methods_1_Place value for integers and decimals,Place value for integers and decimals,current_3,available,public,True,processed,Decimal place value | Decimals | Pre-Algebra | Khan Academy
bg3FTgTmfkE,Comparing & Ordering Three-Digit Numbers,Miacademy_&_MiaPrep_Learning_Channel,Year 10_14-15_Spring_Foundation_Non-calculator methods_2_Compare and order numbers,Compare and order numbers,current_1,available,public,True,processed,Comparing & Ordering Three-Digit Numbers
TOrcUx0wDDQ,Comparing Whole Numbers - Math Antics Extras,mathantics,Year 10_14-15_Spring_Foundation_Non-calculator methods_2_Compare and order numbers,Compare and order numbers,current_2,available,public,True,processed,Comparing Whole Numbers - Math Antics Extras
CrZd53wLIS0,"4th Grade Math 1.3, Compare and Order Numbers, Less Than, Greater Than, Equal To",JoAnn's_School,Year 10_14-15_Spring_Foundation_Non-calculator methods_2_Compare and order numbers,Compare and order numbers,current_3,available,public,True,processed,"4th Grade Math 1.3, Compare and Order Numbers, Less Than, Greater Than, Equal To"
gtdTBOs9MBc,Adding and Subtracting Decimals and Whole Numbers | Math with Mr. J,Math_with_Mr._J,Year 10_14-15_Spring_Foundation_Non-calculator methods_3_Add and subtract integers and decimals,Add and subtract integers and decimals,current_1,available,public,True,processed,Adding and Subtracting Decimals and Whole Numbers | Math with Mr. J
yDy4VGs4Tbs,Adding and Subtracting Decimals With Negatives - Rational Number Operations,Miacademy_&_MiaPrep_Learning_Channel,Year 10_14-15_Spring_Foundation_Non-calculator methods_3_Add and subtract integers and decimals,Add and subtract integers and decimals,current_2,available,public,True,processed,Adding and Subtracting Decimals With Negatives - Rational Number Operations
qX2q39Khp6w,How to Subtract Rational Numbers that are Decimals! | 7.NS.A.1 | Grade 7 Math 💚,The_Magic_of_Math,Year 10_14-15_Spring_Foundation_Non-calculator methods_3_Add and subtract integers and decimals,Add and subtract integers and decimals,current_3,available,public,True,processed,How to Subtract Rational Numbers that are Decimals! | 7.NS.A.1 | Grade 7 Math 💚
w0qxujx-L3A,Multiplying Decimals With Matching Place Values - Find the Product and Place the Decimal,Miacademy_&_MiaPrep_Learning_Channel,Year 10_14-15_Spring_Foundation_Non-calculator methods_4_Multiply and divide integers and decimals,Multiply and divide integers and decimals,current_1,available,public,True,processed,Multiplying Decimals With Matching Place Values - Find the Product and Place the Decimal
3mkSL5wg844,Multiplying Decimals Without A Calculator,Minity_Maths,Year 10_14-15_Spring_Foundation_Non-calculator methods_4_Multiply and divide integers and decimals,Multiply and divide integers and decimals,current_2,available,public,True,processed,Multiplying Decimals Without A Calculator
MRgpdWbHgm0,"5th Grade Math 4.4, Multiply Decimals by Whole Numbers Using Expanded Form & Area Models",JoAnn's_School,Year 10_14-15_Spring_Foundation_Non-calculator methods_4_Multiply and divide integers and decimals,Multiply and divide integers and decimals,current_3,available,public,True,processed,"5th Grade Math 4.4, Multiply Decimals by Whole Numbers Using Expanded Form & Area Models"
-1LjC6W-6ag,Add and Subtract Negative Integers Part 1 - Prealgebra 1 for Kids and Teens!,Miacademy_&_MiaPrep_Learning_Channel,Year 10_14-15_Spring_Foundation_Non-calculator methods_5_Four operations with directed number,Four operations with directed number,current_1,available,public,True,processed,Add and Subtract Negative Integers Part 1 - Prealgebra 1 for Kids and Teens!
uUdVYfD1Jwo,"Integer addition and subtraction on the number line, part 2 (7th grade math/prealgebra)",Maths_4_Kids,Year 10_14-15_Spring_Foundation_Non-calculator methods_5_Four operations with directed number,Four operations with directed number,current_2,available,public,True,processed,"Integer addition and subtraction on the number line, part 2 (7th grade math/prealgebra)"
dQorFeDwocs,"7th Grade Math 1.1b, Adding Integers with the Same Sign on a Number Line",JoAnn's_School,Year 10_14-15_Spring_Foundation_Non-calculator methods_5_Four operations with directed number,Four operations with directed number,current_3,available,public,True,processed,"7th Grade Math 1.1b, Adding Integers with the Same Sign on a Number Line"
mb5ullwmvzs,Introduction to Order of Operations - The Rules of Order in Math,Miacademy_&_MiaPrep_Learning_Channel,Year 10_14-15_Spring_Foundation_Non-calculator methods_6_Order of operations,Order of operations,current_1,available,public,True,processed,Introduction to Order of Operations - The Rules of Order in Math
sFngNWfzOcs,Order of Operations Explained,Minity_Maths,Year 10_14-15_Spring_Foundation_Non-calculator methods_6_Order of operations,Order of operations,current_2,available,public,True,processed,Order of Operations Explained
70cAYYCJBuQ,How to use BODMAS (Order of Operations),Cognito,Year 10_14-15_Spring_Foundation_Non-calculator methods_6_Order of operations,Order of operations,current_3,available,public,True,processed,How to use BODMAS (Order of Operations)
eWR59cOnX-0,Multiplying and Dividing by 9's - Patterns and Fact Families,Miacademy_&_MiaPrep_Learning_Channel,Year 10_14-15_Spring_Foundation_Non-calculator methods_7_Related calculations,Related calculations,current_1,available,public,True,processed,Multiplying and Dividing by 9's - Patterns and Fact Families
XQq2IJlK_OQ,How Do You Multiply Decimals by Integers? | KS2 Maths Concept for Kids,Twinkl_Educational_Publishing,Year 10_14-15_Spring_Foundation_Non-calculator methods_7_Related calculations,Related calculations,current_2,available,public,True,processed,How Do You Multiply Decimals by Integers? | KS2 Maths Concept for Kids
B71mVxB5xTw,"5th Grade Math 1.5, Multiplication Patterns, Powers of 10, and Mental Math",JoAnn's_School,Year 10_14-15_Spring_Foundation_Non-calculator methods_7_Related calculations,Related calculations,current_3,available,public,True,processed,"5th Grade Math 1.5, Multiplication Patterns, Powers of 10, and Mental Math"
6pcCKSXYBgs,"5th Grade Math 4.5, Word Problem Solving, Multiply Money Using Bar Models",JoAnn's_School,Year 10_14-15_Spring_Foundation_Non-calculator methods_8_Solve multi-step problems,Solve multi-step problems,current_2,embedding_disabled,public,False,processed,"5th Grade Math 4.5, Word Problem Solving, Multiply Money Using Bar Models"
xRFLER3II8I,Multiplying and Dividing Decimals Wrap-Up: Solving Word Problems,Miacademy_&_MiaPrep_Learning_Channel,Year 10_14-15_Spring_Foundation_Non-calculator methods_8_Solve multi-step problems,Solve multi-step problems,current_3,available,public,True,processed,Multiplying and Dividing Decimals Wrap-Up: Solving Word Problems
y5mOg_h53J4,Using Quadratic Graphs to Answer Questions,Miacademy_&_MiaPrep_Learning_Channel,Year 10_14-15_Spring_Foundation_Non-linear graphs_1_Quadratic graphs,Quadratic graphs,current_2,available,public,True,processed,Using Quadratic Graphs to Answer Questions
jRXlzXsvv8E,Finding Roots of Quadratic Functions - How To Find the Roots of Quadratic Functions,Miacademy_&_MiaPrep_Learning_Channel,Year 10_14-15_Spring_Foundation_Non-linear graphs_2_Intercepts and roots of quadratic graphs (E),Intercepts and roots of quadratic graphs (E),current_1,available,public,True,processed,Finding Roots of Quadratic Functions - How To Find the Roots of Quadratic Functions
nGpVdHnF5Uk,Quadratic Graphs for A Level Maths - 5 Minute Masterclass!,Save_My_Exams,Year 10_14-15_Spring_Foundation_Non-linear graphs_2_Intercepts and roots of quadratic graphs (E),Intercepts and roots of quadratic graphs (E),current_2,available,public,True,processed,Quadratic Graphs for A Level Maths - 5 Minute Masterclass!
uKRcGzChyus,Solutions of a Quadratic on a Graph,Mometrix_Academy,Year 10_14-15_Spring_Foundation_Non-linear graphs_2_Intercepts and roots of quadratic graphs (E),Intercepts and roots of quadratic graphs (E),current_3,available,public,True,processed,Solutions of a Quadratic on a Graph
uOLCf8uqrWM,Plot Cubic Curves | Graphs | Maths | FuseSchool,FuseSchool_-_Global_Education,Year 10_14-15_Spring_Foundation_Non-linear graphs_3_Cubic graphs,Cubic graphs,current_1,available,public,True,processed,Plot Cubic Curves | Graphs | Maths | FuseSchool
wCA1VskgTag,GCSE Maths - What are Cubic Graphs & How to Plot Them (2026/27 exams),Cognito,Year 10_14-15_Spring_Foundation_Non-linear graphs_3_Cubic graphs,Cubic graphs,current_2,available,public,True,processed,GCSE Maths - What are Cubic Graphs & How to Plot Them (2026/27 exams)
6rUoChk1awg,Draw Cubic Graph Grade 12,Kevinmathscience,Year 10_14-15_Spring_Foundation_Non-linear graphs_3_Cubic graphs,Cubic graphs,current_3,available,public,True,processed,Draw Cubic Graph Grade 12
3_XHTl7A9J4,Solving Equations Graphically - Using Graphs To Find Solutions,Miacademy_&_MiaPrep_Learning_Channel,Year 10_14-15_Spring_Foundation_Non-linear graphs_4_Approximate solutions to equations using graphs (E),Approximate solutions to equations using graphs (E),current_1,available,public,True,processed,Solving Equations Graphically - Using Graphs To Find Solutions
_ks2K1FuB80,Solving Quadratics Graphically 2 - Corbettmaths,corbettmaths,Year 10_14-15_Spring_Foundation_Non-linear graphs_4_Approximate solutions to equations using graphs (E),Approximate solutions to equations using graphs (E),current_2,available,public,True,processed,Solving Quadratics Graphically 2 - Corbettmaths
9xRkoYbXOaU,Graphical method of finding roots : ExamSolutions,ExamSolutions,Year 10_14-15_Spring_Foundation_Non-linear graphs_4_Approximate solutions to equations using graphs (E),Approximate solutions to equations using graphs (E),current_3,available,public,True,processed,Graphical method of finding roots : ExamSolutions
s-uZUYob4Bc,Surface Area of Prisms - Geometry in 3D,Miacademy_&_MiaPrep_Learning_Channel,Year 10_14-15_Spring_Foundation_Perimeter area and volume_10_Surface area of a prism,Surface area of a prism,current_1,available,public,True,processed,Surface Area of Prisms - Geometry in 3D
31Rt7OXQYI8,Surface Area of Triangular Prism,Math_Grizz,Year 10_14-15_Spring_Foundation_Perimeter area and volume_10_Surface area of a prism,Surface area of a prism,current_2,available,public,True,processed,Surface Area of Triangular Prism
918qWRjICbs,How to Find the Surface Area of a Triangular Prism | Math with Mr. J,Math_with_Mr._J,Year 10_14-15_Spring_Foundation_Perimeter area and volume_10_Surface area of a prism,Surface area of a prism,current_3,available,public,True,processed,How to Find the Surface Area of a Triangular Prism | Math with Mr. J
XSiSjqgNd8k,Identifying Shapes - Learn About 2D and 3D Shapes,Miacademy_&_MiaPrep_Learning_Channel,Year 10_14-15_Spring_Foundation_Perimeter area and volume_1_Name 2-D and 3-D shapes,Name 2-D and 3-D shapes,current_1,available,public,True,processed,Identifying Shapes - Learn About 2D and 3D Shapes
qJwecTgce6c,Math Antics - Volume,mathantics,Year 10_14-15_Spring_Foundation_Perimeter area and volume_1_Name 2-D and 3-D shapes,Name 2-D and 3-D shapes,current_2,available,public,True,processed,Math Antics - Volume
DyCVmKUGz2I,Learn all about basic solid shapes!,Mr._Tom_Teaches_Again,Year 10_14-15_Spring_Foundation_Perimeter area and volume_1_Name 2-D and 3-D shapes,Name 2-D and 3-D shapes,current_3,available,public,True,processed,Learn all about basic solid shapes!
AAY1bsazcgM,Math Antics - Perimeter,mathantics,Year 10_14-15_Spring_Foundation_Perimeter area and volume_2_Perimeter of a 2-D shape,Perimeter of a 2-D shape,current_1,available,public,True,processed,Math Antics - Perimeter
xPg9FsxRPQc,"Parallelograms, Rectangles, and Squares - Calculating Perimeter and Area",Miacademy_&_MiaPrep_Learning_Channel,Year 10_14-15_Spring_Foundation_Perimeter area and volume_2_Perimeter of a 2-D shape,Perimeter of a 2-D shape,current_2,available,public,True,processed,"Parallelograms, Rectangles, and Squares - Calculating Perimeter and Area"
GTeI37dLoR0,How to Find the Perimeter of a Rectangle | Educational Math Videos for Kids,Doodles_and_Digits___Educational_Math_Videos,Year 10_14-15_Spring_Foundation_Perimeter area and volume_2_Perimeter of a 2-D shape,Perimeter of a 2-D shape,current_3,available,public,True,processed,How to Find the Perimeter of a Rectangle | Educational Math Videos for Kids
9KulD-b4f6s,Rectangles and Triangles - Calculating Area Basics,Miacademy_&_MiaPrep_Learning_Channel,Year 10_14-15_Spring_Foundation_Perimeter area and volume_3_Area of a 2-D shape,Area of a 2-D shape,current_1,available,public,True,processed,Rectangles and Triangles - Calculating Area Basics
RgA-jbIJxr4,Top 3 Area Formulas You MUST Know!,Maths_with_Mrs_B,Year 10_14-15_Spring_Foundation_Perimeter area and volume_3_Area of a 2-D shape,Area of a 2-D shape,current_2,available,public,True,processed,Top 3 Area Formulas You MUST Know!
xCdxURXMdFY,Math Antics - Area,mathantics,Year 10_14-15_Spring_Foundation_Perimeter area and volume_3_Area of a 2-D shape,Area of a 2-D shape,current_3,available,public,True,processed,Math Antics - Area
EoMPwuBBYq8,GCSE Maths - How to find the Area of Compound Shapes (2026/27 exams),Cognito,Year 10_14-15_Spring_Foundation_Perimeter area and volume_4_Area of a compound shape,Area of a compound shape,current_1,available,public,True,processed,GCSE Maths - How to find the Area of Compound Shapes (2026/27 exams)
yYCTckL1mOg,Composite Figures - Calculating Area,Miacademy_&_MiaPrep_Learning_Channel,Year 10_14-15_Spring_Foundation_Perimeter area and volume_4_Area of a compound shape,Area of a compound shape,current_2,available,public,True,processed,Composite Figures - Calculating Area
j92jsaaxhk8,Comprehensive Guide to Calculating Area,Minity_Maths,Year 10_14-15_Spring_Foundation_Perimeter area and volume_4_Area of a compound shape,Area of a compound shape,current_3,available,public,True,processed,Comprehensive Guide to Calculating Area
-LA6I4G1lVU,Circle Vocabulary - Key Terms in Circle Geometry,Miacademy_&_MiaPrep_Learning_Channel,Year 10_14-15_Spring_Foundation_Perimeter area and volume_5_Recognise and label parts of a circle,Recognise and label parts of a circle,current_1,available,public,True,processed,Circle Vocabulary - Key Terms in Circle Geometry
cC0fZ_lkFpQ,"Math Antics - Circles, What Is PI?",mathantics,Year 10_14-15_Spring_Foundation_Perimeter area and volume_5_Recognise and label parts of a circle,Recognise and label parts of a circle,current_2,available,public,True,processed,"Math Antics - Circles, What Is PI?"
dAtR8vDjRRA,Name The Parts Of A Circle | Geometry,Minity_Maths,Year 10_14-15_Spring_Foundation_Perimeter area and volume_5_Recognise and label parts of a circle,Recognise and label parts of a circle,current_3,available,public,True,processed,Name The Parts Of A Circle | Geometry
O-cawByg2aA,"Math Antics - Circles, Circumference And Area",mathantics,Year 10_14-15_Spring_Foundation_Perimeter area and volume_6_Circumference of a circle,Circumference of a circle,current_1,available,public,True,processed,"Math Antics - Circles, Circumference And Area"
7f40e6x9Yf8,Circumference - Calculating Using Radius and Diameter,Miacademy_&_MiaPrep_Learning_Channel,Year 10_14-15_Spring_Foundation_Perimeter area and volume_6_Circumference of a circle,Circumference of a circle,current_2,available,public,True,processed,Circumference - Calculating Using Radius and Diameter
Dq6VPkQKKz8,How To Find The Circumference Of A Circle,Minity_Maths,Year 10_14-15_Spring_Foundation_Perimeter area and volume_6_Circumference of a circle,Circumference of a circle,current_3,available,public,True,processed,How To Find The Circumference Of A Circle
aki57o5ryp4,"Area of Circles - Calculating using Radius, Diameter and Circumference",Miacademy_&_MiaPrep_Learning_Channel,Year 10_14-15_Spring_Foundation_Perimeter area and volume_7_Area of a circle,Area of a circle,current_2,available,public,True,processed,"Area of Circles - Calculating using Radius, Diameter and Circumference"
wGVp9panLKA,"7th Grade Math 9.2b, Finding the Area of a Circle",JoAnn's_School,Year 10_14-15_Spring_Foundation_Perimeter area and volume_7_Area of a circle,Area of a circle,current_3,available,public,True,processed,"7th Grade Math 9.2b, Finding the Area of a Circle"
0FPCoUiJDGE,Volume and Surface Area of Prism - GCSE Maths,1st_Class_Maths,Year 10_14-15_Spring_Foundation_Perimeter area and volume_8_Volume of a prism,Volume of a prism,current_1,available,public,True,processed,Volume and Surface Area of Prism - GCSE Maths
iVRVUPTEaeU,Volume of Prisms - Calculate 3D Space in Geometry,Miacademy_&_MiaPrep_Learning_Channel,Year 10_14-15_Spring_Foundation_Perimeter area and volume_8_Volume of a prism,Volume of a prism,current_3,available,public,True,processed,Volume of Prisms - Calculate 3D Space in Geometry
lpEupbktsX8,How Do You Recognise Nets of 3D Shapes? | KS2 Maths Concept for Kids,Twinkl_Educational_Publishing,Year 10_14-15_Spring_Foundation_Perimeter area and volume_9_Nets,Nets,current_1,available,public,True,processed,How Do You Recognise Nets of 3D Shapes? | KS2 Maths Concept for Kids
t_6tEDgp-f0,"6th Grade Math 15.1a, Using a Net, 3-D Shapes",JoAnn's_School,Year 10_14-15_Spring_Foundation_Perimeter area and volume_9_Nets,Nets,current_2,available,public,True,processed,"6th Grade Math 15.1a, Using a Net, 3-D Shapes"
of_PKcmNTcA,Nets of 3D Figures,Miacademy_&_MiaPrep_Learning_Channel,Year 10_14-15_Spring_Foundation_Perimeter area and volume_9_Nets,Nets,current_3,available,public,True,processed,Nets of 3D Figures
jcggUGY3vIg,Probability : Tree Diagrams,Minity_Maths,Year 10_14-15_Spring_Foundation_Probability_10_Tree diagrams for dependent events (E),Tree diagrams for dependent events (E),current_1,available,public,True,processed,Probability : Tree Diagrams
c1ZaWtyxjiQ,Compound Probability - Calculate Probabilities for Multiple Events,Miacademy_&_MiaPrep_Learning_Channel,Year 10_14-15_Spring_Foundation_Probability_10_Tree diagrams for dependent events (E),Tree diagrams for dependent events (E),current_2,available,public,True,processed,Compound Probability - Calculate Probabilities for Multiple Events
PLCwRlVVmjw,"Geometry 13.3b, Probability of Dependent Events & Conditional Probability",JoAnn's_School,Year 10_14-15_Spring_Foundation_Probability_10_Tree diagrams for dependent events (E),Tree diagrams for dependent events (E),current_3,available,public,True,processed,"Geometry 13.3b, Probability of Dependent Events & Conditional Probability"
KzfWUEJjG18,Math Antics - Basic Probability,mathantics,Year 10_14-15_Spring_Foundation_Probability_1_Probability of a single event,Probability of a single event,current_1,available,public,True,processed,Math Antics - Basic Probability
fJ02RdjS_mg,Probability & Likelihood | 7.SP.C.5 | Grade 7 Math 💚,The_Magic_of_Math,Year 10_14-15_Spring_Foundation_Probability_1_Probability of a single event,Probability of a single event,current_2,available,public,True,processed,Probability & Likelihood | 7.SP.C.5 | Grade 7 Math 💚
0Gc3vCx2kdE,The Probability Scale - Introduction to Probability Language,Miacademy_&_MiaPrep_Learning_Channel,Year 10_14-15_Spring_Foundation_Probability_1_Probability of a single event,Probability of a single event,current_3,available,public,True,processed,The Probability Scale - Introduction to Probability Language
YTWM4aOqVwM,Probability: The Basics EXPLAINED with Examples,Ace_Tutors,Year 10_14-15_Spring_Foundation_Probability_2_Use the property that probabilities sum to 1,Use the property that probabilities sum to 1,current_1,available,public,True,processed,Probability: The Basics EXPLAINED with Examples
4XLyfx6KYX8,What is Probability?,Mathletic,Year 10_14-15_Spring_Foundation_Probability_2_Use the property that probabilities sum to 1,Use the property that probabilities sum to 1,current_2,available,public,True,processed,What is Probability?
4wMSBagFX5k,"Geometry 10.6a, Probability",JoAnn's_School,Year 10_14-15_Spring_Foundation_Probability_2_Use the property that probabilities sum to 1,Use the property that probabilities sum to 1,current_3,available,public,True,processed,"Geometry 10.6a, Probability"
Y3WSD6iUerQ,Simple Probability - Basic Probability Calculations,Miacademy_&_MiaPrep_Learning_Channel,Year 10_14-15_Spring_Foundation_Probability_3_List outcomes,List outcomes,current_1,available,public,True,processed,Simple Probability - Basic Probability Calculations
M0hsmUBBOyY,"7th Grade Math 13.2c, Finding Probability Using a List",JoAnn's_School,Year 10_14-15_Spring_Foundation_Probability_3_List outcomes,List outcomes,current_2,available,public,True,processed,"7th Grade Math 13.2c, Finding Probability Using a List"
Ay5pnC-0bVI,Theoretical vs. Experimental Probability | What's the Difference? | Math with Mr. J,Math_with_Mr._J,Year 10_14-15_Spring_Foundation_Probability_4_Relative frequency,Relative frequency,current_1,available,public,True,processed,Theoretical vs. Experimental Probability | What's the Difference? | Math with Mr. J
2UkEPp2Fjq4,Theoretical & Experimental Probability | 7.SP.C.6 | Grade 7 Math 💚,The_Magic_of_Math,Year 10_14-15_Spring_Foundation_Probability_4_Relative frequency,Relative frequency,current_2,available,public,True,processed,Theoretical & Experimental Probability | 7.SP.C.6 | Grade 7 Math 💚
TbNEYuzFS24,"8th Grade Math 15.1b, Relative Frequency and Deciding Whether There is an Association",JoAnn's_School,Year 10_14-15_Spring_Foundation_Probability_4_Relative frequency,Relative frequency,current_3,available,public,True,processed,"8th Grade Math 15.1b, Relative Frequency and Deciding Whether There is an Association"
9nZfxgjLkUg,"7th Grade Math 12.1c, Finding Probability",JoAnn's_School,Year 10_14-15_Spring_Foundation_Probability_5_Sample spaces for 1 or more events,Sample spaces for 1 or more events,current_2,available,public,True,processed,"7th Grade Math 12.1c, Finding Probability"
WiU8nKtZ6Yc,Compound Probability & Tree Diagrams | 7.SP.C.8 | Grade 7 Math 💚,The_Magic_of_Math,Year 10_14-15_Spring_Foundation_Probability_5_Sample spaces for 1 or more events,Sample spaces for 1 or more events,current_3,available,public,True,processed,Compound Probability & Tree Diagrams | 7.SP.C.8 | Grade 7 Math 💚
Mlz4oQrhgfw,"8th Grade Math 15.1a, Making a Two-way Frequency Table",JoAnn's_School,Year 10_14-15_Spring_Foundation_Probability_6_Two-way tables,Two-way tables,current_1,available,public,True,processed,"8th Grade Math 15.1a, Making a Two-way Frequency Table"
KlJXa5TgcNk,Two Way Tables | 8.SP.A.4 | Grade 8 Math 💗,The_Magic_of_Math,Year 10_14-15_Spring_Foundation_Probability_6_Two-way tables,Two-way tables,current_2,available,public,True,processed,Two Way Tables | 8.SP.A.4 | Grade 8 Math 💗
Ua6cEV3Y_ac,Two-Way Tables Explained | Organizing & Analyzing Data,Math__&_Glitter,Year 10_14-15_Spring_Foundation_Probability_6_Two-way tables,Two-way tables,current_3,available,public,True,processed,Two-Way Tables Explained | Organizing & Analyzing Data
jX5WRWh0tec,Frequency Tree Diagrams,Sophos_Education,Year 10_14-15_Spring_Foundation_Probability_7_Frequency trees,Frequency trees,current_1,available,public,True,processed,Frequency Tree Diagrams
FK5CVha-qa8,Frequency trees,memorablemaths,Year 10_14-15_Spring_Foundation_Probability_7_Frequency trees,Frequency trees,current_2,available,public,True,processed,Frequency trees
j40FYK2JSXk,Probability - Frequency Trees,MME,Year 10_14-15_Spring_Foundation_Probability_7_Frequency trees,Frequency trees,current_3,available,public,True,processed,Probability - Frequency Trees
zE5XO41JeWY,Probability - Year 1 Statistics [A-level],1st_Class_Maths,Year 10_14-15_Spring_Foundation_Probability_8_Independent events,Independent events,current_1,available,public,True,processed,Probability - Year 1 Statistics [A-level]
S-bDkO0OkDI,"Geometry 13.3a, Probability of Independent Events",JoAnn's_School,Year 10_14-15_Spring_Foundation_Probability_8_Independent events,Independent events,current_2,available,public,True,processed,"Geometry 13.3a, Probability of Independent Events"
uTdMans65jc,Independent Events (1 of 2: Thinking symbolically),Eddie_Woo,Year 10_14-15_Spring_Foundation_Probability_8_Independent events,Independent events,current_3,available,public,True,processed,Independent Events (1 of 2: Thinking symbolically)
HgtDURjyuj8,"7th Grade Math 13.2b, Finding Probability Using a Tree Diagram",JoAnn's_School,Year 10_14-15_Spring_Foundation_Probability_9_Tree diagrams for independent events,Tree diagrams for independent events,current_2,available,public,True,processed,"7th Grade Math 13.2b, Finding Probability Using a Tree Diagram"
qXKj5Q7V8Yo,Rounding Whole Numbers and Decimals - Rounding From the Millions to Hundredths Places,Miacademy_&_MiaPrep_Learning_Channel,Year 10_14-15_Spring_Foundation_Rounding and estimation_1_Round to decimal places,Round to decimal places,current_1,available,public,True,processed,Rounding Whole Numbers and Decimals - Rounding From the Millions to Hundredths Places
fd-E18EqSVk,Math Antics - Rounding,mathantics,Year 10_14-15_Spring_Foundation_Rounding and estimation_1_Round to decimal places,Round to decimal places,current_2,available,public,True,processed,Math Antics - Rounding
DaiMFwbArZE,"4th Grade Math 1.4, Round Numbers to a Certain Place-value",JoAnn's_School,Year 10_14-15_Spring_Foundation_Rounding and estimation_1_Round to decimal places,Round to decimal places,current_3,available,public,True,processed,"4th Grade Math 1.4, Round Numbers to a Certain Place-value"
-X0amVzMKFo,How to Round Numbers to Significant Figures (2026/27 exams),Cognito,Year 10_14-15_Spring_Foundation_Rounding and estimation_2_Round to significant figures,Round to significant figures,current_1,available,public,True,processed,How to Round Numbers to Significant Figures (2026/27 exams)
87B-1IfFK0w,Significant Figures,Eddie_Woo,Year 10_14-15_Spring_Foundation_Rounding and estimation_2_Round to significant figures,Round to significant figures,current_2,available,public,True,processed,Significant Figures
_eTOMpPNnpE,"Rounding Numbers to the Millions - How to Round Whole Numbers, Estimate, Benchmark Numbers",Miacademy_&_MiaPrep_Learning_Channel,Year 10_14-15_Spring_Foundation_Rounding and estimation_2_Round to significant figures,Round to significant figures,current_3,available,public,True,processed,"Rounding Numbers to the Millions - How to Round Whole Numbers, Estimate, Benchmark Numbers"
aIUbGxjNlL4,Rounding & Estimation (How to Estimate In Maths) - GCSE & IGCSE Maths,Save_My_Exams,Year 10_14-15_Spring_Foundation_Rounding and estimation_3_Estimate answers to calculations,Estimate answers to calculations,current_1,available,public,True,processed,Rounding & Estimation (How to Estimate In Maths) - GCSE & IGCSE Maths
L0D6AvWPy4A,Learn how to estimate when multiplying!,Mr._Tom_Teaches_Again,Year 10_14-15_Spring_Foundation_Rounding and estimation_3_Estimate answers to calculations,Estimate answers to calculations,current_2,available,public,True,processed,Learn how to estimate when multiplying!
afdxFVoLb2o,Lesson 4 Year 4 Mathematics  Estimation to Check Answers,IQ_Learning_-_Home_Schooling,Year 10_14-15_Spring_Foundation_Rounding and estimation_3_Estimate answers to calculations,Estimate answers to calculations,current_3,available,public,True,processed,Lesson 4 Year 4 Mathematics  Estimation to Check Answers
l00tsmfk8oQ,Approximations to Calculations - Corbettmaths,corbettmaths,Year 10_14-15_Spring_Foundation_Rounding and estimation_4_Use of a calculator,Use of a calculator,current_1,available,public,True,processed,Approximations to Calculations - Corbettmaths
H3wU3EURHz8,Rounding and Estimating Numbers: Overview With Examples,Mometrix_Academy,Year 10_14-15_Spring_Foundation_Rounding and estimation_4_Use of a calculator,Use of a calculator,current_2,available,public,True,processed,Rounding and Estimating Numbers: Overview With Examples
81dCm6x6UUo,Decimal Dividends: Part 1 - Dividing Decimals by Whole Numbers,Miacademy_&_MiaPrep_Learning_Channel,Year 10_14-15_Spring_Foundation_Rounding and estimation_4_Use of a calculator,Use of a calculator,current_3,available,public,True,processed,Decimal Dividends: Part 1 - Dividing Decimals by Whole Numbers
z9t1HGRNpPA,Error Intervals - GCSE Maths,1st_Class_Maths,Year 10_14-15_Spring_Foundation_Rounding and estimation_5_Error intervals (including truncation) (E),Error intervals (including truncation) (E),current_1,available,public,True,processed,Error Intervals - GCSE Maths
LPSORf18gNE,"Principles of Accuracy: Limits, Bounds, and Error Intervals: GCSE Maths Edexcel Revision",Math_Revision_LM,Year 10_14-15_Spring_Foundation_Rounding and estimation_5_Error intervals (including truncation) (E),Error intervals (including truncation) (E),current_2,available,public,True,processed,"Principles of Accuracy: Limits, Bounds, and Error Intervals: GCSE Maths Edexcel Revision"
KR0y8GriEMc,Error Bounds & Estimation | Learnify,Learnify,Year 10_14-15_Spring_Foundation_Rounding and estimation_5_Error intervals (including truncation) (E),Error intervals (including truncation) (E),current_3,available,public,True,processed,Error Bounds & Estimation | Learnify
a6hIaNvWE78,Plot Straight Line Graphs | Graphs | Maths | FuseSchool,FuseSchool_-_Global_Education,Year 10_14-15_Spring_Foundation_Straight line graphs_1_Draw straight line graphs,Draw straight line graphs,current_1,available,public,True,processed,Plot Straight Line Graphs | Graphs | Maths | FuseSchool
rdIO7y4VmEE,Drawing Straight Line Graphs - GCSE Maths,1st_Class_Maths,Year 10_14-15_Spring_Foundation_Straight line graphs_1_Draw straight line graphs,Draw straight line graphs,current_2,available,public,True,processed,Drawing Straight Line Graphs - GCSE Maths
edrwgW-lcMY,Drawing Linear Graphs,Maths_Genie,Year 10_14-15_Spring_Foundation_Straight line graphs_1_Draw straight line graphs,Draw straight line graphs,current_3,available,public,True,processed,Drawing Linear Graphs
tndXnHTm4No,Solutions to Linear Equations – Check Whether a Point Is a Solution,Miacademy_&_MiaPrep_Learning_Channel,Year 10_14-15_Spring_Foundation_Straight line graphs_2_Find solutions to equations using straight lines graphs,Find solutions to equations using straight lines graphs,current_1,available,public,True,processed,Solutions to Linear Equations – Check Whether a Point Is a Solution
4w0rWUCk-N8,An Intro to Slope-Intercept Form | y=mx+b,Math_with_Mr._J,Year 10_14-15_Spring_Foundation_Straight line graphs_2_Find solutions to equations using straight lines graphs,Find solutions to equations using straight lines graphs,current_3,available,public,True,processed,An Intro to Slope-Intercept Form | y=mx+b
zVSq5b3PPfY,GCSE Maths - How to Find the Gradient of a Straight Line (2026/27 exams),Cognito,Year 10_14-15_Spring_Foundation_Straight line graphs_3_Explore gradients,Explore gradients,current_1,available,public,True,processed,GCSE Maths - How to Find the Gradient of a Straight Line (2026/27 exams)
v7SaovkW_dA,Slopes: Part 2 - How To Calculate Slope from a Graph,Miacademy_&_MiaPrep_Learning_Channel,Year 10_14-15_Spring_Foundation_Straight line graphs_3_Explore gradients,Explore gradients,current_2,available,public,True,processed,Slopes: Part 2 - How To Calculate Slope from a Graph
yab-t1qbsQ8,Equation of a Line - GCSE Maths,1st_Class_Maths,Year 10_14-15_Spring_Foundation_Straight line graphs_3_Explore gradients,Explore gradients,current_3,available,public,True,processed,Equation of a Line - GCSE Maths
ys0Dxj-jKTk,GCSE Maths - How to Find the Equation of a Straight Line (y = mx + c) (2026/27 exams),Cognito,Year 10_14-15_Spring_Foundation_Straight line graphs_4_y = mx + c,y = mx + c,current_1,available,public,True,processed,GCSE Maths - How to Find the Equation of a Straight Line (y = mx + c) (2026/27 exams)
EQrSUO4GicY,Using Graphs to Write Slope-Intercept Form for Teens!,Miacademy_&_MiaPrep_Learning_Channel,Year 10_14-15_Spring_Foundation_Straight line graphs_5_Find the equation of a line from a graph (E),Find the equation of a line from a graph (E),current_2,available,public,True,processed,Using Graphs to Write Slope-Intercept Form for Teens!
ALEB55IRgOU,Write an Equation in Slope-intercept Form from a Graph | Math with Mr. J,Math_with_Mr._J,Year 10_14-15_Spring_Foundation_Straight line graphs_5_Find the equation of a line from a graph (E),Find the equation of a line from a graph (E),current_3,available,public,True,processed,Write an Equation in Slope-intercept Form from a Graph | Math with Mr. J
i6RiJBlY_ho,Finding Midpoints - Midpoint Formula Practice for High School,Miacademy_&_MiaPrep_Learning_Channel,Year 10_14-15_Spring_Foundation_Straight line graphs_6_Find the midpoint of a line segment,Find the midpoint of a line segment,current_1,available,public,True,processed,Finding Midpoints - Midpoint Formula Practice for High School
MpJUxVl_Egw,GCSE Maths - How to Find the Midpoint of a Line (2026/27 exams),Cognito,Year 10_14-15_Spring_Foundation_Straight line graphs_6_Find the midpoint of a line segment,Find the midpoint of a line segment,current_2,available,public,True,processed,GCSE Maths - How to Find the Midpoint of a Line (2026/27 exams)
lk8Y5MS7ezk,"Geometry 1.6, Midpoint and Distance in the Coordinate Plane",JoAnn's_School,Year 10_14-15_Spring_Foundation_Straight line graphs_6_Find the midpoint of a line segment,Find the midpoint of a line segment,current_3,available,public,True,processed,"Geometry 1.6, Midpoint and Distance in the Coordinate Plane"
KE8B1ZKx2Fo,Writing the Equation of a Line from a Graph | Slope-Intercept Form (y=mx+b),Math_with_Mr._J,Year 10_14-15_Spring_Foundation_Straight line graphs_7_Equation of a straight-line graph given one point and a gradient,Equation of a straight-line graph given one point and a gradient,current_2,available,public,True,processed,Writing the Equation of a Line from a Graph | Slope-Intercept Form (y=mx+b)
x0MivDo9-Co,Slope From Two Points for Teens!,Miacademy_&_MiaPrep_Learning_Channel,Year 10_14-15_Spring_Foundation_Straight line graphs_8_Equation of a straight-line graph given two points (E),Equation of a straight-line graph given two points (E),current_3,available,public,True,processed,Slope From Two Points for Teens!
iFoQp4fQZ7E,Linear Relationships - Differentiating Between Proportional and Non-Proportional Relationships,Miacademy_&_MiaPrep_Learning_Channel,Year 10_14-15_Spring_Foundation_Straight line graphs_9_Real-life straight-line graphs,Real-life straight-line graphs,current_1,available,public,True,processed,Linear Relationships - Differentiating Between Proportional and Non-Proportional Relationships
QPVankQ7-Js,"Grade 8 Math #4.3b, Graph a line from Slope-intercept equation of word problem",JoAnn's_School,Year 10_14-15_Spring_Foundation_Straight line graphs_9_Real-life straight-line graphs,Real-life straight-line graphs,current_2,available,public,True,processed,"Grade 8 Math #4.3b, Graph a line from Slope-intercept equation of word problem"
Ob8ZbnUYzmk,Trend Lines - Visually Estimating Trend Lines and Writing Their Equations,Miacademy_&_MiaPrep_Learning_Channel,Year 10_14-15_Spring_Foundation_Straight line graphs_9_Real-life straight-line graphs,Real-life straight-line graphs,current_3,available,public,True,processed,Trend Lines - Visually Estimating Trend Lines and Writing Their Equations
NEqinRnQV80,Averages from Grouped Data,Mathletic,Year 10_14-15_Spring_Higher_Interpret and represent data_4_Averages from a grouped frequency table,Averages from a grouped frequency table,current_1,available,public,True,processed,Averages from Grouped Data
zjHfAhcU6kE,"Mean, Median, and Mode of Grouped Data & Frequency Distribution Tables   Statistics",The_Organic_Chemistry_Tutor,Year 10_14-15_Spring_Higher_Interpret and represent data_4_Averages from a grouped frequency table,Averages from a grouped frequency table,current_2,available,public,True,processed,"Mean, Median, and Mode of Grouped Data & Frequency Distribution Tables   Statistics"
5zRBF3EtBjU,Capture Recapture - GCSE Higher Maths,1st_Class_Maths,Year 10_14-15_Spring_Higher_Interpret and represent data_8_Capture and recapture,Capture and recapture,current_1,available,public,True,processed,Capture Recapture - GCSE Higher Maths
ed4Uftzvalc,"Grade 7 Math #10.2c, Proportional reasoning and inferences",JoAnn's_School,Year 10_14-15_Spring_Higher_Interpret and represent data_8_Capture and recapture,Capture and recapture,current_2,available,public,True,processed,"Grade 7 Math #10.2c, Proportional reasoning and inferences"
WjVHdbcLTuw,Application of Order of Operations - Prealgebra 1 for Kids and Teens!,Miacademy_&_MiaPrep_Learning_Channel,Year 10_14-15_Spring_Higher_Non-calculator methods_3_Solve multi-step problems,Solve multi-step problems,current_1,available,public,True,processed,Application of Order of Operations - Prealgebra 1 for Kids and Teens!
MPhACLz5qNA,Application of Mixed Operations - Solve Multistep Word Problems,Miacademy_&_MiaPrep_Learning_Channel,Year 10_14-15_Spring_Higher_Non-calculator methods_3_Solve multi-step problems,Solve multi-step problems,current_2,available,public,True,processed,Application of Mixed Operations - Solve Multistep Word Problems
0tbDFBYivWA,"6th Grade Math 4.4, Solving Multi-Step Problems With Fractions and Mixed Numbers",JoAnn's_School,Year 10_14-15_Spring_Higher_Non-calculator methods_3_Solve multi-step problems,Solve multi-step problems,current_3,available,public,True,processed,"6th Grade Math 4.4, Solving Multi-Step Problems With Fractions and Mixed Numbers"
LNSB0N6esPU,Introduction to intercepts |  Algebra I | Khan Academy,Khan_Academy,Year 10_14-15_Spring_Higher_Non-linear graphs_2_Intercepts and roots of quadratic graphs,Intercepts and roots of quadratic graphs,current_2,available,public,True,processed,Introduction to intercepts |  Algebra I | Khan Academy
poMTY42xHT8,How to Graph Quadratics in Factored Form,Miacademy_&_MiaPrep_Learning_Channel,Year 10_14-15_Spring_Higher_Non-linear graphs_2_Intercepts and roots of quadratic graphs,Intercepts and roots of quadratic graphs,current_3,available,public,True,processed,How to Graph Quadratics in Factored Form
XjqQOn3lbx0,Finding a Turning Point Using Completed Square Form - GCSE Higher Maths,1st_Class_Maths,Year 10_14-15_Spring_Higher_Non-linear graphs_3_Turning points,Turning points,current_1,available,public,True,processed,Finding a Turning Point Using Completed Square Form - GCSE Higher Maths
tGTQuhx2r4k,Master Turning Points of Cubic Functions: A Step-by-Step Guide,Add_With_Ad,Year 10_14-15_Spring_Higher_Non-linear graphs_3_Turning points,Turning points,current_2,available,public,True,processed,Master Turning Points of Cubic Functions: A Step-by-Step Guide
n6p45TmLAKU,Trig functions grade 11 and 12: Draw,Kevinmathscience,Year 10_14-15_Spring_Higher_Non-linear graphs_3_Turning points,Turning points,current_3,available,public,True,processed,Trig functions grade 11 and 12: Draw
Sll6jbDkwhM,A-Level Maths: B7-01 [Graphs: Introducing Cubic Graphs],TLMaths,Year 10_14-15_Spring_Higher_Non-linear graphs_4_Cubic graphs,Cubic graphs,current_3,available,public,True,processed,A-Level Maths: B7-01 [Graphs: Introducing Cubic Graphs]
0tV9bcGM4hA,Displacement-Time Graphs - Year 1 Mechanics [A-level],1st_Class_Maths,Year 10_14-15_Spring_Higher_Non-linear graphs_6_Estimate the gradient of a curve at a given point,Estimate the gradient of a curve at a given point,current_1,available,public,True,processed,Displacement-Time Graphs - Year 1 Mechanics [A-level]
mgy9LXryTPg,Finding the Slope of a Tangent Line - How To Use Limits to Find the Slope of a Tangent Line,Miacademy_&_MiaPrep_Learning_Channel,Year 10_14-15_Spring_Higher_Non-linear graphs_6_Estimate the gradient of a curve at a given point,Estimate the gradient of a curve at a given point,current_2,available,public,True,processed,Finding the Slope of a Tangent Line - How To Use Limits to Find the Slope of a Tangent Line
ADlQR9-77Fs,Applications of Differentiating Log Functions (1 of 2: Calculating a tangent),Eddie_Woo,Year 10_14-15_Spring_Higher_Non-linear graphs_6_Estimate the gradient of a curve at a given point,Estimate the gradient of a curve at a given point,current_3,available,public,True,processed,Applications of Differentiating Log Functions (1 of 2: Calculating a tangent)
UsmhVCjfzYQ,Speed Time Graphs - GCSE Higher Maths,1st_Class_Maths,Year 10_14-15_Spring_Higher_Non-linear graphs_7_Estimate the area under a curve (E),Estimate the area under a curve (E),current_1,available,public,True,processed,Speed Time Graphs - GCSE Higher Maths
VJefeYJL3uE,GCSE Physics - Velocity-Time Graphs - How to Find Acceleration & Distance Travelled (2026/27 exams),Cognito,Year 10_14-15_Spring_Higher_Non-linear graphs_7_Estimate the area under a curve (E),Estimate the area under a curve (E),current_2,available,public,True,processed,GCSE Physics - Velocity-Time Graphs - How to Find Acceleration & Distance Travelled (2026/27 exams)
6RIHhcz167E,Velocity Time Graphs | GCSE Maths,ExamQA,Year 10_14-15_Spring_Higher_Non-linear graphs_7_Estimate the area under a curve (E),Estimate the area under a curve (E),current_3,available,public,True,processed,Velocity Time Graphs | GCSE Maths
wevlcglqJDw,Equation of a Circle,1st_Class_Maths,Year 10_14-15_Spring_Higher_Non-linear graphs_8_Equation of a circle,Equation of a circle,current_1,available,public,True,processed,Equation of a Circle
XslOtG5zO3g,"Algebra II  10.2B, Equations of Circles & 2 Theorems",JoAnn's_School,Year 10_14-15_Spring_Higher_Non-linear graphs_8_Equation of a circle,Equation of a circle,current_2,available,public,True,processed,"Algebra II  10.2B, Equations of Circles & 2 Theorems"
dYVPVojD13c,Circles - Circles as Conic Sections: How to Write and Graph Circle Equations,Miacademy_&_MiaPrep_Learning_Channel,Year 10_14-15_Spring_Higher_Non-linear graphs_8_Equation of a circle,Equation of a circle,current_3,available,public,True,processed,Circles - Circles as Conic Sections: How to Write and Graph Circle Equations
NGnLced4bZY,Equation of a Tangent - GCSE Higher Maths,1st_Class_Maths,Year 10_14-15_Spring_Higher_Non-linear graphs_9_Equation of a tangent to a circle (E),Equation of a tangent to a circle (E),current_1,available,public,True,processed,Equation of a Tangent - GCSE Higher Maths
3D2yTzUqxg8,The Equation of a Tangent,Maths_Genie,Year 10_14-15_Spring_Higher_Non-linear graphs_9_Equation of a tangent to a circle (E),Equation of a tangent to a circle (E),current_2,available,public,True,processed,The Equation of a Tangent
9CBMGKNs3e0,Equation of a circle and tangents - GCSE Maths,JED_Maths,Year 10_14-15_Spring_Higher_Non-linear graphs_9_Equation of a tangent to a circle (E),Equation of a tangent to a circle (E),current_3,available,public,True,processed,Equation of a circle and tangents - GCSE Maths
zTq-CK0pIQw,Surface Area of Cylinders - Using Nets and Formulas,Miacademy_&_MiaPrep_Learning_Channel,Year 10_14-15_Spring_Higher_Perimeter area and volume_10_Surface area of a cylinder,Surface area of a cylinder,current_1,deleted,deleted,False,deleted,
j8HnDWTQ99U,How to Find Surface Area of a Cylinder | Pre-Algebra,Wrath_of_Math,Year 10_14-15_Spring_Higher_Perimeter area and volume_10_Surface area of a cylinder,Surface area of a cylinder,current_2,available,public,True,processed,How to Find Surface Area of a Cylinder | Pre-Algebra
sTxqZTagNFI,Surface area of a Cylinder,Easy_Math_with_Iqbal,Year 10_14-15_Spring_Higher_Perimeter area and volume_10_Surface area of a cylinder,Surface area of a cylinder,current_3,available,public,True,processed,Surface area of a Cylinder
X3ZyTM78ygk,GCSE Maths - How to find the  Area and Circumference of a Circle (Circles Part 1) (2026/27 exams),Cognito,Year 10_14-15_Spring_Higher_Perimeter area and volume_3_Area and circumference of a circle,Area and circumference of a circle,current_3,available,public,True,processed,GCSE Maths - How to find the  Area and Circumference of a Circle (Circles Part 1) (2026/27 exams)
B4FqJHZmWwY,Circles and Sectors Part 2 - Segment and Sector Areas,Miacademy_&_MiaPrep_Learning_Channel,Year 10_14-15_Spring_Higher_Perimeter area and volume_5_Area of a sector,Area of a sector,current_1,available,public,True,processed,Circles and Sectors Part 2 - Segment and Sector Areas
Pyegtuzo5OU,Sectors - GCSE Maths,1st_Class_Maths,Year 10_14-15_Spring_Higher_Perimeter area and volume_5_Area of a sector,Area of a sector,current_2,available,public,True,processed,Sectors - GCSE Maths
RlOXnhTujDQ,Area between sector and triangle,Khan_Academy,Year 10_14-15_Spring_Higher_Perimeter area and volume_5_Area of a sector,Area of a sector,current_3,available,public,True,processed,Area between sector and triangle
d3kYT-aJR4E,Volume of Prisms and Cylinders - Calculating 3D Space,Miacademy_&_MiaPrep_Learning_Channel,Year 10_14-15_Spring_Higher_Perimeter area and volume_7_Volume of a cylinder,Volume of a cylinder,current_1,available,public,True,processed,Volume of Prisms and Cylinders - Calculating 3D Space
WJ9EIMcfOhM,Volume and Surface Area of Cylinders - GCSE Maths,1st_Class_Maths,Year 10_14-15_Spring_Higher_Perimeter area and volume_7_Volume of a cylinder,Volume of a cylinder,current_2,available,public,True,processed,Volume and Surface Area of Cylinders - GCSE Maths
IXGSZefyCDA,Probability of a single event,Mathletic,Year 10_14-15_Spring_Higher_Probability_2_Use the property that probabilities sum to 1,Use the property that probabilities sum to 1,current_3,available,public,True,processed,Probability of a single event
c2OmnZiyVs0,"Algebra II 15.1a, Fundamental Counting Principle",JoAnn's_School,Year 10_14-15_Spring_Higher_Probability_3_List and count outcomes,List and count outcomes,current_2,embedding_disabled,public,False,processed,"Algebra II 15.1a, Fundamental Counting Principle"
zE-Y_QCHOt8,An Intro to Finding Probability | Basic Probability | Math with Mr. J,Math_with_Mr._J,Year 10_14-15_Spring_Higher_Probability_3_List and count outcomes,List and count outcomes,current_3,available,public,True,processed,An Intro to Finding Probability | Basic Probability | Math with Mr. J
h1XOXTCXYrQ,Two way tables and Frequency trees,Reigate_College_Maths_GCSE,Year 10_14-15_Spring_Higher_Probability_6_Two-way tables and frequency trees,Two-way tables and frequency trees,current_2,available,public,True,processed,Two way tables and Frequency trees
dw4xklZlTr8,Frequency Tables - Organizing Data Visually,Miacademy_&_MiaPrep_Learning_Channel,Year 10_14-15_Spring_Higher_Probability_6_Two-way tables and frequency trees,Two-way tables and frequency trees,current_3,available,public,True,processed,Frequency Tables - Organizing Data Visually
gQOxg-TD6Dg,How to Round for Kids | 3.NBT.A.1 and 4.NBT.A.3,Doodles_and_Digits___Educational_Math_Videos,Year 10_14-15_Spring_Higher_Rounding and estimation_3_Use of a calculator,Use of a calculator,current_3,available,public,True,processed,How to Round for Kids | 3.NBT.A.1 and 4.NBT.A.3
FowRU4x6Z4s,Limits of accuracy,maths520,Year 10_14-15_Spring_Higher_Rounding and estimation_4_Error intervals (including truncation),Error intervals (including truncation),current_3,available,public,True,processed,Limits of accuracy
LG7B06I0lXY,Using LIMITS of ACCURACY in real-world calculations,Maths_Depot,Year 10_14-15_Spring_Higher_Rounding and estimation_5_Upper and lower bounds,Upper and lower bounds,current_2,available,public,True,processed,Using LIMITS of ACCURACY in real-world calculations
2g3Km1VYoqM,Calculations with bounds (Limits of accuracy),Maths_with_Hannah,Year 10_14-15_Spring_Higher_Rounding and estimation_5_Upper and lower bounds,Upper and lower bounds,current_3,available,public,True,processed,Calculations with bounds (Limits of accuracy)
NwsHOAff3Qg,Slope-Intercept Form (y=mx+b) | Writing an Equation from a Graph,Math_with_Mr._J,Year 10_14-15_Spring_Higher_Straight line graphs_3_Find the equation of a line from a graph,Find the equation of a line from a graph,current_3,available,public,True,processed,Slope-Intercept Form (y=mx+b) | Writing an Equation from a Graph
uWY4AqYrSvk,Finding equations of straight lines - GCSE Maths,JED_Maths,Year 10_14-15_Spring_Higher_Straight line graphs_8_Equation of a straight-line graph given two points,Equation of a straight-line graph given two points,current_1,available,public,True,processed,Finding equations of straight lines - GCSE Maths
hg8P8LHFzEk,Finding the Slope-Intercept Equation,Mometrix_Academy,Year 10_14-15_Spring_Higher_Straight line graphs_8_Equation of a straight-line graph given two points,Equation of a straight-line graph given two points,current_2,available,public,True,processed,Finding the Slope-Intercept Equation
l6pVnBsnNGI,Equations of Perpendicular Lines,Sophos_Education,Year 10_14-15_Spring_Higher_Straight line graphs_9_Equations of perpendicular lines (E),Equations of perpendicular lines (E),current_1,available,public,True,processed,Equations of Perpendicular Lines
KZG5ByowCrA,Perpendicular Lines - GCSE Higher Maths,1st_Class_Maths,Year 10_14-15_Spring_Higher_Straight line graphs_9_Equations of perpendicular lines (E),Equations of perpendicular lines (E),current_2,available,public,True,processed,Perpendicular Lines - GCSE Higher Maths
0oe-GqFrYFU,Graphing Parallel and Perpendicular Lines,Professor_Dave_Explains,Year 10_14-15_Spring_Higher_Straight line graphs_9_Equations of perpendicular lines (E),Equations of perpendicular lines (E),current_3,available,public,True,processed,Graphing Parallel and Perpendicular Lines
3H-WWafKiCw,Angles: Turns,Mathletic,"Year 10_14-15_Summer_Foundation_Angles_1_Angles around a point, on a straight line and vertically opposite","Angles around a point, on a straight line and vertically opposite",current_1,available,public,True,processed,Angles: Turns
2w9VjsjxalM,How Do You Calculate Angles on a Straight Line? | KS2 Maths Concept for Kids,Twinkl_Educational_Publishing,"Year 10_14-15_Summer_Foundation_Angles_1_Angles around a point, on a straight line and vertically opposite","Angles around a point, on a straight line and vertically opposite",current_2,available,public,True,processed,How Do You Calculate Angles on a Straight Line? | KS2 Maths Concept for Kids
Y5f1ojx4RkQ,"Complementary, Supplementary, and Vertical Angles",MooMooMath_and_Science,"Year 10_14-15_Summer_Foundation_Angles_1_Angles around a point, on a straight line and vertically opposite","Angles around a point, on a straight line and vertically opposite",current_3,available,public,True,processed,"Complementary, Supplementary, and Vertical Angles"
Vsd8ugRd50c,Angles in a Triangle - Interior and Exterior Angles and Their Properties,Miacademy_&_MiaPrep_Learning_Channel,Year 10_14-15_Summer_Foundation_Angles_2_Angles in a triangle,Angles in a triangle,current_1,available,public,True,processed,Angles in a Triangle - Interior and Exterior Angles and Their Properties
mLeNaZcy-hE,Math Antics - Triangles,mathantics,Year 10_14-15_Summer_Foundation_Angles_2_Angles in a triangle,Angles in a triangle,current_2,available,public,True,processed,Math Antics - Triangles
Xtrrd7nZjc8,How Do You Calculate Angles in a Triangle? | KS2 Maths Concept for Kids,Twinkl_Educational_Publishing,Year 10_14-15_Summer_Foundation_Angles_2_Angles in a triangle,Angles in a triangle,current_3,available,public,True,processed,How Do You Calculate Angles in a Triangle? | KS2 Maths Concept for Kids
yiREqzDsMP8,Math Antics - Quadrilaterals,mathantics,Year 10_14-15_Summer_Foundation_Angles_3_Angles in a quadrilateral,Angles in a quadrilateral,current_1,available,public,True,processed,Math Antics - Quadrilaterals
0gK4cYcHCUw,How Do You Calculate Angles in Quadrilaterals? | KS2 Maths Concept for Kids,Twinkl_Educational_Publishing,Year 10_14-15_Summer_Foundation_Angles_3_Angles in a quadrilateral,Angles in a quadrilateral,current_2,available,public,True,processed,How Do You Calculate Angles in Quadrilaterals? | KS2 Maths Concept for Kids
K287Yjc4wik,"G.E.D. Math  25b, Quadrilaterals (diagonals & missing angle measures)",JoAnn's_School,Year 10_14-15_Summer_Foundation_Angles_3_Angles in a quadrilateral,Angles in a quadrilateral,current_3,available,public,True,processed,"G.E.D. Math  25b, Quadrilaterals (diagonals & missing angle measures)"
PW6_k0s3Rz4,Interior and Exterior Angles of a Polygon,Minity_Maths,Year 10_14-15_Summer_Foundation_Angles_4_Exterior angles of a polygon,Exterior angles of a polygon,current_1,available,public,True,processed,Interior and Exterior Angles of a Polygon
0Sar35J6Wq8,Exterior Angles of a Polygon Help Video - Geometry for Teens!,Miacademy_&_MiaPrep_Learning_Channel,Year 10_14-15_Summer_Foundation_Angles_4_Exterior angles of a polygon,Exterior angles of a polygon,current_2,available,public,True,processed,Exterior Angles of a Polygon Help Video - Geometry for Teens!
DRAJL0u3O_A,"Geometry 6.1c, Polygon Exterior Angle Sum Theorem",JoAnn's_School,Year 10_14-15_Summer_Foundation_Angles_4_Exterior angles of a polygon,Exterior angles of a polygon,current_3,available,public,True,processed,"Geometry 6.1c, Polygon Exterior Angle Sum Theorem"
6Yc7w8VQ-eo,Interior Angles of a Polygon - Angle Sums in Geometry,Miacademy_&_MiaPrep_Learning_Channel,Year 10_14-15_Summer_Foundation_Angles_6_Solve problems with angles in polygons​ (E),Solve problems with angles in polygons​ (E),current_1,available,public,True,processed,Interior Angles of a Polygon - Angle Sums in Geometry
jJGNGc5_wMw,How Do You Calculate Angles in Regular Polygons? | KS2 Maths Concept for Kids,Twinkl_Educational_Publishing,Year 10_14-15_Summer_Foundation_Angles_6_Solve problems with angles in polygons​ (E),Solve problems with angles in polygons​ (E),current_3,available,public,True,processed,How Do You Calculate Angles in Regular Polygons? | KS2 Maths Concept for Kids
FyOZ_20fp-E,Parallel Lines and Transversals - Solving for Angle Measures,Miacademy_&_MiaPrep_Learning_Channel,Year 10_14-15_Summer_Foundation_Angles_7_Alternate and corresponding angles​,Alternate and corresponding angles​,current_1,deleted,deleted,False,deleted,
4WGqYyXGVro,"Geometry 3.1b, Angle pairs formed by a Transversal",JoAnn's_School,Year 10_14-15_Summer_Foundation_Angles_7_Alternate and corresponding angles​,Alternate and corresponding angles​,current_2,available,public,True,processed,"Geometry 3.1b, Angle pairs formed by a Transversal"
I5auyoXYoX0,"GCSE Maths - Alternate, Corresponding and Allied Angles - Parallel Lines Angle Rules (2026/27 exams)",Cognito,Year 10_14-15_Summer_Foundation_Angles_7_Alternate and corresponding angles​,Alternate and corresponding angles​,current_3,available,public,True,processed,"GCSE Maths - Alternate, Corresponding and Allied Angles - Parallel Lines Angle Rules (2026/27 exams)"
FDGeO4QLscE,"Geometry 3.2b, Parallel lines & Angle pairs & 3 Theorems",JoAnn's_School,"Year 10_14-15_Summer_Foundation_Angles_8_Co-interior, alternate and corresponding angles","Co-interior, alternate and corresponding angles",current_2,available,public,True,processed,"Geometry 3.2b, Parallel lines & Angle pairs & 3 Theorems"
v22UbWzgSDg,Alternate interior angles and alternate exterior angles (8th grade math),Maths_4_Kids,"Year 10_14-15_Summer_Foundation_Angles_8_Co-interior, alternate and corresponding angles","Co-interior, alternate and corresponding angles",current_3,available,public,True,processed,Alternate interior angles and alternate exterior angles (8th grade math)
wLVm0wLtIas,"Geometry 2.6a, Geometric Proof for a two-column proof",JoAnn's_School,Year 10_14-15_Summer_Foundation_Angles_9_Prove geometric facts (E),Prove geometric facts (E),current_1,available,public,True,processed,"Geometry 2.6a, Geometric Proof for a two-column proof"
d2x18XUOyDU,Lines and Angles Proofs Part 1 - Step-by-Step Geometry Proofs,Miacademy_&_MiaPrep_Learning_Channel,Year 10_14-15_Summer_Foundation_Angles_9_Prove geometric facts (E),Prove geometric facts (E),current_2,available,public,True,processed,Lines and Angles Proofs: Part 1 - Step-by-Step Geometry Proofs
UrFjroDd0f0,Lines and Angles Proofs Part 2 - More Practice With Proofs,Miacademy_&_MiaPrep_Learning_Channel,Year 10_14-15_Summer_Foundation_Angles_9_Prove geometric facts (E),Prove geometric facts (E),current_3,available,public,True,processed,Lines and Angles Proofs: Part 2 - More Practice With Proofs
R5-9sy1bwk0,Multiples and Factors - Skip Counting by Multiples and Finding All the Factors,Miacademy_&_MiaPrep_Learning_Channel,"Year 10_14-15_Summer_Foundation_Factors and powers_1_Factors, multiples and primes","Factors, multiples and primes",current_1,available,public,True,processed,Multiples and Factors - Skip Counting by Multiples and Finding All the Factors
MbcP1-f_Dlc,Multiples and Factors: What are they and how are they different?,Mr._Tom_Teaches_Again,"Year 10_14-15_Summer_Foundation_Factors and powers_1_Factors, multiples and primes","Factors, multiples and primes",current_2,available,public,True,processed,Multiples and Factors: What are they and how are they different?
PrSf78pnTyE,How to find Multiples and Factors,Cognito,"Year 10_14-15_Summer_Foundation_Factors and powers_1_Factors, multiples and primes","Factors, multiples and primes",current_3,available,public,True,processed,How to find Multiples and Factors
JwPkH6k_Qpo,Prime Factorization - Using Factor Trees in 6th Grade Math,Miacademy_&_MiaPrep_Learning_Channel,Year 10_14-15_Summer_Foundation_Factors and powers_2_Prime factorisation,Prime factorisation,current_1,available,public,True,processed,Prime Factorization - Using Factor Trees in 6th Grade Math
XGbOiYhHY2c,Math Antics - Prime Factorization,mathantics,Year 10_14-15_Summer_Foundation_Factors and powers_2_Prime factorisation,Prime factorisation,current_2,available,public,True,processed,Math Antics - Prime Factorization
Fmyq_uC1AV0,An Intro to Prime Factorization | Practice Problems Included | Math with Mr. J,Math_with_Mr._J,Year 10_14-15_Summer_Foundation_Factors and powers_2_Prime factorisation,Prime factorisation,current_3,available,public,True,processed,Prime Factorization Explained | Math with Mr. J
kHLwbPwvTtw,HCF/LCM - GCSE Maths,1st_Class_Maths,Year 10_14-15_Summer_Foundation_Factors and powers_3_HCF and LCM,HCF and LCM,current_1,available,public,True,processed,HCF/LCM - GCSE Maths
5FWhl0jaJtM,LCM - Finding the Least Common Multiple in Math,Miacademy_&_MiaPrep_Learning_Channel,Year 10_14-15_Summer_Foundation_Factors and powers_3_HCF and LCM,HCF and LCM,current_2,available,public,True,processed,LCM - Finding the Least Common Multiple in Math
Nu6AC6X3_E4,LCM: Basic Method - Math Antics Extras,mathantics,Year 10_14-15_Summer_Foundation_Factors and powers_3_HCF and LCM,HCF and LCM,current_3,available,public,True,processed,LCM: Basic Method - Math Antics Extras
fBz6wrPrtN0,Cube Roots - Math for Teens!,Miacademy_&_MiaPrep_Learning_Channel,Year 10_14-15_Summer_Foundation_Factors and powers_4_Square and cube numbers,Square and cube numbers,current_1,available,public,True,processed,Cube Roots - Math for Teens!
Sjpkp8-0t1s,Square Roots and Cube Roots | Math with Mr. J,Math_with_Mr._J,Year 10_14-15_Summer_Foundation_Factors and powers_4_Square and cube numbers,Square and cube numbers,current_2,available,public,True,processed,Square Roots and Cube Roots | Math with Mr. J
87_qIofPwhg,Introduction to cube roots | Numbers and operations | 8th grade | Khan Academy,Khan_Academy,Year 10_14-15_Summer_Foundation_Factors and powers_4_Square and cube numbers,Square and cube numbers,current_3,available,public,True,processed,Introduction to cube roots | Numbers and operations | 8th grade | Khan Academy
B4zejSI8zho,Math Antics - Exponents and Square Roots,mathantics,Year 10_14-15_Summer_Foundation_Factors and powers_5_Powers and roots,Powers and roots,current_1,available,public,True,processed,Math Antics - Exponents and Square Roots
AIYT-ogj3Vg,Square Roots - Math for Teens!,Miacademy_&_MiaPrep_Learning_Channel,Year 10_14-15_Summer_Foundation_Factors and powers_5_Powers and roots,Powers and roots,current_3,available,public,True,processed,Square Roots - Math for Teens!
6-SY9A9D1zk,Simplifying Surds: Multiplication,Minity_Maths,Year 10_14-15_Summer_Foundation_Factors and powers_9_Expand brackets with surds (E),Expand brackets with surds (E),current_1,available,public,True,processed,Simplifying Surds: Multiplication
auYQ38gjJzk,Surds and Brackets - GCSE Higher Maths,1st_Class_Maths,Year 10_14-15_Summer_Foundation_Factors and powers_9_Expand brackets with surds (E),Expand brackets with surds (E),current_2,available,public,True,processed,Surds and Brackets - GCSE Higher Maths
ddDcpyBME2Q,Simplifying Square Roots with Variables - Math for Teens!,Miacademy_&_MiaPrep_Learning_Channel,Year 10_14-15_Summer_Foundation_Factors and powers_9_Expand brackets with surds (E),Expand brackets with surds (E),current_3,available,public,True,processed,Simplifying Square Roots with Variables - Math for Teens!
LdVfIC_WM3A,Pictograms and Bar Charts,Sophos_Education,Year 10_14-15_Summer_Foundation_Graphs and diagrams_1_Pictograms,Pictograms,current_1,available,public,True,processed,Pictograms and Bar Charts
Ve7yOrrSud4,How Do You Interpret Pictograms? | KS2 Maths Concept for Kids,Twinkl_Educational_Publishing,Year 10_14-15_Summer_Foundation_Graphs and diagrams_1_Pictograms,Pictograms,current_2,available,public,True,processed,How Do You Interpret Pictograms? | KS2 Maths Concept for Kids
dGHx9SxpWaY,"3rd Grade Math 2.2, Use Picture Graphs",JoAnn's_School,Year 10_14-15_Summer_Foundation_Graphs and diagrams_1_Pictograms,Pictograms,current_3,available,public,True,processed,"3rd Grade Math 2.2, Use Picture Graphs"
LT2qP0mriyI,Line Plots and Bar Graphs - Solving Problems Involving Fraction Operations,Miacademy_&_MiaPrep_Learning_Channel,Year 10_14-15_Summer_Foundation_Graphs and diagrams_2_Line and bar charts,Line and bar charts,current_1,available,public,True,processed,Line Plots and Bar Graphs - Solving Problems Involving Fraction Operations
63wDtgnln8w,Make a bar graph!,Mr._Tom_Teaches_Again,Year 10_14-15_Summer_Foundation_Graphs and diagrams_2_Line and bar charts,Line and bar charts,current_2,available,public,True,processed,Make a bar graph!
TB1DQa0OvaE,Statistics - Multiple and Composite Bar Graphs,MME,Year 10_14-15_Summer_Foundation_Graphs and diagrams_3_Dual and composite bar charts,Dual and composite bar charts,current_1,available,public,True,processed,Statistics - Multiple and Composite Bar Graphs
__Us6SZS_9E,bar charts and composite,Tyrrell's_Maths,Year 10_14-15_Summer_Foundation_Graphs and diagrams_3_Dual and composite bar charts,Dual and composite bar charts,current_2,available,public,True,processed,bar charts and composite
7ML6xN13qqE,Analyzing and Representing Data - How To Find the Mode and Choose a Scale for Graphs,Miacademy_&_MiaPrep_Learning_Channel,Year 10_14-15_Summer_Foundation_Graphs and diagrams_3_Dual and composite bar charts,Dual and composite bar charts,current_3,available,public,True,processed,Analyzing and Representing Data - How To Find the Mode and Choose a Scale for Graphs
doSCCRXOoCM,Learn all about circle graphs and how to make one!,Mr._Tom_Teaches_Again,Year 10_14-15_Summer_Foundation_Graphs and diagrams_4_Draw pie charts,Draw pie charts,current_1,available,public,True,processed,Learn all about circle graphs and how to make one!
t4aAOzSNabI,Drawing Pie Charts - GCSE Maths,1st_Class_Maths,Year 10_14-15_Summer_Foundation_Graphs and diagrams_4_Draw pie charts,Draw pie charts,current_2,available,public,True,processed,Drawing Pie Charts - GCSE Maths
6piJRILEHRE,How Do You Calculate Percentages Using Pie Charts? | KS2 Maths Concept for Kids,Twinkl_Educational_Publishing,Year 10_14-15_Summer_Foundation_Graphs and diagrams_4_Draw pie charts,Draw pie charts,current_3,available,public,True,processed,How Do You Calculate Percentages Using Pie Charts? | KS2 Maths Concept for Kids
qxiU2e6qc3U,How Do You Read and Interpret Pie Charts? | KS2 Maths Concept for Kids,Twinkl_Educational_Publishing,Year 10_14-15_Summer_Foundation_Graphs and diagrams_5_Interpret pie charts,Interpret pie charts,current_2,available,public,True,processed,How Do You Read and Interpret Pie Charts? | KS2 Maths Concept for Kids
qn8dtqkTHgE,"Line Graphs - Interpreting, Identifying Trends, and Comparing Datasets",Miacademy_&_MiaPrep_Learning_Channel,Year 10_14-15_Summer_Foundation_Graphs and diagrams_6_Time series graphs,Time series graphs,current_1,available,public,True,processed,"Line Graphs - Interpreting, Identifying Trends, and Comparing Datasets"
_uILKZrQBW8,Time Series Data (Year 10),Hakea_Math_&_Science,Year 10_14-15_Summer_Foundation_Graphs and diagrams_6_Time series graphs,Time series graphs,current_2,available,public,True,processed,Time Series Data (Year 10)
59JVrcu2DCk,Time Series Intro,Mrs_O'Gram's_Maths,Year 10_14-15_Summer_Foundation_Graphs and diagrams_6_Time series graphs,Time series graphs,current_3,available,public,True,processed,Time Series Intro
QL-uWhuQEzs,Frequency Polygons - GCSE Maths,1st_Class_Maths,Year 10_14-15_Summer_Foundation_Graphs and diagrams_7_Frequency polygons,Frequency polygons,current_1,available,public,True,processed,Frequency Polygons - GCSE Maths
y7Wb9AjbRjo,How To Make a Frequency Polygon,The_Organic_Chemistry_Tutor,Year 10_14-15_Summer_Foundation_Graphs and diagrams_7_Frequency polygons,Frequency polygons,current_2,available,public,True,processed,How To Make a Frequency Polygon
uPb7HOKJxWE,Frequency Polygons,Maths_Genie,Year 10_14-15_Summer_Foundation_Graphs and diagrams_7_Frequency polygons,Frequency polygons,current_3,available,public,True,processed,Frequency Polygons
h77zAyvojt4,Stem and Leaf Diagrams - GCSE Maths,1st_Class_Maths,Year 10_14-15_Summer_Foundation_Graphs and diagrams_8_Stem-and-leaf diagrams,Stem-and-leaf diagrams,current_1,available,public,True,processed,Stem and Leaf Diagrams - GCSE Maths
uHRqkGXX55I,"Bar Charts, Pie Charts, Histograms, Stemplots, Timeplots (1.2)",Simple_Learning_Pro,Year 10_14-15_Summer_Foundation_Graphs and diagrams_8_Stem-and-leaf diagrams,Stem-and-leaf diagrams,current_2,available,public,True,processed,"Bar Charts, Pie Charts, Histograms, Stemplots, Timeplots (1.2)"
1jaPNZmFjLQ,"Grade 6 Math #7.5a, How to make Stem-and-leaf Plots",JoAnn's_School,Year 10_14-15_Summer_Foundation_Graphs and diagrams_8_Stem-and-leaf diagrams,Stem-and-leaf diagrams,current_3,available,public,True,processed,"Grade 6 Math #7.5a, How to make Stem-and-leaf Plots"
QaoesNCZdHc,Vectors in the Plane - Understanding Vectors and Their Key Components,Miacademy_&_MiaPrep_Learning_Channel,Year 10_14-15_Summer_Foundation_Vectors_1_Understand and represent vectors,Understand and represent vectors,current_1,available,public,True,processed,Vectors in the Plane - Understanding Vectors and Their Key Components
iSzIrrydyLM,Translations - GCSE Maths,1st_Class_Maths,Year 10_14-15_Summer_Foundation_Vectors_1_Understand and represent vectors,Understand and represent vectors,current_2,available,public,True,processed,Translations - GCSE Maths
Za7dv9UK0Hw,Mastering Translations: Edexcel GCSE Maths Revision,Math_Revision_LM,Year 10_14-15_Summer_Foundation_Vectors_1_Understand and represent vectors,Understand and represent vectors,current_3,available,public,True,processed,Mastering Translations: Edexcel GCSE Maths Revision
bTLWHKkwMYM,Extending 2D Vectors (1 of 2: Notation & example),Eddie_Woo,Year 10_14-15_Summer_Foundation_Vectors_2_Vector notation,Vector notation,current_2,available,public,True,processed,Extending 2D Vectors (1 of 2: Notation & example)
IgE2Xmi_DFk,"Geometry 8.6a, Vectors, component form, magnitude, direction",JoAnn's_School,Year 10_14-15_Summer_Foundation_Vectors_2_Vector notation,Vector notation,current_3,available,public,True,processed,"Geometry 8.6a, Vectors, component form, magnitude, direction"
c6X4sPMhAj8,Using Parallel Vectors to Show that 3 Points Lie on the Same Line - Collinear Points #igcsemath,Radford_Mathematics,Year 10_14-15_Summer_Foundation_Vectors_3_Translate by a vector,Translate by a vector,current_1,available,public,True,processed,Using Parallel Vectors to Show that 3 Points Lie on the Same Line - Collinear Points #igcsemath
X3YMQNz-ec0,Vector Arithmetic with Ratio Division (2 of 3: Worked example),Eddie_Woo,Year 10_14-15_Summer_Foundation_Vectors_3_Translate by a vector,Translate by a vector,current_2,available,public,True,processed,Vector Arithmetic with Ratio Division (2 of 3: Worked example)
9I8GhzLWEzA,Vector Operations: Part 2 - How To Apply Operations With Vectors,Miacademy_&_MiaPrep_Learning_Channel,Year 10_14-15_Summer_Foundation_Vectors_3_Translate by a vector,Translate by a vector,current_3,available,public,True,processed,Vector Operations: Part 2 - How To Apply Operations With Vectors
2vSqAV5k7JA,What Are Vectors? A Simple Introduction for Beginners,TabletClass_Math,Year 10_14-15_Summer_Foundation_Vectors_4_Vectors multiplied by a scalar,Vectors multiplied by a scalar,current_2,available,public,True,processed,What Are Vectors? A Simple Introduction for Beginners
h02d922Q5wk,Column Vectors - Corbettmaths,corbettmaths,Year 10_14-15_Summer_Foundation_Vectors_4_Vectors multiplied by a scalar,Vectors multiplied by a scalar,current_3,available,public,True,processed,Column Vectors - Corbettmaths
nZ0iKVJFcJA,Vectors and Vector Notation,Maths_Genie,Year 10_14-15_Summer_Foundation_Vectors_5_Add vectors,Add vectors,current_2,available,public,True,processed,Vectors and Vector Notation
CwfG_AZBnKw,Column Vectors,Maths_Genie,Year 10_14-15_Summer_Foundation_Vectors_6_Add and subtract vectors,Add and subtract vectors,current_3,available,public,True,processed,Column Vectors
uIOHgLmrVmY,Basic Angle Facts,Minity_Maths,"Year 10_14-15_Summer_Higher_Angles_1_Angles around a point, on a straight line and vertically opposite","Angles around a point, on a straight line and vertically opposite",current_1,available,public,True,processed,Basic Angle Facts
OOhkdNcvL7c,Types of Angles - Identify Angle Types and Relationships,Miacademy_&_MiaPrep_Learning_Channel,"Year 10_14-15_Summer_Higher_Angles_1_Angles around a point, on a straight line and vertically opposite","Angles around a point, on a straight line and vertically opposite",current_3,available,public,True,processed,Types of Angles - Identify Angle Types and Relationships
WGk4CbEsgVg,"Angles, Triangles, and Quadrilaterals Wrap-Up - Review Basic Geometry",Miacademy_&_MiaPrep_Learning_Channel,Year 10_14-15_Summer_Higher_Angles_2_Angles in triangles and quadrilaterals,Angles in triangles and quadrilaterals,current_3,available,public,True,processed,"Angles, Triangles, and Quadrilaterals Wrap-Up - Review Basic Geometry"
tkI4mVc4ln4,Exterior Angles,Minity_Maths,Year 10_14-15_Summer_Higher_Angles_3_Exterior angles of a polygon,Exterior angles of a polygon,current_1,available,public,True,processed,Exterior Angles
nsSH1ivI76g,Using Angle Relationships - Solve Triangle Angle Problems,Miacademy_&_MiaPrep_Learning_Channel,Year 10_14-15_Summer_Higher_Angles_7_Solve problems with angles and algebra,Solve problems with angles and algebra,current_1,available,public,True,processed,Using Angle Relationships - Solve Triangle Angle Problems
4YcuDHTyeE8,"7th Grade Math 8.4c, Angle Pairs and Two-Step Equations",JoAnn's_School,Year 10_14-15_Summer_Higher_Angles_7_Solve problems with angles and algebra,Solve problems with angles and algebra,current_2,available,public,True,processed,"7th Grade Math 8.4c, Angle Pairs and Two-Step Equations"
TCF25029mkE,Finding Angle Measures - Solving Angle Problems in Geometry,Miacademy_&_MiaPrep_Learning_Channel,Year 10_14-15_Summer_Higher_Angles_7_Solve problems with angles and algebra,Solve problems with angles and algebra,current_3,available,public,True,processed,Finding Angle Measures - Solving Angle Problems in Geometry
SXPsfr-Fnu4,LCM: Prime Factorization Method - Math Antics Extras,mathantics,"Year 10_14-15_Summer_Higher_Factors and powers_1_Prime factorisation, HCF and LCM","Prime factorisation, HCF and LCM",current_3,available,public,True,processed,LCM: Prime Factorization Method - Math Antics Extras
H-46xx6LcsE,Non-Positive Integer Exponents - Evaluating Zero and Negative Exponents,Miacademy_&_MiaPrep_Learning_Channel,"Year 10_14-15_Summer_Higher_Factors and powers_2_Powers, roots and negative indices","Powers, roots and negative indices",current_1,available,public,True,processed,Non-Positive Integer Exponents - Evaluating Zero and Negative Exponents
s7meFR3BKxs,Fractional Indices - GCSE Higher Maths,1st_Class_Maths,Year 10_14-15_Summer_Higher_Factors and powers_3_Fractional indices,Fractional indices,current_1,available,public,True,processed,Fractional Indices - GCSE Higher Maths
DvNYkbafpIY,GCSE Maths - What to do when Powers are Fractions (Powers Part 6/6) (2026/27 exams),Cognito,Year 10_14-15_Summer_Higher_Factors and powers_3_Fractional indices,Fractional indices,current_2,available,public,True,processed,GCSE Maths - What to do when Powers are Fractions (Powers Part 6/6) (2026/27 exams)
tn53EdOr6Rw,Negative fractional exponent examples | Algebra I | Khan Academy,Khan_Academy,Year 10_14-15_Summer_Higher_Factors and powers_3_Fractional indices,Fractional indices,current_3,available,public,True,processed,Negative fractional exponent examples | Algebra I | Khan Academy
0QkteLvPRRI,Surds Introduction - GCSE Maths,JED_Maths,Year 10_14-15_Summer_Higher_Factors and powers_4_Four operations with surds,Four operations with surds,current_1,deleted,deleted,False,deleted,
yEDU1JqWO70,Adding and Subtracting Radical Expressions,Mometrix_Academy,Year 10_14-15_Summer_Higher_Factors and powers_4_Four operations with surds,Four operations with surds,current_2,available,public,True,processed,Adding and Subtracting Radical Expressions
I9ex8UeY0uw,Square Roots: Add & Subtract Like a Pro!,TabletClass_Math,Year 10_14-15_Summer_Higher_Factors and powers_4_Four operations with surds,Four operations with surds,current_3,available,public,True,processed,Square Roots: Add & Subtract Like a Pro!
zyrztxtNUsc,Simplifying Square Roots - How To Simplify the Square Root of a Non-Perfect Square,Miacademy_&_MiaPrep_Learning_Channel,Year 10_14-15_Summer_Higher_Factors and powers_5_Simplify surds,Simplify surds,current_2,available,public,True,processed,Simplifying Square Roots - How To Simplify the Square Root of a Non-Perfect Square
2mejAHKMBiM,Math Antic - Simplifying Square Roots,mathantics,Year 10_14-15_Summer_Higher_Factors and powers_5_Simplify surds,Simplify surds,current_3,available,public,True,processed,Math Antic - Simplifying Square Roots
3p6PUelinuY,Home School Week 2 Review - Tier C,Maths_Genie,Year 10_14-15_Summer_Higher_Factors and powers_6_Expand single brackets with surds,Expand single brackets with surds,current_1,available,public,True,processed,Home School Week 2 Review - Tier C
n5dlWeOZh0Q,Surds expanding brackets - Corbettmaths,corbettmaths,Year 10_14-15_Summer_Higher_Factors and powers_6_Expand single brackets with surds,Expand single brackets with surds,current_2,available,public,True,processed,Surds expanding brackets - Corbettmaths
-5Z0xfYr0yE,GCSE Maths - How to Rationalise the Denominator of a Surd (Part 3/3) (2026/27 exams),Cognito,Year 10_14-15_Summer_Higher_Factors and powers_7_Rationalise the denominator,Rationalise the denominator,current_1,available,public,True,processed,GCSE Maths - How to Rationalise the Denominator of a Surd (Part 3/3) (2026/27 exams)
pgvSMP0G7iQ,Rationalize the Denominator | HS.N-RN.A.2 🖤,The_Magic_of_Math,Year 10_14-15_Summer_Higher_Factors and powers_7_Rationalise the denominator,Rationalise the denominator,current_3,available,public,True,processed,Rationalize the Denominator | HS.N-RN.A.2 🖤
KSLIf695ECU,Use a Conjugate to Rationalize the Denominator | Algebra | HS.N-RN.A.2 🖤,The_Magic_of_Math,Year 10_14-15_Summer_Higher_Factors and powers_9_Rationalise the denominator with more complex denominators (E),Rationalise the denominator with more complex denominators (E),current_2,available,public,True,processed,Use a Conjugate to Rationalize the Denominator | Algebra | HS.N-RN.A.2 🖤
PVQPmsj5Qtc,"Algebra I #11.6c, What is a Conjugate",JoAnn's_School,Year 10_14-15_Summer_Higher_Factors and powers_9_Rationalise the denominator with more complex denominators (E),Rationalise the denominator with more complex denominators (E),current_3,available,public,True,processed,"Algebra I #11.6c, What is a Conjugate"
kKxHU_b0kwc,Interpreting and Analyzing Box Plots - How To Compare Datasets,Miacademy_&_MiaPrep_Learning_Channel,Year 10_14-15_Summer_Higher_Graphs and diagrams_10_Compare distributions using box plots (E),Compare distributions using box plots (E),current_1,available,public,True,processed,Interpreting and Analyzing Box Plots - How To Compare Datasets
SUP-mBn2B2E,Box Plots and Quartiles - GCSE Higher Maths,1st_Class_Maths,Year 10_14-15_Summer_Higher_Graphs and diagrams_10_Compare distributions using box plots (E),Compare distributions using box plots (E),current_2,available,public,True,processed,Box Plots and Quartiles - GCSE Higher Maths
A0jrpTOJl1M,"Grade 7 Math 11.2B, Box Plots with Similar Variability",JoAnn's_School,Year 10_14-15_Summer_Higher_Graphs and diagrams_10_Compare distributions using box plots (E),Compare distributions using box plots (E),current_3,available,public,True,processed,"Grade 7 Math 11.2B, Box Plots with Similar Variability"
OLrPbQ4JN4M,Interpreting Histograms - How to Read and Analyze Data,Miacademy_&_MiaPrep_Learning_Channel,Year 10_14-15_Summer_Higher_Graphs and diagrams_5_Draw histograms,Draw histograms,current_1,available,public,True,processed,Interpreting Histograms - How to Read and Analyze Data
g7Jnrf0g2tQ,Drawing Histograms - GCSE Higher Maths,1st_Class_Maths,Year 10_14-15_Summer_Higher_Graphs and diagrams_5_Draw histograms,Draw histograms,current_2,available,public,True,processed,Drawing Histograms - GCSE Higher Maths
53VMf0hs8n0,Representing frequency data: dot plots and histograms | MightyOwl Math | 6th Grade,MightyOwl,Year 10_14-15_Summer_Higher_Graphs and diagrams_5_Draw histograms,Draw histograms,current_3,available,public,True,processed,Dot Plots and Histograms | Representing Frequency Data | MightyOwl Math | 6th Grade Statistics
NiAmwLiVGv0,Interpreting Histograms - GCSE Higher Maths,1st_Class_Maths,Year 10_14-15_Summer_Higher_Graphs and diagrams_6_Interpret histograms,Interpret histograms,current_2,available,public,True,processed,Interpreting Histograms - GCSE Higher Maths
wUU3nZggA9I,"6th Grade Math 16.5b, Making and Using a Histogram",JoAnn's_School,Year 10_14-15_Summer_Higher_Graphs and diagrams_6_Interpret histograms,Interpret histograms,current_3,available,public,True,processed,"6th Grade Math 16.5b, Making and Using a Histogram"
PzBE82c1dfY,Cumulative Frequency Diagrams - GCSE Higher Maths,1st_Class_Maths,Year 10_14-15_Summer_Higher_Graphs and diagrams_7_Draw cumulative frequency diagrams,Draw cumulative frequency diagrams,current_1,available,public,True,processed,Cumulative Frequency Diagrams - GCSE Higher Maths
9M8kP9ykM6M,Cumulative Frequency,Mathletic,Year 10_14-15_Summer_Higher_Graphs and diagrams_7_Draw cumulative frequency diagrams,Draw cumulative frequency diagrams,current_2,available,public,True,processed,Cumulative Frequency
bJbJ_GElF80,Cumulative Frequency,Maths_Genie,Year 10_14-15_Summer_Higher_Graphs and diagrams_7_Draw cumulative frequency diagrams,Draw cumulative frequency diagrams,current_3,available,public,True,processed,Cumulative Frequency
1xD0VAoyAyc,"6th Grade Math 16.3a, Using a Box Plot, Make a Box Plot",JoAnn's_School,Year 10_14-15_Summer_Higher_Graphs and diagrams_9_Box plots,Box plots,current_2,available,public,True,processed,"6th Grade Math 16.3a, Using a Box Plot, Make a Box Plot"
eN2cq7kvZSg,How To Translate A Shape On A Coordinate Grid,The_Maths_Guy!,Year 10_14-15_Summer_Higher_Vectors_2_Vector notation,Vector notation,current_3,available,public,True,processed,How To Translate A Shape On A Coordinate Grid
u4Eab_AWf_o,"Geometry 8.6b, Equal vectors, parallel vectors, Vector addition, and resultant vectors",JoAnn's_School,Year 10_14-15_Summer_Higher_Vectors_4_Add vectors,Add vectors,current_3,available,public,True,processed,"Geometry 8.6b, Equal vectors, parallel vectors, Vector addition, and resultant vectors"
jzITo1RvSHM,Vectors for the GCSE Maths Higher Tier paper #vectors #gcsemaths,HannahKettleMaths,Year 10_14-15_Summer_Higher_Vectors_6_Vector journeys in shapes,Vector journeys in shapes,current_2,available,public,True,processed,Vectors for the GCSE Maths Higher Tier paper #vectors #gcsemaths
-xqYAyCd504,Vectors in Shapes 1,Maths_Genie,Year 10_14-15_Summer_Higher_Vectors_6_Vector journeys in shapes,Vector journeys in shapes,current_3,available,public,True,processed,Vectors in Shapes 1
FDvnEVOqdAw,Vector Geometry Proofs (1 of 3: An unexpected quadrilateral property),Eddie_Woo,Year 10_14-15_Summer_Higher_Vectors_7_Vectors in quadrilaterals,Vectors in quadrilaterals,current_1,available,public,True,processed,Vector Geometry Proofs (1 of 3: An unexpected quadrilateral property)
iN32mgKm0pU,"Vector Proof: ""Unspecial"" Quadrilaterals & Parallelograms",Eddie_Woo,Year 10_14-15_Summer_Higher_Vectors_7_Vectors in quadrilaterals,Vectors in quadrilaterals,current_2,available,public,True,processed,"Vector Proof: ""Unspecial"" Quadrilaterals & Parallelograms"
0CXAq65NQuA,Vectors: Ratios and Collinear,BespokeEducation,Year 10_14-15_Summer_Higher_Vectors_7_Vectors in quadrilaterals,Vectors in quadrilaterals,current_3,available,public,True,processed,Vectors: Ratios and Collinear
hd_L3N7FqCk,Parallel vectors  and collinear points,Maths_With_Ease,Year 10_14-15_Summer_Higher_Vectors_8_Parallel vectors,Parallel vectors,current_2,embedding_disabled,public,False,processed,Parallel vectors  and collinear points
2ChI6DWbL7Y,Converting area & volume metric units | Ratio & proportion #8,O_and_U_learn,Year 11_15-16_Autumn_Foundation_Area and volume_10_Convert metric units of area (E),Convert metric units of area (E),current_1,available,public,True,processed,Converting area & volume metric units | Ratio & proportion #8
RicKigB_gp0,"Metric Length Measurements - How To Convert Millimeters, Centimeters, Meters, and Kilometers",Miacademy_&_MiaPrep_Learning_Channel,Year 11_15-16_Autumn_Foundation_Area and volume_10_Convert metric units of area (E),Convert metric units of area (E),current_2,available,public,True,processed,"Metric Length Measurements - How To Convert Millimeters, Centimeters, Meters, and Kilometers"
nv26rIqbc4g,Converting Metric Units of Area,corbettmaths,Year 11_15-16_Autumn_Foundation_Area and volume_10_Convert metric units of area (E),Convert metric units of area (E),current_3,available,public,True,processed,Converting Metric Units of Area
yYO3W2Fo-hI,"3 Minute Math - Converting Volumes mm, cm and m",3minutemaths,Year 11_15-16_Autumn_Foundation_Area and volume_11_Convert metric units of volume (E),Convert metric units of volume (E),current_2,available,public,True,processed,"3 Minute Math - Converting Volumes mm, cm and m"
7wII5NpOx2c,"Metric Volume Measurements - How To Measure and Convert Milliliters, Liters, and Cubic Meters",Miacademy_&_MiaPrep_Learning_Channel,Year 11_15-16_Autumn_Foundation_Area and volume_11_Convert metric units of volume (E),Convert metric units of volume (E),current_3,available,public,True,processed,"Metric Volume Measurements - How To Measure and Convert Milliliters, Liters, and Cubic Meters"
P3Tcet1fwLw,GCSE Maths - Drawing 3D Shapes Using Isometric Paper - Foundation and Higher,ukmathsteacher,Year 11_15-16_Autumn_Foundation_Area and volume_1_Isometric drawings,Isometric drawings,current_1,available,public,True,processed,GCSE Maths - Drawing 3D Shapes Using Isometric Paper - Foundation and Higher
y_5YqwHqOhE,Isometric Dot Drawings,mrPSERIS,Year 11_15-16_Autumn_Foundation_Area and volume_1_Isometric drawings,Isometric drawings,current_2,available,public,True,processed,Isometric Dot Drawings
LY5OqKhEP9k,Isometric Drawing Intro,OrlandoEngineering,Year 11_15-16_Autumn_Foundation_Area and volume_1_Isometric drawings,Isometric drawings,current_3,available,public,True,processed,Isometric Drawing Intro
_QdIzOVcjNI,How to Find the Volume of Cylinders & Prisms,Cognito,Year 11_15-16_Autumn_Foundation_Area and volume_3_Volume of a cylinder,Volume of a cylinder,current_2,available,public,True,processed,How to Find the Volume of Cylinders & Prisms
H9Ebn5E5pAQ,Volume of Spheres - Understanding Sphere Volume,Miacademy_&_MiaPrep_Learning_Channel,Year 11_15-16_Autumn_Foundation_Area and volume_4_Volume of a sphere,Volume of a sphere,current_1,available,public,True,processed,Volume of Spheres - Understanding Sphere Volume
IelS2vg7JO8,"Volume of a sphere | Perimeter, area, and volume | Geometry | Khan Academy",Khan_Academy,Year 11_15-16_Autumn_Foundation_Area and volume_4_Volume of a sphere,Volume of a sphere,current_2,available,public,True,processed,"Volume of a sphere | Perimeter, area, and volume | Geometry | Khan Academy"
-ak6JmkVilU,"8th Grade Math 13.3b, Finding the Volume of a Sphere Using a Formula",JoAnn's_School,Year 11_15-16_Autumn_Foundation_Area and volume_4_Volume of a sphere,Volume of a sphere,current_3,available,public,True,processed,"8th Grade Math 13.3b, Finding the Volume of a Sphere Using a Formula"
crxFsKRGEqk,Volume and Surface Area of Cones - GCSE Maths,1st_Class_Maths,Year 11_15-16_Autumn_Foundation_Area and volume_5_Volume of cones and pyramids,Volume of cones and pyramids,current_1,available,public,True,processed,Volume and Surface Area of Cones - GCSE Maths
Jylx_COMJJc,Volume of Pyramids and Cones - Volume Formulas Explained,Miacademy_&_MiaPrep_Learning_Channel,Year 11_15-16_Autumn_Foundation_Area and volume_5_Volume of cones and pyramids,Volume of cones and pyramids,current_2,available,public,True,processed,Volume of Pyramids and Cones - Volume Formulas Explained
wyg7TS4tkoA,"8th Grade Math 13.2a, Modeling the Volume of a Cone, Rice Experiment",JoAnn's_School,Year 11_15-16_Autumn_Foundation_Area and volume_5_Volume of cones and pyramids,Volume of cones and pyramids,current_3,available,public,True,processed,"8th Grade Math 13.2a, Modeling the Volume of a Cone, Rice Experiment"
-vVzsdTgeZM,Surface Area of Spheres - Real-World Geometry,Miacademy_&_MiaPrep_Learning_Channel,Year 11_15-16_Autumn_Foundation_Area and volume_6_Surface area of a sphere,Surface area of a sphere,current_1,deleted,deleted,False,deleted,
b3OdBQS-QKk,"Geometry 11.4b, Surface Area of a Sphere",JoAnn's_School,Year 11_15-16_Autumn_Foundation_Area and volume_6_Surface area of a sphere,Surface area of a sphere,current_2,available,public,True,processed,"Geometry 11.4b, Surface Area of a Sphere"
JPMiew-11iI,Volume and Surface Area of Spheres - GCSE Maths,1st_Class_Maths,Year 11_15-16_Autumn_Foundation_Area and volume_6_Surface area of a sphere,Surface area of a sphere,current_3,available,public,True,processed,Volume and Surface Area of Spheres - GCSE Maths
ck9Qinph9as,5F Finding surface area of cylindrical portions,Work_With_Burke,Year 11_15-16_Autumn_Foundation_Area and volume_7_Surface area of a cylinder (E),Surface area of a cylinder (E),current_2,available,public,True,processed,5F Finding surface area of cylindrical portions
S5C2nQQ-gvU,Volume and Surface Area of Pyramids - GCSE Maths,1st_Class_Maths,Year 11_15-16_Autumn_Foundation_Area and volume_8_Surface area of a pyramid (E),Surface area of a pyramid (E),current_1,available,public,True,processed,Volume and Surface Area of Pyramids - GCSE Maths
79QLa0FMg34,3D Figures - Pyramid Surface Area,Miacademy_&_MiaPrep_Learning_Channel,Year 11_15-16_Autumn_Foundation_Area and volume_8_Surface area of a pyramid (E),Surface area of a pyramid (E),current_2,available,public,True,processed,3D Figures - Pyramid Surface Area
zTmUSptkPks,"6th Grade Math 15.1b, Surface Area of a Pyramid, Using a Net",JoAnn's_School,Year 11_15-16_Autumn_Foundation_Area and volume_8_Surface area of a pyramid (E),Surface area of a pyramid (E),current_3,available,public,True,processed,"6th Grade Math 15.1b, Surface Area of a Pyramid, Using a Net"
PaKCY3ZEnbw,Surface Area of Cones - How To Calculate Using Radius and Lateral Height,Miacademy_&_MiaPrep_Learning_Channel,Year 11_15-16_Autumn_Foundation_Area and volume_9_Surface area of a cone (E),Surface area of a cone (E),current_1,available,public,True,processed,Surface Area of Cones - How To Calculate Using Radius and Lateral Height
JUgRPUSxoEc,Surface Area of a Cone | Math with Mr. J,Math_with_Mr._J,Year 11_15-16_Autumn_Foundation_Area and volume_9_Surface area of a cone (E),Surface area of a cone (E),current_2,available,public,True,processed,Surface Area of a Cone | Math with Mr. J
8OaiGbgXACU,"If the ratio of sugar to water is 2:5, how much water is needed for 8 parts of sugar?",TabletClass_Math,Year 11_15-16_Autumn_Foundation_Ratio and proportion_1_Solve problems with ratio,Solve problems with ratio,current_1,available,public,True,processed,"If the ratio of sugar to water is 2:5, how much water is needed for 8 parts of sugar?"
igkcdv1b1Ro,8 is to 10 as 12 is to What? Solve This Ratio Step-by-Step!,TabletClass_Math,Year 11_15-16_Autumn_Foundation_Ratio and proportion_1_Solve problems with ratio,Solve problems with ratio,current_3,available,public,True,processed,8 is to 10 as 12 is to What? Solve This Ratio Step-by-Step!
AWH6wQBbpo0,Direct/Inverse Proportion - GCSE Higher Maths,1st_Class_Maths,Year 11_15-16_Autumn_Foundation_Ratio and proportion_2_Direct proportion,Direct proportion,current_1,available,public,True,processed,Direct/Inverse Proportion - GCSE Higher Maths
xJIacZwg0LU,#learnmath -  Direct Proportion,Maths_Mastered,Year 11_15-16_Autumn_Foundation_Ratio and proportion_2_Direct proportion,Direct proportion,current_2,available,public,True,processed,#learnmath -  Direct Proportion
X-V18L4wVXw,How Do You Solve Proportion Problems? | KS2 Maths Concept for Kids,Twinkl_Educational_Publishing,Year 11_15-16_Autumn_Foundation_Ratio and proportion_2_Direct proportion,Direct proportion,current_3,available,public,True,processed,How Do You Solve Proportion Problems? | KS2 Maths Concept for Kids
s0RBRkehzwo,"Unit Rates, Ratios & Proportions - Word Problems",The_Organic_Chemistry_Tutor,Year 11_15-16_Autumn_Foundation_Ratio and proportion_3_Best buy problems,Best buy problems,current_2,available,public,True,processed,"Unit Rates, Ratios & Proportions - Word Problems"
FJ_vAIt9PTg,PROPORTION Unitary method Best Buy and ingredients | Ratio & proportion #1,O_and_U_learn,Year 11_15-16_Autumn_Foundation_Ratio and proportion_3_Best buy problems,Best buy problems,current_3,available,public,True,processed,PROPORTION Unitary method Best Buy and ingredients | Ratio & proportion #1
FS5dA7iFuUE,Conversion graphs | Ratio & proportion #11,O_and_U_learn,Year 11_15-16_Autumn_Foundation_Ratio and proportion_4_Conversion graphs,Conversion graphs,current_1,available,public,True,processed,Conversion graphs | Ratio & proportion #11
YrTfh2VChJo,GCSE Maths - How to Use Conversion Graphs (2026/27 exams),Cognito,Year 11_15-16_Autumn_Foundation_Ratio and proportion_4_Conversion graphs,Conversion graphs,current_2,available,public,True,processed,GCSE Maths - How to Use Conversion Graphs (2026/27 exams)
XdY9HwxRrpw,Proportional Relationships and Slope - How To Find the Slope of Proportional Relationships,Miacademy_&_MiaPrep_Learning_Channel,Year 11_15-16_Autumn_Foundation_Ratio and proportion_4_Conversion graphs,Conversion graphs,current_3,available,public,True,processed,Proportional Relationships and Slope - How To Find the Slope of Proportional Relationships
7gCZ3HfQra0,Proportion 5 (Exchange Rates) - www.luckymaths.co.uk,Lucky_Maths_UK,Year 11_15-16_Autumn_Foundation_Ratio and proportion_5_Exchange rates,Exchange rates,current_1,available,public,True,processed,Proportion 5 (Exchange Rates) - www.luckymaths.co.uk
FWBp-pC7pwk,Currency Exchange,Carolyn_Nickelo,Year 11_15-16_Autumn_Foundation_Ratio and proportion_5_Exchange rates,Exchange rates,current_2,available,public,True,processed,Currency Exchange
Rr9b0jNVLiE,08 Exchange rate,Wiskunde_Mathematics_SUM,Year 11_15-16_Autumn_Foundation_Ratio and proportion_5_Exchange rates,Exchange rates,current_3,available,public,True,processed,08 Exchange rate
9kR3kYF1yU4,INVERSE PROPORTION challenge! (6 Workers vs 10 Workers),Maths_Depot,Year 11_15-16_Autumn_Foundation_Ratio and proportion_6_Inverse proportion,Inverse proportion,current_1,available,public,True,processed,INVERSE PROPORTION challenge! (6 Workers vs 10 Workers)
gEj_IExbd08,Inverse Proportion | Pre-Algebra | Mathacademy,Mathacademy,Year 11_15-16_Autumn_Foundation_Ratio and proportion_6_Inverse proportion,Inverse proportion,current_2,available,public,True,processed,Inverse Proportion | Pre-Algebra | Mathacademy
wYMTT9o-3Z4,"8th Grade Math 4.4a, Distinguish Between Proportional & Nonproportional Situations Using a Graph",JoAnn's_School,Year 11_15-16_Autumn_Foundation_Ratio and proportion_8_Direct inverse proportion graphs (E),Direct inverse proportion graphs (E),current_3,embedding_disabled,public,False,processed,"8th Grade Math 4.4a, Distinguish Between Proportional & Nonproportional Situations Using a Graph"
DdaHMUAN09k,Introduction to Arithmetic Sequences- Algebra for Teens!,Miacademy_&_MiaPrep_Learning_Channel,Year 11_15-16_Autumn_Foundation_Sequences and proof_1_Describe and continue arithmetic and geometric sequences,Describe and continue arithmetic and geometric sequences,current_1,available,public,True,processed,Introduction to Arithmetic Sequences- Algebra for Teens!
8cKiweNbbbc,Geometric Sequences- Algebra for Teens!,Miacademy_&_MiaPrep_Learning_Channel,Year 11_15-16_Autumn_Foundation_Sequences and proof_1_Describe and continue arithmetic and geometric sequences,Describe and continue arithmetic and geometric sequences,current_2,available,public,True,processed,Geometric Sequences- Algebra for Teens!
-ZPqJS-MGxc,WCLN - Arithmetic and Geometric Sequences,WCLN,Year 11_15-16_Autumn_Foundation_Sequences and proof_1_Describe and continue arithmetic and geometric sequences,Describe and continue arithmetic and geometric sequences,current_3,available,public,True,processed,WCLN - Arithmetic and Geometric Sequences
D2bZcm2NnfU,Types of Sequences - GCSE Maths,1st_Class_Maths,Year 11_15-16_Autumn_Foundation_Sequences and proof_2_Explore other sequences,Explore other sequences,current_1,available,public,True,processed,Types of Sequences - GCSE Maths
XzRCfe8jG60,A23a Part 1 video 1 of 2 Generating a sequence using a term-to-term rule,BossMaths,Year 11_15-16_Autumn_Foundation_Sequences and proof_2_Explore other sequences,Explore other sequences,current_2,available,public,True,processed,A23a Part 1 video 1 of 2 Generating a sequence using a term-to-term rule
R_cHNL4hE0M,Other Recursive Sequences- Algebra for Teens!,Miacademy_&_MiaPrep_Learning_Channel,Year 11_15-16_Autumn_Foundation_Sequences and proof_2_Explore other sequences,Explore other sequences,current_3,available,public,True,processed,Other Recursive Sequences- Algebra for Teens!
wV2wYGxw26g,"Algebra II 14.1a, Sequences & General terms",JoAnn's_School,Year 11_15-16_Autumn_Foundation_Sequences and proof_3_Generate a sequence given an algebraic rule,Generate a sequence given an algebraic rule,current_1,available,public,True,processed,"Algebra II 14.1a, Sequences & General terms"
0vOwE2NHAEk,nth term of a Linear Sequence - GCSE Maths,1st_Class_Maths,Year 11_15-16_Autumn_Foundation_Sequences and proof_3_Generate a sequence given an algebraic rule,Generate a sequence given an algebraic rule,current_2,available,public,True,processed,nth term of a Linear Sequence - GCSE Maths
pd9Q-e1JvtE,Algebraic Proof - Corbettmaths,corbettmaths,Year 11_15-16_Autumn_Foundation_Sequences and proof_5_Represent numbers algebraically (E),Represent numbers algebraically (E),current_1,available,public,True,processed,Algebraic Proof - Corbettmaths
qoLvK6XUpLY,Algebra proofs - GCSE Maths,JED_Maths,Year 11_15-16_Autumn_Foundation_Sequences and proof_5_Represent numbers algebraically (E),Represent numbers algebraically (E),current_2,available,public,True,processed,Algebra proofs - GCSE Maths
qrJloOkkS0U,Algebraic Proof,Maths_Genie,Year 11_15-16_Autumn_Foundation_Sequences and proof_5_Represent numbers algebraically (E),Represent numbers algebraically (E),current_3,available,public,True,processed,Algebraic Proof
gPRsK8kKi7Q,GCSE Maths - How to Disprove a Statement by Counter Example - Proof Part 1 (2026/27 exams),Cognito,Year 11_15-16_Autumn_Foundation_Sequences and proof_6_Arguments and counterexamples (E),Arguments and counterexamples (E),current_1,available,public,True,processed,GCSE Maths - How to Disprove a Statement by Counter Example - Proof Part 1 (2026/27 exams)
-KPuk4POzsI,Divisibility Proof (1 of 2: Sum of 7 consecutive integers),Eddie_Woo,Year 11_15-16_Autumn_Foundation_Sequences and proof_6_Arguments and counterexamples (E),Arguments and counterexamples (E),current_2,available,public,True,processed,Divisibility Proof (1 of 2: Sum of 7 consecutive integers)
XEL4OesvTog,"Geometry 2.1, Inductive Reasoning & Conjectures",JoAnn's_School,Year 11_15-16_Autumn_Foundation_Sequences and proof_6_Arguments and counterexamples (E),Arguments and counterexamples (E),current_3,available,public,True,processed,"Geometry 2.1, Inductive Reasoning & Conjectures"
Tefg0IX8oPY,Set Operations with Venn Diagrams,Mometrix_Academy,Year 11_15-16_Autumn_Foundation_Set notation and Venn diagrams_1_Venn diagrams,Venn diagrams,current_1,available,public,True,processed,Set Operations with Venn Diagrams
WHfef-NghN8,Sets and Venn Diagrams (Edexcel) - GCSE Maths,1st_Class_Maths,Year 11_15-16_Autumn_Foundation_Set notation and Venn diagrams_1_Venn diagrams,Venn diagrams,current_2,available,public,True,processed,Sets and Venn Diagrams (Edexcel) - GCSE Maths
G2J8pRysoyc,Learn Venn Diagrams In 7 min,TabletClass_Math,Year 11_15-16_Autumn_Foundation_Set notation and Venn diagrams_1_Venn diagrams,Venn diagrams,current_3,available,public,True,processed,Learn Venn Diagrams In 7 min
daUH79CkNS8,Corresponding Parts: Part 2 - Using Corresponding Sides and Angles To Determine Shape Similarity,Miacademy_&_MiaPrep_Learning_Channel,Year 11_15-16_Autumn_Foundation_Similarity and congruence_1_Identify similar shapes,Identify similar shapes,current_1,available,public,True,processed,Corresponding Parts: Part 2 - Using Corresponding Sides and Angles To Determine Shape Similarity
gr3IJ1DmrbU,Congruent and Similar Shapes!,Mr._Tom_Teaches_Again,Year 11_15-16_Autumn_Foundation_Similarity and congruence_1_Identify similar shapes,Identify similar shapes,current_2,available,public,True,processed,Congruent and Similar Shapes!
8-4KQw8unfY,GCSE Maths - Similar Shapes (2026/27 exams),Cognito,Year 11_15-16_Autumn_Foundation_Similarity and congruence_1_Identify similar shapes,Identify similar shapes,current_3,available,public,True,processed,GCSE Maths - Similar Shapes (2026/27 exams)
eGTL1FhG89E,Similar Triangles Part 1 - Triangle Similarity Theorems,Miacademy_&_MiaPrep_Learning_Channel,Year 11_15-16_Autumn_Foundation_Similarity and congruence_5_Prove a pair of triangles are similar (E),Prove a pair of triangles are similar (E),current_1,deleted,deleted,False,deleted,
mJ4Ms6SXEgg,Proving Triangle Congruence and Similarity,Professor_Dave_Explains,Year 11_15-16_Autumn_Foundation_Similarity and congruence_5_Prove a pair of triangles are similar (E),Prove a pair of triangles are similar (E),current_2,available,public,True,processed,Proving Triangle Congruence and Similarity
pBqbbCxEUUg,"8th Grade Math 11.3b, Using AA Similarity Postulate (Angle-Angle)",JoAnn's_School,Year 11_15-16_Autumn_Foundation_Similarity and congruence_5_Prove a pair of triangles are similar (E),Prove a pair of triangles are similar (E),current_3,available,public,True,processed,"8th Grade Math 11.3b, Using AA Similarity Postulate (Angle-Angle)"
qQMaccG-xEg,What are Congruent and Similar Figures?,Miacademy_&_MiaPrep_Learning_Channel,Year 11_15-16_Autumn_Foundation_Similarity and congruence_6_Similarity and congruence,Similarity and congruence,current_2,available,public,True,processed,What are Congruent and Similar Figures?
0mKmYxuMirE,Congruent and Similar Triangles,Khan_Academy,Year 11_15-16_Autumn_Foundation_Similarity and congruence_6_Similarity and congruence,Similarity and congruence,current_3,available,public,True,processed,Congruent and Similar Triangles
p2hjBI9fNas,Congruence of triangle SSS SAS ASA AAS RHS Rule – Triangle Congruence Made Easy #mathematics,Marvel_Mathematics,Year 11_15-16_Autumn_Foundation_Similarity and congruence_7_Congruent triangles,Congruent triangles,current_1,available,public,True,processed,Congruence of triangle SSS SAS ASA AAS RHS Rule – Triangle Congruence Made Easy #mathematics
sJ13zpTQn1A,Triangle Congruence Theorems - Proving Triangles Are Congruent,Miacademy_&_MiaPrep_Learning_Channel,Year 11_15-16_Autumn_Foundation_Similarity and congruence_7_Congruent triangles,Congruent triangles,current_2,available,public,True,processed,Triangle Congruence Theorems - Proving Triangles Are Congruent
VOtxC0pWeUE,Congruent Triangles and Congruence properties - Grade 7 - Geometry - Amazing Maths,Amazing_Maths,Year 11_15-16_Autumn_Foundation_Similarity and congruence_7_Congruent triangles,Congruent triangles,current_3,available,public,True,processed,Congruent Triangles and Congruence properties - Grade 7 - Geometry - Amazing Maths
2HliVCyaC5E,How to Convert Scientific Notation to Standard Form | Math with Mr. J,Math_with_Mr._J,Year 11_15-16_Autumn_Foundation_Standard form_1_Numbers greater than 1 in standard form,Numbers greater than 1 in standard form,current_1,available,public,True,processed,How to Convert Scientific Notation to Standard Form | Math with Mr. J
H3ewmorcYjU,What is Standard Form (also known as Scientific Notation)? (Part 1/4) (2026/27 exams),Cognito,Year 11_15-16_Autumn_Foundation_Standard form_1_Numbers greater than 1 in standard form,Numbers greater than 1 in standard form,current_2,available,public,True,processed,What is Standard Form (also known as Scientific Notation)? (Part 1/4) (2026/27 exams)
y-ybXWmmSs8,Standard Form - GCSE Maths,1st_Class_Maths,Year 11_15-16_Autumn_Foundation_Standard form_1_Numbers greater than 1 in standard form,Numbers greater than 1 in standard form,current_3,available,public,True,processed,Standard Form - GCSE Maths
cW8e4KknHS8,How to Convert Number into Standard Form (Part 2/4) (2026/27 exams),Cognito,Year 11_15-16_Autumn_Foundation_Standard form_3_Adjust a number to standard form,Adjust a number to standard form,current_2,available,public,True,processed,How to Convert Number into Standard Form (Part 2/4) (2026/27 exams)
VsbpBrOmr18,The Maths Prof: Standard Form (part 1),The_Maths_Prof,Year 11_15-16_Autumn_Foundation_Standard form_3_Adjust a number to standard form,Adjust a number to standard form,current_3,available,public,True,processed,The Maths Prof: Standard Form (part 1)
u3FZaXs3hDE,How to Multiply and Divide in Standard Form (Part 3/4) (2026/27 exams),Cognito,Year 11_15-16_Autumn_Foundation_Standard form_4_Multiply and divide numbers in standard form (E),Multiply and divide numbers in standard form (E),current_1,available,public,True,processed,How to Multiply and Divide in Standard Form (Part 3/4) (2026/27 exams)
NlMjpWTr05c,Interpreting Scientific Notation - How To Write Numbers in Scientific Notation and Standard Form,Miacademy_&_MiaPrep_Learning_Channel,Year 11_15-16_Autumn_Foundation_Standard form_4_Multiply and divide numbers in standard form (E),Multiply and divide numbers in standard form (E),current_3,available,public,True,processed,Interpreting Scientific Notation - How To Write Numbers in Scientific Notation and Standard Form
5iGgvtBDKKk,How to Add or Subtract Numbers in Standard Form (Part 4/4) (2026/27 exams),Cognito,Year 11_15-16_Autumn_Foundation_Standard form_5_Add and subtract numbers in standard form (E),Add and subtract numbers in standard form (E),current_1,available,public,True,processed,How to Add or Subtract Numbers in Standard Form (Part 4/4) (2026/27 exams)
7vyKUS38q4k,Adding/Subtracting Standard Form,Miss_Morrison's_Maths,Year 11_15-16_Autumn_Foundation_Standard form_5_Add and subtract numbers in standard form (E),Add and subtract numbers in standard form (E),current_3,available,public,True,processed,Adding/Subtracting Standard Form
Wcv0f5PpTv0,GCSE Maths - Area of a Sector and Length of an Arc of a Circle  (Circles Part 3) (2026/27 exams),Cognito,Year 11_15-16_Autumn_Foundation_Work with circles_2_Fractional parts of a circle (area),Fractional parts of a circle (area),current_2,available,public,True,processed,GCSE Maths - Area of a Sector and Length of an Arc of a Circle  (Circles Part 3) (2026/27 exams)
dsDr7v0RViA,Arc Length and Arc Measure Part 1 - Measuring Circular Arcs,Miacademy_&_MiaPrep_Learning_Channel,Year 11_15-16_Autumn_Foundation_Work with circles_4_Fractional parts of a circle (perimeter),Fractional parts of a circle (perimeter),current_1,available,public,True,processed,Arc Length and Arc Measure Part 1 - Measuring Circular Arcs
fdJnThLjyPg,"Geometry 12.3c, Arc length of a Circle",JoAnn's_School,Year 11_15-16_Autumn_Foundation_Work with circles_4_Fractional parts of a circle (perimeter),Fractional parts of a circle (perimeter),current_3,available,public,True,processed,"Geometry 12.3c, Arc length of a Circle"
MgfltkJ3VWQ,Finding the Length of an Arc,Maths_Genie,Year 11_15-16_Autumn_Foundation_Work with circles_5_Arc length and perimeter (E),Arc length and perimeter (E),current_2,available,public,True,processed,Finding the Length of an Arc
8oHRteP0OTo,Finding the circumference of a circle and the arc length,MooMooMath_and_Science,Year 11_15-16_Autumn_Foundation_Work with circles_5_Arc length and perimeter (E),Arc length and perimeter (E),current_3,available,public,True,processed,Finding the circumference of a circle and the arc length
FGfGzS2qx-k,Area of Composite Figures - Combining Multiple Shapes,Miacademy_&_MiaPrep_Learning_Channel,Year 11_15-16_Autumn_Foundation_Work with circles_6_Area and perimeter of compound shapes with circles,Area and perimeter of compound shapes with circles,current_1,available,public,True,processed,Area of Composite Figures - Combining Multiple Shapes
gXnsjZQFusQ,Compound Shapes - GCSE Maths,1st_Class_Maths,Year 11_15-16_Autumn_Foundation_Work with circles_6_Area and perimeter of compound shapes with circles,Area and perimeter of compound shapes with circles,current_2,available,public,True,processed,Compound Shapes - GCSE Maths
hxrG9u99Vxw,Can you figure out the area of the 3 circles given the information?,TabletClass_Math,Year 11_15-16_Autumn_Foundation_Work with circles_7_Solve problems with circles,Solve problems with circles,current_1,available,public,True,processed,Can you figure out the area of the 3 circles given the information?
H_ZYY7z0LsM,What is the EXACT AREA of a ring that has an inside radius of 6 cm and an outside radius of 12 cm?,TabletClass_Math,Year 11_15-16_Autumn_Foundation_Work with circles_7_Solve problems with circles,Solve problems with circles,current_2,available,public,True,processed,What is the EXACT AREA of a ring that has an inside radius of 6 cm and an outside radius of 12 cm?
JyuxVu6euFo,Sectors and Arc Lengths,Mathletic,Year 11_15-16_Autumn_Foundation_Work with circles_7_Solve problems with circles,Solve problems with circles,current_3,available,public,True,processed,Sectors and Arc Lengths
e_jqJtObKfI,GCSE Maths - How to find the Volumes of Cones and Pyramids (2026/27 exams),Cognito,Year 11_15-16_Autumn_Higher_Area and volume_3_Volume of cones and pyramids,Volume of cones and pyramids,current_1,available,public,True,processed,GCSE Maths - How to find the Volumes of Cones and Pyramids (2026/27 exams)
j06P-oKn094,How to Find the Volume of a Frustum,Cognito,Year 11_15-16_Autumn_Higher_Area and volume_5_Volume and surface area of a frustrum (E),Volume and surface area of a frustrum (E),current_1,available,public,True,processed,How to Find the Volume of a Frustum
PfXaB4Xwqek,Volume and Surface Area of a Right Circular Cone,Mometrix_Academy,Year 11_15-16_Autumn_Higher_Area and volume_5_Volume and surface area of a frustrum (E),Volume and surface area of a frustrum (E),current_2,available,public,True,processed,Volume and Surface Area of a Right Circular Cone
i5OPtpu_4k8,Volume of a Frustum - Corbettmaths,corbettmaths,Year 11_15-16_Autumn_Higher_Area and volume_5_Volume and surface area of a frustrum (E),Volume and surface area of a frustrum (E),current_3,available,public,True,processed,Volume of a Frustum - Corbettmaths
_j3PoV0DKmw,How to do CIRCLE THEOREMS! Higher GCSE Maths - Unit 16,HannahKettleMaths,Year 11_15-16_Autumn_Higher_Circle theorems_10_Solve problems with circle theorems,Solve problems with circle theorems,current_1,available,public,True,processed,How to do CIRCLE THEOREMS! Higher GCSE Maths - Unit 16
g1a8N8Z-yJE,Keep working on those circle theorems! #gcsemaths #maths #gcse #circletheorems,HannahKettleMaths,Year 11_15-16_Autumn_Higher_Circle theorems_10_Solve problems with circle theorems,Solve problems with circle theorems,current_2,available,public,True,processed,Keep working on those circle theorems! #gcsemaths #maths #gcse #circletheorems
nDsNYejz6-Y,Circle Theorems,HannahKettleMaths,Year 11_15-16_Autumn_Higher_Circle theorems_10_Solve problems with circle theorems,Solve problems with circle theorems,current_3,available,public,True,processed,Circle Theorems
BHFZkJYH8kw,Circle Theorems 🙌🏻,HannahKettleMaths,Year 11_15-16_Autumn_Higher_Circle theorems_1_Angles in circles,Angles in circles,current_2,available,public,True,processed,Circle Theorems 🙌🏻
dBIlCD_JF9Q,Circle Theorems - GCSE Higher Maths,1st_Class_Maths,Year 11_15-16_Autumn_Higher_Circle theorems_2_Circle theorem (angles at the centre and circumference),Circle theorem (angles at the centre and circumference),current_1,available,public,True,processed,Circle Theorems - GCSE Higher Maths
diS6kmhI3mY,Angles Inside the Circle - Central and Inscribed Angles,Miacademy_&_MiaPrep_Learning_Channel,Year 11_15-16_Autumn_Higher_Circle theorems_2_Circle theorem (angles at the centre and circumference),Circle theorem (angles at the centre and circumference),current_2,available,public,True,processed,Angles Inside the Circle - Central and Inscribed Angles
des4jx-5uS4,Circle Theorems,Maths_Genie,Year 11_15-16_Autumn_Higher_Circle theorems_2_Circle theorem (angles at the centre and circumference),Circle theorem (angles at the centre and circumference),current_3,available,public,True,processed,Circle Theorems
CmprPWcLtlk,Circle Theorem Proofs - GCSE Higher Maths,1st_Class_Maths,Year 11_15-16_Autumn_Higher_Circle theorems_3_Circle theorem (angles in a semicircle),Circle theorem (angles in a semicircle),current_3,available,public,True,processed,Circle Theorem Proofs - GCSE Higher Maths
vPntRCGkZCo,Angles in the Same Segment Proof,corbettmaths,Year 11_15-16_Autumn_Higher_Circle theorems_4_Circle theorem (angles in the same segment),Circle theorem (angles in the same segment),current_3,available,public,True,processed,Angles in the Same Segment Proof
BFkDkOY00Wk,Circle Theorem 4 - Cyclic Quadrilaterals,STWA_Mathematics,Year 11_15-16_Autumn_Higher_Circle theorems_5_Circle theorem (angles in a cyclic quadrilateral),Circle theorem (angles in a cyclic quadrilateral),current_3,available,public,True,processed,Circle Theorem 4 - Cyclic Quadrilaterals
Ne0l6VDCxow,The Perpendicular Bisector: Why It Passes Though The Circle Center! #circletheorem #gcse,TinyMaths,Year 11_15-16_Autumn_Higher_Circle theorems_6_Circle theorem (perpendicular from the centre to a chord),Circle theorem (perpendicular from the centre to a chord),current_1,available,public,True,processed,The Perpendicular Bisector: Why It Passes Though The Circle Center! #circletheorem #gcse
P3dUbWq0NIg,Circles (part 5)  Perpendicular Chord Bisector,Paul_Holloway,Year 11_15-16_Autumn_Higher_Circle theorems_6_Circle theorem (perpendicular from the centre to a chord),Circle theorem (perpendicular from the centre to a chord),current_2,available,public,True,processed,Circles (part 5)  Perpendicular Chord Bisector
jUhUGnpO-7M,Perpendicular Chord Bisector Theorem,Mathema_Teach,Year 11_15-16_Autumn_Higher_Circle theorems_6_Circle theorem (perpendicular from the centre to a chord),Circle theorem (perpendicular from the centre to a chord),current_3,available,public,True,processed,Perpendicular Chord Bisector Theorem
IcgycGSq9Us,TANGENT LINES AND CIRCLES EXPLAINED!,Mashup_Math,Year 11_15-16_Autumn_Higher_Circle theorems_7_Circle theorem (angle between radius and tangent),Circle theorem (angle between radius and tangent),current_2,available,public,True,processed,TANGENT LINES AND CIRCLES EXPLAINED!
cA7kU-6vhvo,Circle Theorem 3: Angle between the Radius and Tangent,MrMansbridgeMaths,Year 11_15-16_Autumn_Higher_Circle theorems_7_Circle theorem (angle between radius and tangent),Circle theorem (angle between radius and tangent),current_3,available,public,True,processed,Circle Theorem 3: Angle between the Radius and Tangent
_mVB8SeBNto,Tangent Segments to a Circle from Same Point are Congruent | Geometry,Wrath_of_Math,Year 11_15-16_Autumn_Higher_Circle theorems_8_Circle theorem (two tangents from a point),Circle theorem (two tangents from a point),current_1,available,public,True,processed,Tangent Segments to a Circle from Same Point are Congruent | Geometry
ZoSqd3dlU20,Two tangents from external point are equal Circle Theorem Example GCSE -GCSE-EDEXCEL-SAT,Anil_Kumar,Year 11_15-16_Autumn_Higher_Circle theorems_8_Circle theorem (two tangents from a point),Circle theorem (two tangents from a point),current_2,available,public,True,processed,Two tangents from external point are equal Circle Theorem Example GCSE -GCSE-EDEXCEL-SAT
T7KfbAgrL-A,Circle theorems - Alternate Segment Theorem,State_Of_Math,Year 11_15-16_Autumn_Higher_Circle theorems_9_Circle theorem (alternate segment theorem) (E),Circle theorem (alternate segment theorem) (E),current_1,available,public,True,processed,Circle theorems - Alternate Segment Theorem
JtxpF4Cc4Do,GCSE Proving The Circle Theorems: Alternate Segment Theorem,CamMathsTutor,Year 11_15-16_Autumn_Higher_Circle theorems_9_Circle theorem (alternate segment theorem) (E),Circle theorem (alternate segment theorem) (E),current_2,available,public,True,processed,GCSE Proving The Circle Theorems: Alternate Segment Theorem
fZzuwbusPN0,"8th Grade Math 3.1b, Representing Proportional Relationships with Equations, y=kx",JoAnn's_School,Year 11_15-16_Autumn_Higher_Ratio and proportion_5_Direct proportion equations,Direct proportion equations,current_1,embedding_disabled,public,False,processed,"8th Grade Math 3.1b, Representing Proportional Relationships with Equations, y=kx"
rtLKCv5buLw,Direct & Inverse Proportion Explained (with example Qs) - IGCSE and GCSE Maths,Save_My_Exams,Year 11_15-16_Autumn_Higher_Ratio and proportion_6_Complex direct proportion equations (E),Complex direct proportion equations (E),current_1,available,public,True,processed,Direct and Inverse Proportion Explained for IGCSE and GCSE Maths
OCZSFmHnNI4,GCSE Maths - What Does Inversely Proportional Mean? (2026/27 exams),Cognito,Year 11_15-16_Autumn_Higher_Ratio and proportion_7_Inverse proportion,Inverse proportion,current_2,available,public,True,processed,GCSE Maths - What Does Inversely Proportional Mean? (2026/27 exams)
5WJCOPTPV3c,Directly and Inversely Proportional Relationships,Learn_Math_Tutorials,Year 11_15-16_Autumn_Higher_Ratio and proportion_8_Inverse proportion equations (E),Inverse proportion equations (E),current_1,available,public,True,processed,Directly and Inversely Proportional Relationships
uZ6l-loSdRs,Inverse Proportion - Corbettmaths,corbettmaths,Year 11_15-16_Autumn_Higher_Ratio and proportion_8_Inverse proportion equations (E),Inverse proportion equations (E),current_3,available,public,True,processed,Inverse Proportion - Corbettmaths
YACkCcTK3oc,Proportionality Graphs Answers - Corbettmaths,corbettmaths,Year 11_15-16_Autumn_Higher_Ratio and proportion_9_Direct and indirect proportion graphs,Direct and indirect proportion graphs,current_2,available,public,True,processed,Proportionality Graphs Answers - Corbettmaths
_cooC3yG_p0,"Introduction to arithmetic sequences | Sequences, series and induction | Precalculus | Khan Academy",Khan_Academy,Year 11_15-16_Autumn_Higher_Sequences and proof_1_Describe and continue sequences,Describe and continue sequences,current_3,available,public,True,processed,"Introduction to arithmetic sequences | Sequences, series and induction | Precalculus | Khan Academy"
-_myO_Lmdbw,Arithmetic and Geometric SEQUENCES (full lesson) | math 11 | jensenmath.ca,JensenMath,Year 11_15-16_Autumn_Higher_Sequences and proof_2_Explore sequences with algebraic terms,Explore sequences with algebraic terms,current_1,available,public,True,processed,Arithmetic and Geometric SEQUENCES (full lesson) | math 11 | jensenmath.ca
cS0B0RYP85E,Arithmetic Sequences - Practice Identifying and Creating Arithmetic Sequences,Miacademy_&_MiaPrep_Learning_Channel,Year 11_15-16_Autumn_Higher_Sequences and proof_2_Explore sequences with algebraic terms,Explore sequences with algebraic terms,current_3,available,public,True,processed,Arithmetic Sequences - Practice Identifying and Creating Arithmetic Sequences
ImEizzaJ0yw,"Geometric, Quadratic, and Non-Linear Sequences: Edexcel GCSE Maths Revision",Math_Revision_LM,Year 11_15-16_Autumn_Higher_Sequences and proof_3_Describe and continue sequences involving surds (E),Describe and continue sequences involving surds (E),current_1,available,public,True,processed,"Geometric, Quadratic, and Non-Linear Sequences: Edexcel GCSE Maths Revision"
TbDxf7nLhTs,Aiming For Grade 9: Geometric Sequences | GCSE Maths | The Online Maths Tutor,The_Online_Maths_Tutor,Year 11_15-16_Autumn_Higher_Sequences and proof_3_Describe and continue sequences involving surds (E),Describe and continue sequences involving surds (E),current_2,available,public,True,processed,Aiming For Grade 9: Geometric Sequences | GCSE Maths | The Online Maths Tutor
opABSZ0eXpc,ALGEBRA - Sequences: Arithmetic Progressions (Part 1),Thinking_Mathematics,Year 11_15-16_Autumn_Higher_Sequences and proof_4_Generate a sequence given an algebraic rule,Generate a sequence given an algebraic rule,current_1,available,public,True,processed,ALGEBRA - Sequences: Arithmetic Progressions (Part 1)
IEjrH1Zy1vc,Using Arithmetic Sequence Formulas- Algebra for Teens!,Miacademy_&_MiaPrep_Learning_Channel,Year 11_15-16_Autumn_Higher_Sequences and proof_4_Generate a sequence given an algebraic rule,Generate a sequence given an algebraic rule,current_3,available,public,True,processed,Using Arithmetic Sequence Formulas- Algebra for Teens!
EW-lYH1QEWc,Finding the Nth Term // Nth Term of Linear Sequences,Maths_Tutor_Tom,Year 11_15-16_Autumn_Higher_Sequences and proof_5_nth term of a linear sequence,nth term of a linear sequence,current_1,available,public,True,processed,Finding the Nth Term // Nth Term of Linear Sequences
qnVVTBAfNu4,The nth Term - Corbettmaths,corbettmaths,Year 11_15-16_Autumn_Higher_Sequences and proof_5_nth term of a linear sequence,nth term of a linear sequence,current_2,available,public,True,processed,The nth Term - Corbettmaths
Z6nK13rbB2c,GCSE Maths: A25h-05 Finding the nth term for a Quadratic Sequence,TLMaths,Year 11_15-16_Autumn_Higher_Sequences and proof_6_nth term of a quadratic sequence (E),nth term of a quadratic sequence (E),current_1,available,public,True,processed,GCSE Maths: A25h-05 Finding the nth term for a Quadratic Sequence
Fe5G807JJGE,GCSE Maths: Quadratic Sequences Explained,Maths_Tutor_Mitchell_Dye,Year 11_15-16_Autumn_Higher_Sequences and proof_6_nth term of a quadratic sequence (E),nth term of a quadratic sequence (E),current_2,available,public,True,processed,GCSE Maths: Quadratic Sequences Explained
AL-joUBnEIw,Quadratic Sequences Version 1 - Corbettmaths,corbettmaths,Year 11_15-16_Autumn_Higher_Sequences and proof_6_nth term of a quadratic sequence (E),nth term of a quadratic sequence (E),current_3,available,public,True,processed,Quadratic Sequences Version 1 - Corbettmaths
K1oN-xfH5Ao,"Algebra I #3.11b, Consecutive integers - Odd or Even",JoAnn's_School,Year 11_15-16_Autumn_Higher_Sequences and proof_7_Represent numbers algebraically,Represent numbers algebraically,current_3,available,public,True,processed,"Algebra I #3.11b, Consecutive integers - Odd or Even"
ppw-ffPmmGo,Algebraic Proofs - Using Algebra in Geometry Proofs,Miacademy_&_MiaPrep_Learning_Channel,Year 11_15-16_Autumn_Higher_Sequences and proof_8_Algebraic arguments and proof,Algebraic arguments and proof,current_1,available,public,True,processed,Algebraic Proofs - Using Algebra in Geometry Proofs
i90-2GwWoVE,Venn diagrams - Notation and Symbols used : ExamSolutions Maths Revision,ExamSolutions,Year 11_15-16_Autumn_Higher_Set notation and Venn diagrams_1_Set notation,Set notation,current_1,available,public,True,processed,Venn diagrams - Notation and Symbols used : ExamSolutions Maths Revision
yviq6giZ-nc,Sets and Venn Diagrams (AQA) - GCSE Maths,1st_Class_Maths,Year 11_15-16_Autumn_Higher_Set notation and Venn diagrams_1_Set notation,Set notation,current_2,available,public,True,processed,Sets and Venn Diagrams (AQA) - GCSE Maths
uR70knMr2Hg,"Algebra 3 - Venn Diagrams, Unions, and Intersections",MyWhyU,Year 11_15-16_Autumn_Higher_Set notation and Venn diagrams_1_Set notation,Set notation,current_3,available,public,True,processed,"Algebra 3 - Venn Diagrams, Unions, and Intersections"
ibINrxJLvlM,Intro to Conditional Probability,Dr._Trefor_Bazett,Year 11_15-16_Autumn_Higher_Set notation and Venn diagrams_4_Conditional probability (Venn diagrams and two-way tables (E),Conditional probability (Venn diagrams and two-way tables (E),current_1,available,public,True,processed,Intro to Conditional Probability
fQGgaF0KHKs,Year 8 - Probability Lesson 7a - Venn Diagrams,Peter_Eley,Year 11_15-16_Autumn_Higher_Set notation and Venn diagrams_4_Conditional probability (Venn diagrams and two-way tables (E),Conditional probability (Venn diagrams and two-way tables (E),current_2,available,public,True,processed,Year 8 - Probability Lesson 7a - Venn Diagrams
PUDk7UL6u2I,Similar Shapes - GCSE Maths,1st_Class_Maths,Year 11_15-16_Autumn_Higher_Similarity and congruence_1_Find unknown lengths and angles in similar shapes,Find unknown lengths and angles in similar shapes,current_3,available,public,True,processed,Similar Shapes - GCSE Maths
hk_o0pzKSds,Similar Triangles – Triangle Similarity With Missing Information,Miacademy_&_MiaPrep_Learning_Channel,Year 11_15-16_Autumn_Higher_Similarity and congruence_2_Identify similar triangles,Identify similar triangles,current_1,available,public,True,processed,Similar Triangles – Triangle Similarity With Missing Information
f_IjLZbrUa8,"8th Grade Math 11.3a, Discovering Angle-Angle Similarity",JoAnn's_School,Year 11_15-16_Autumn_Higher_Similarity and congruence_2_Identify similar triangles,Identify similar triangles,current_2,available,public,True,processed,"8th Grade Math 11.3a, Discovering Angle-Angle Similarity"
VpLFmuZ292U,Angles in similar triangles (8th grade math),Maths_4_Kids,Year 11_15-16_Autumn_Higher_Similarity and congruence_2_Identify similar triangles,Identify similar triangles,current_3,available,public,True,processed,Angles in similar triangles (8th grade math)
VHQ_WoyQdUg,Area of Similar Figures - Using Ratios To Compare Areas,Miacademy_&_MiaPrep_Learning_Channel,Year 11_15-16_Autumn_Higher_Similarity and congruence_5_Areas of similar shapes,Areas of similar shapes,current_1,available,public,True,processed,Area of Similar Figures - Using Ratios To Compare Areas
HA6gjFLm2Gk,Congruent Similar Shapes - Corbettmaths,corbettmaths,Year 11_15-16_Autumn_Higher_Similarity and congruence_5_Areas of similar shapes,Areas of similar shapes,current_2,available,public,True,processed,Congruent Similar Shapes - Corbettmaths
PWMHYjkO3OI,Proportional Change of Dimensions,Mometrix_Academy,Year 11_15-16_Autumn_Higher_Similarity and congruence_5_Areas of similar shapes,Areas of similar shapes,current_3,available,public,True,processed,Proportional Change of Dimensions
0U1T_f5xb98,Similar Areas and Volumes - GCSE Higher Maths,1st_Class_Maths,Year 11_15-16_Autumn_Higher_Similarity and congruence_6_Volumes of similar shapes,Volumes of similar shapes,current_1,available,public,True,processed,Similar Areas and Volumes - GCSE Higher Maths
QMI90tONvzQ,Similar Shapes: Volumes,corbettmaths,Year 11_15-16_Autumn_Higher_Similarity and congruence_6_Volumes of similar shapes,Volumes of similar shapes,current_3,available,public,True,processed,Similar Shapes: Volumes
vT0cBkBn5UA,Home School Week 4 Review (C),Maths_Genie,Year 11_15-16_Autumn_Higher_Similarity and congruence_7_Solve problems with area and volume in similar shapes,Solve problems with area and volume in similar shapes,current_3,available,public,True,processed,Home School Week 4 Review (C)
pW770w6d5AM,Congruent Triangles,Maths_Genie,Year 11_15-16_Autumn_Higher_Similarity and congruence_8_Prove a pair of triangles are congruent,Prove a pair of triangles are congruent,current_2,available,public,True,processed,Congruent Triangles
osuaAyyg1bY,Adding numbers in standard form,Maths_Genie,Year 11_15-16_Autumn_Higher_Standard form_2_Four operations with numbers in standard form,Four operations with numbers in standard form,current_3,available,public,True,processed,Adding numbers in standard form
l9oDh05mCgE,Applying Vector Equations of Lines (1 of 2: Verifying points on a line),Eddie_Woo,Year 11_15-16_Autumn_Higher_Vectors_1_Solve problems with vectors,Solve problems with vectors,current_3,available,public,True,processed,Applying Vector Equations of Lines (1 of 2: Verifying points on a line)
uQDO9UyA3Cc,Ratio Division with Vectors (1 of 2: Internal),Eddie_Woo,Year 11_15-16_Autumn_Higher_Vectors_2_Ratios with vectors (E),Ratios with vectors (E),current_1,available,public,True,processed,Ratio Division with Vectors (1 of 2: Internal)
Z0vhq_iSi7A,Vector Arithmetic with Ratio Division (1 of 3: Thinking geometrically),Eddie_Woo,Year 11_15-16_Autumn_Higher_Vectors_2_Ratios with vectors (E),Ratios with vectors (E),current_2,available,public,True,processed,Vector Arithmetic with Ratio Division (1 of 3: Thinking geometrically)
4qm7cE9FCOA,Spicy Questions #49 Solution,1st_Class_Maths,Year 11_15-16_Autumn_Higher_Vectors_2_Ratios with vectors (E),Ratios with vectors (E),current_3,available,public,True,processed,Spicy Questions #49 Solution
Y_hRHhnNIzk,Collinear Vectors,e-DEOlogy,Year 11_15-16_Autumn_Higher_Vectors_3_Collinear points using vectors (E),Collinear points using vectors (E),current_2,available,public,True,processed,Collinear Vectors
a3869KY7EDQ,Colinear Points - Example 1,Firefly_Lectures,Year 11_15-16_Autumn_Higher_Vectors_3_Collinear points using vectors (E),Collinear points using vectors (E),current_3,available,public,True,processed,Colinear Points - Example 1
1wj2Y8rPGuE,Bearings GCSE Practice Questions,Minity_Maths,Year 11_15-16_Spring_Foundation_Angles bearings and trigonometry_10_Solve problems with bearings using Pythagoras and trigonometry (E),Solve problems with bearings using Pythagoras and trigonometry (E),current_1,available,public,True,processed,Bearings GCSE Practice Questions
GdKgyXYlNO8,Bearings - GCSE Maths,1st_Class_Maths,Year 11_15-16_Spring_Foundation_Angles bearings and trigonometry_10_Solve problems with bearings using Pythagoras and trigonometry (E),Solve problems with bearings using Pythagoras and trigonometry (E),current_2,available,public,True,processed,Bearings - GCSE Maths
KVJgNw2M3eo,Use Bearings to find Distances - VividMath.com,VividMath,Year 11_15-16_Spring_Foundation_Angles bearings and trigonometry_10_Solve problems with bearings using Pythagoras and trigonometry (E),Solve problems with bearings using Pythagoras and trigonometry (E),current_3,available,public,True,processed,Use Bearings to find Distances - VividMath.com
mkGQFXtflrI,Lines and Angles: Part 1 - Recognizing Relationships Between Pairs of Lines and Angles,Miacademy_&_MiaPrep_Learning_Channel,Year 11_15-16_Spring_Foundation_Angles bearings and trigonometry_1_Angles in lines and shapes,Angles in lines and shapes,current_2,available,public,True,processed,Lines and Angles: Part 1 - Recognizing Relationships Between Pairs of Lines and Angles
FD9DVFBpCMI,GCSE Maths - 5 Angle Rules to Know (2026/27 exams),Cognito,Year 11_15-16_Spring_Foundation_Angles bearings and trigonometry_1_Angles in lines and shapes,Angles in lines and shapes,current_3,available,public,True,processed,GCSE Maths - 5 Angle Rules to Know (2026/27 exams)
oM1r1GrB84w,Proving Lines Parallel - Using Angle Relationships in Geometry,Miacademy_&_MiaPrep_Learning_Channel,Year 11_15-16_Spring_Foundation_Angles bearings and trigonometry_2_Solve problems with angles in parallel lines,Solve problems with angles in parallel lines,current_2,available,public,True,processed,Proving Lines Parallel - Using Angle Relationships in Geometry
KCHfDppcnJA,Angles,Mometrix_Academy,Year 11_15-16_Spring_Foundation_Angles bearings and trigonometry_2_Solve problems with angles in parallel lines,Solve problems with angles in parallel lines,current_3,available,public,True,processed,Angles
koLVv-vU9xw,"4th Grade Math 11.5, Word Problem Solving, Unknown Angle Measures",JoAnn's_School,Year 11_15-16_Spring_Foundation_Angles bearings and trigonometry_3_Solve problems with angles and algebra (E),Solve problems with angles and algebra (E),current_1,available,public,True,processed,"4th Grade Math 11.5, Word Problem Solving, Unknown Angle Measures"
TRmG940tyxc,4C Bearings (1 of 3),Mr_Bodgers,Year 11_15-16_Spring_Foundation_Angles bearings and trigonometry_4_Compass points and related angles,Compass points and related angles,current_1,available,public,True,processed,4C Bearings (1 of 3)
nFvHllElhRo,Bearings In Maths,Minity_Maths,Year 11_15-16_Spring_Foundation_Angles bearings and trigonometry_4_Compass points and related angles,Compass points and related angles,current_3,available,public,True,processed,Bearings In Maths
mIlZSiIZPco,Bearings,Maths_Genie,Year 11_15-16_Spring_Foundation_Angles bearings and trigonometry_5_Understand and represent bearings,Understand and represent bearings,current_2,available,public,True,processed,Bearings
pm8i-thxvCo,GCSE Maths - What are Bearings? (2026/27 exams),Cognito,Year 11_15-16_Spring_Foundation_Angles bearings and trigonometry_5_Understand and represent bearings,Understand and represent bearings,current_3,available,public,True,processed,GCSE Maths - What are Bearings? (2026/27 exams)
VArC72z0gUc,Scale Drawings Using Bearings,Alison_Maths_Tutor,Year 11_15-16_Spring_Foundation_Angles bearings and trigonometry_7_Scale drawings using bearings,Scale drawings using bearings,current_3,available,public,True,processed,Scale Drawings Using Bearings
kGmnahrTjVc,Unit Wrap-Up: Trigonometry - Geometry Assessment,Miacademy_&_MiaPrep_Learning_Channel,Year 11_15-16_Spring_Foundation_Angles bearings and trigonometry_9_Choose appropriate methods to solve problems with right-angled triangles,Choose appropriate methods to solve problems with right-angled triangles,current_1,available,public,True,processed,Unit Wrap-Up: Trigonometry - Geometry Assessment
WqhlG3Vakw8,Math Antics - The Pythagorean Theorem,mathantics,Year 11_15-16_Spring_Foundation_Angles bearings and trigonometry_9_Choose appropriate methods to solve problems with right-angled triangles,Choose appropriate methods to solve problems with right-angled triangles,current_2,available,public,True,processed,Math Antics - The Pythagorean Theorem
lRDHqGqRNwg,Trigonometry (SOHCAHTOA) - GCSE Maths,1st_Class_Maths,Year 11_15-16_Spring_Foundation_Angles bearings and trigonometry_9_Choose appropriate methods to solve problems with right-angled triangles,Choose appropriate methods to solve problems with right-angled triangles,current_3,available,public,True,processed,Trigonometry (SOHCAHTOA) - GCSE Maths
hyC-dmLk3JA,Loci - GCSE Maths,1st_Class_Maths,Year 11_15-16_Spring_Foundation_Constructions and Loci_10_Solve loci problems,Solve loci problems,current_1,available,public,True,processed,Loci - GCSE Maths
YePr2iVdXsY,Understanding Loci | Mathematics GCSE | Foundation,CENTURY_Tech,Year 11_15-16_Spring_Foundation_Constructions and Loci_10_Solve loci problems,Solve loci problems,current_2,available,public,True,processed,Understanding Loci | Mathematics GCSE | Foundation
bbklNewddqw,Loci and Construction - Q1 GCSE Maths Revision Walking Talking Topics with Mr Barton,mrbartonmaths1,Year 11_15-16_Spring_Foundation_Constructions and Loci_10_Solve loci problems,Solve loci problems,current_3,available,public,True,processed,Loci and Construction - Q1 GCSE Maths Revision Walking Talking Topics with Mr Barton
3viWgGJmkFo,Constructions - GCSE Maths,1st_Class_Maths,Year 11_15-16_Spring_Foundation_Constructions and Loci_1_Use geometrical equipment,Use geometrical equipment,current_1,available,public,True,processed,Constructions - GCSE Maths
ZY0T1V1Ja_I,"Geometry 4.5b, Side-Angle-Side (SAS) congruence & construct triangles using SAS",JoAnn's_School,Year 11_15-16_Spring_Foundation_Constructions and Loci_2_Accurately draw triangles,Accurately draw triangles,current_1,available,public,True,processed,"Geometry 4.5b, Side-Angle-Side (SAS) congruence & construct triangles using SAS"
UzNWf737nNk,"Construction of Triangles- SAS, ASA and RHS",APC_BOOKS,Year 11_15-16_Spring_Foundation_Constructions and Loci_2_Accurately draw triangles,Accurately draw triangles,current_3,available,public,True,processed,"Construction of Triangles- SAS, ASA and RHS"
i2kRB5KPJT8,"Geometry 6.1e, Construct regular polygons with a compass & straightedge",JoAnn's_School,Year 11_15-16_Spring_Foundation_Constructions and Loci_3_Accurately draw polygons (E),Accurately draw polygons (E),current_1,available,public,True,processed,"Geometry 6.1e, Construct regular polygons with a compass & straightedge"
0C3VM_gljnU,Copying and Bisecting Angles - Geometry Construction Skills,Miacademy_&_MiaPrep_Learning_Channel,Year 11_15-16_Spring_Foundation_Constructions and Loci_4_Construct an angle bisector,Construct an angle bisector,current_2,deleted,deleted,False,deleted,
YWyEB1IL58Y,How to Construct Perpendicular Bisectors and Angle Bisectors Using Straight Edge and Compass,The_Geomestic,Year 11_15-16_Spring_Foundation_Constructions and Loci_4_Construct an angle bisector,Construct an angle bisector,current_3,available,public,True,processed,How to Construct Perpendicular Bisectors and Angle Bisectors Using Straight Edge and Compass
4FqUbCsLJC8,GCSE Maths Constructions: Perpendicular Bisector,Maths_and_Gravy,Year 11_15-16_Spring_Foundation_Constructions and Loci_5_Construct a perpendicular bisector,Construct a perpendicular bisector,current_1,available,public,True,processed,GCSE Maths Constructions: Perpendicular Bisector
1beKcgU9ogE,Perpendicular Bisectors - Corbettmaths,corbettmaths,Year 11_15-16_Spring_Foundation_Constructions and Loci_5_Construct a perpendicular bisector,Construct a perpendicular bisector,current_2,available,public,True,processed,Perpendicular Bisectors - Corbettmaths
9YVEvpAXatY,Constructing Parallel and Perpendicular Lines - Geometry for High School,Miacademy_&_MiaPrep_Learning_Channel,Year 11_15-16_Spring_Foundation_Constructions and Loci_5_Construct a perpendicular bisector,Construct a perpendicular bisector,current_3,available,public,True,processed,Constructing Parallel and Perpendicular Lines - Geometry for High School
QXTGppe38ws,GCSE Maths - Constructions (Perpendicular Bisectors),helenwestwoodmaths,Year 11_15-16_Spring_Foundation_Constructions and Loci_6_Construct a perpendicular from or to a point,Construct a perpendicular from or to a point,current_1,available,public,True,processed,GCSE Maths - Constructions (Perpendicular Bisectors)
DlFrzkMGfUc,"Geometry 3.4c, Construct Perpendicular line to a given line through a given point",JoAnn's_School,Year 11_15-16_Spring_Foundation_Constructions and Loci_6_Construct a perpendicular from or to a point,Construct a perpendicular from or to a point,current_2,available,public,True,processed,"Geometry 3.4c, Construct Perpendicular line to a given line through a given point"
aHdLXlup0YE,Geometry Construction: constructing a line passing through a point perpendicular to a given line,math_man,Year 11_15-16_Spring_Foundation_Constructions and Loci_6_Construct a perpendicular from or to a point,Construct a perpendicular from or to a point,current_3,available,public,True,processed,Geometry Construction: constructing a line passing through a point perpendicular to a given line
sT1SLexvrQo,Construction of a Triangle from Loci of a Circle and a Line – Step-by-Step Geometry,STEMupAfrica,Year 11_15-16_Spring_Foundation_Constructions and Loci_7_Locus of distance from a point or a straight line,Locus of distance from a point or a straight line,current_3,available,public,True,processed,Construction of a Triangle from Loci of a Circle and a Line – Step-by-Step Geometry
Emlppy7WYKo,Locus of points equidistant from two given points,Sean_O'Bryan,Year 11_15-16_Spring_Foundation_Constructions and Loci_8_Locus equidistant from two points,Locus equidistant from two points,current_3,available,public,True,processed,Locus of points equidistant from two given points
ERjfPAo9yWk,Locus V (Equidistant from two intersecting lines),Mr._Estrada,Year 11_15-16_Spring_Foundation_Constructions and Loci_9_Locus equidistant from two lines,Locus equidistant from two lines,current_3,available,public,True,processed,Locus V (Equidistant from two intersecting lines)
7NGtQnxfG9E,Solve (2/3)h = 1/4 | Basic Algebra Equation with Fractions Made Easy,TabletClass_Math,Year 11_15-16_Spring_Foundation_Equations and formulae_1_Solve equations,Solve equations,current_2,available,public,True,processed,Solve (2/3)h = 1/4 | Basic Algebra Equation with Fractions Made Easy
CxYMj1yKeK0,Solving One-Step Equations: Part 2 – Equations With Multiplication and Division,Miacademy_&_MiaPrep_Learning_Channel,Year 11_15-16_Spring_Foundation_Equations and formulae_1_Solve equations,Solve equations,current_3,available,public,True,processed,Solving One-Step Equations: Part 2 – Equations With Multiplication and Division
l3XzepN03KQ,Algebra Basics: Solving Basic Equations Part 1 - Math Antics,mathantics,Year 11_15-16_Spring_Foundation_Equations and formulae_3_Form and solve equations with unknowns on both sides (E),Form and solve equations with unknowns on both sides (E),current_3,available,public,True,processed,Algebra Basics: Solving Basic Equations Part 1 - Math Antics
OOv3Pfku_dg,Teach Me About Compound Inequalities That Use And & Or,Miacademy_&_MiaPrep_Learning_Channel,Year 11_15-16_Spring_Foundation_Equations and formulae_6_Form and solve more complex equations and inequalities (E),Form and solve more complex equations and inequalities (E),current_1,available,public,True,processed,Teach Me About Compound Inequalities That Use And & Or
Zxq4M0vCQLA,Compound Inequalities: Part 1 - Solving and Graphing,Miacademy_&_MiaPrep_Learning_Channel,Year 11_15-16_Spring_Foundation_Equations and formulae_6_Form and solve more complex equations and inequalities (E),Form and solve more complex equations and inequalities (E),current_3,available,public,True,processed,Compound Inequalities: Part 1 - Solving and Graphing
l0E4Y7drlJc,Solving Systems by Substitution: Part 2 - Continue Solving With Substitution,Miacademy_&_MiaPrep_Learning_Channel,Year 11_15-16_Spring_Foundation_Equations and formulae_7_Solve simultaneous equations,Solve simultaneous equations,current_1,available,public,True,processed,Solving Systems by Substitution: Part 2 - Continue Solving With Substitution
8TNtQHtDmJk,Substitution and Elimination for Solving Linear Systems,Mometrix_Academy,Year 11_15-16_Spring_Foundation_Equations and formulae_7_Solve simultaneous equations,Solve simultaneous equations,current_2,available,public,True,processed,Substitution and Elimination for Solving Linear Systems
o5JosuKTUyA,Simultaneous Equations grade 10 | Introduction to Elimination and Substitution,Kevinmathscience,Year 11_15-16_Spring_Foundation_Equations and formulae_7_Solve simultaneous equations,Solve simultaneous equations,current_3,available,public,True,processed,Simultaneous Equations grade 10 | Introduction to Elimination and Substitution
5R-WjmWu9_Y,Function machines,Maesteg_Maths,Year 11_15-16_Spring_Foundation_Functions and graphs_1_Function machines,Function machines,current_1,available,public,True,processed,Function machines
a0z3hQ4Qtxw,2 Step Function Machines,Summerhill_Maths,Year 11_15-16_Spring_Foundation_Functions and graphs_1_Function machines,Function machines,current_2,available,public,True,processed,2 Step Function Machines
jnguI1FtOjM,One Step Function Machines,Miss_P-H,Year 11_15-16_Spring_Foundation_Functions and graphs_1_Function machines,Function machines,current_3,available,public,True,processed,One Step Function Machines
xMNfgaq0gfI,Function Machines (2) F3-F5,Battersea_Classroom,Year 11_15-16_Spring_Foundation_Functions and graphs_2_Write an expression or formula from a function machine,Write an expression or formula from a function machine,current_1,available,public,True,processed,Function Machines (2) F3-F5
dx8ZRr5OlYI,Evaluating Functions - How To Use Function Notation and Find Values,Miacademy_&_MiaPrep_Learning_Channel,Year 11_15-16_Spring_Foundation_Functions and graphs_2_Write an expression or formula from a function machine,Write an expression or formula from a function machine,current_2,available,public,True,processed,Evaluating Functions - How To Use Function Notation and Find Values
8ymR6R5jG5k,"Quadratic Function Attributes – Identify Axis, Vertex, and More",Miacademy_&_MiaPrep_Learning_Channel,Year 11_15-16_Spring_Foundation_Functions and graphs_3_Quadratic graphs,Quadratic graphs,current_2,available,public,True,processed,"Quadratic Function Attributes – Identify Axis, Vertex, and More"
VIB8c_V4Buk,"Algebra I #12.4b, Graph a Quadratic Function with Table of values",JoAnn's_School,Year 11_15-16_Spring_Foundation_Functions and graphs_3_Quadratic graphs,Quadratic graphs,current_3,available,public,True,processed,"Algebra I #12.4b, Graph a Quadratic Function with Table of values"
xvNsqe8E6Tk,Reciprocal Functions - Explore Graphs and Properties,Miacademy_&_MiaPrep_Learning_Channel,Year 11_15-16_Spring_Foundation_Functions and graphs_5_Reciprocal graphs,Reciprocal graphs,current_1,available,public,True,processed,Reciprocal Functions - Explore Graphs and Properties
1xmdZ2Wqznc,GCSE Maths - What are Reciprocal Graphs? (2026/27 exams),Cognito,Year 11_15-16_Spring_Foundation_Functions and graphs_5_Reciprocal graphs,Reciprocal graphs,current_2,available,public,True,processed,GCSE Maths - What are Reciprocal Graphs? (2026/27 exams)
2TfjOtERnP0,"Cubic, Square Root, & Rational Functions | Domain & Range | Intercepts | Increasing & Decreasing",Eat_Pi,Year 11_15-16_Spring_Foundation_Functions and graphs_5_Reciprocal graphs,Reciprocal graphs,current_3,available,public,True,processed,"Cubic, Square Root, & Rational Functions | Domain & Range | Intercepts | Increasing & Decreasing"
kR_xU2z8leY,"How to Calculate Distance & Convert Units (km, m, cm, mm)",Little_Readers_English,Year 11_15-16_Spring_Foundation_Rates_1_Convert between hours and minutes,Convert between hours and minutes,current_1,available,public,True,processed,"How to Calculate Distance & Convert Units (km, m, cm, mm)"
5N3_yXTFrp8,Time Calculations,Maths_Genie,Year 11_15-16_Spring_Foundation_Rates_1_Convert between hours and minutes,Convert between hours and minutes,current_2,available,public,True,processed,Time Calculations
xYju8rc-HHA,"How Many HOURS to Drain a 15,000 Gallon Pool with a 25 gal/min Pump?",TabletClass_Math,Year 11_15-16_Spring_Foundation_Rates_1_Convert between hours and minutes,Convert between hours and minutes,current_3,available,public,True,processed,"How Many HOURS to Drain a 15,000 Gallon Pool with a 25 gal/min Pump?"
7fz-4BUDyqg,"The Speed, Distance and Time trick [No Ads]",Xcelerate_Math,"Year 11_15-16_Spring_Foundation_Rates_2_Speed, distance and time","Speed, distance and time",current_1,available,public,True,processed,"The Speed, Distance and Time trick [No Ads]"
wg9s2Mr_FHM,"Distance, Rate, Time Problems - Solving Classic Algebra Word Problems",Miacademy_&_MiaPrep_Learning_Channel,"Year 11_15-16_Spring_Foundation_Rates_2_Speed, distance and time","Speed, distance and time",current_2,available,public,True,processed,"Distance, Rate, Time Problems - Solving Classic Algebra Word Problems"
d5lcGCbV5cM,Thinking about reasonable units to describe a rate | Algebra I | Khan Academy,Khan_Academy,"Year 11_15-16_Spring_Foundation_Rates_2_Speed, distance and time","Speed, distance and time",current_3,available,public,True,processed,Thinking about reasonable units to describe a rate | Algebra I | Khan Academy
lrHAnr9cYdQ,Distance Time Graphs | Geometry | Maths | FuseSchool,MooMooMath_and_Science,Year 11_15-16_Spring_Foundation_Rates_3_Interpret distance-time graphs,Interpret distance-time graphs,current_2,available,public,True,processed,Distance Time Graphs | Geometry | Maths | FuseSchool
RM02SnuJ0MY,GCSE Physics - Distance-Time Graphs,Cognito,Year 11_15-16_Spring_Foundation_Rates_3_Interpret distance-time graphs,Interpret distance-time graphs,current_3,available,public,True,processed,GCSE Physics - Distance-Time Graphs
tkZE3aflNTY,Ratio and Proportion - Density Mass Volume,MME,Year 11_15-16_Spring_Foundation_Rates_5_Density and pressure,Density and pressure,current_1,available,public,True,processed,Ratio and Proportion - Density Mass Volume
pAvV48uZpsI,Density mass volume (new GCSE maths),Mr_Duncan,Year 11_15-16_Spring_Foundation_Rates_5_Density and pressure,Density and pressure,current_2,available,public,True,processed,Density mass volume (new GCSE maths)
uDjfPRp6HRA,"Calculating Density, Mass, and Volume",Austin_Dicken,Year 11_15-16_Spring_Foundation_Rates_5_Density and pressure,Density and pressure,current_3,available,public,True,processed,"Calculating Density, Mass, and Volume"
ajvZCuHTXnk,Master Speed Conversion: Meters per Second to Kilometers per Hour Made Easy! 🚀,Amazing_Converter,Year 11_15-16_Spring_Foundation_Rates_6_Convert compound units (E),Convert compound units (E),current_1,available,public,True,processed,Master Speed Conversion: Meters per Second to Kilometers per Hour Made Easy! 🚀
JS4bUxxOr0M,Dimensional Analysis,YaleCourses,Year 11_15-16_Spring_Foundation_Rates_6_Convert compound units (E),Convert compound units (E),current_2,available,public,True,processed,Dimensional Analysis
z8NUrhU2e6M,Enlargements - GCSE Maths,1st_Class_Maths,Year 11_15-16_Spring_Foundation_Transformations_1_Enlargement (positive scale factor),Enlargement (positive scale factor),current_1,available,public,True,processed,Enlargements - GCSE Maths
zwLSarzXBvQ,Enlargements,BaddFlexx,Year 11_15-16_Spring_Foundation_Transformations_1_Enlargement (positive scale factor),Enlargement (positive scale factor),current_2,available,public,True,processed,Enlargements
9kACRXMgXbw,Enlargements. How To Enlarge A Triangle By A Scale Factor From A Centre Of Enlargement.,Maths_Mark,Year 11_15-16_Spring_Foundation_Transformations_1_Enlargement (positive scale factor),Enlargement (positive scale factor),current_3,available,public,True,processed,Enlargements. How To Enlarge A Triangle By A Scale Factor From A Centre Of Enlargement.
vsNEt03o_N8,Maths Made Easy! Transformations #4: Enlargement [O&U Learn],O_and_U_learn,Year 11_15-16_Spring_Foundation_Transformations_2_Enlargement (fractional scale factor),Enlargement (fractional scale factor),current_1,available,public,True,processed,Maths Made Easy! Transformations #4: Enlargement [O&U Learn]
22zNVcV_iKQ,Enlargement with fractional scale factors - Corbettmaths,corbettmaths,Year 11_15-16_Spring_Foundation_Transformations_2_Enlargement (fractional scale factor),Enlargement (fractional scale factor),current_2,available,public,True,processed,Enlargement with fractional scale factors - Corbettmaths
UUzhM0hAifA,Enlargement (Transformations of Shapes),Maths_Genie,Year 11_15-16_Spring_Foundation_Transformations_2_Enlargement (fractional scale factor),Enlargement (fractional scale factor),current_3,available,public,True,processed,Enlargement (Transformations of Shapes)
Tnt04_YJmb0,Symmetry - Exploring Line and Rotational Symmetry in Geometry,Miacademy_&_MiaPrep_Learning_Channel,Year 11_15-16_Spring_Foundation_Transformations_3_Line symmetry and rotational symmetry,Line symmetry and rotational symmetry,current_1,available,public,True,processed,Symmetry - Exploring Line and Rotational Symmetry in Geometry
QHq3CSoal0I,Math Antics - Symmetry,mathantics,Year 11_15-16_Spring_Foundation_Transformations_3_Line symmetry and rotational symmetry,Line symmetry and rotational symmetry,current_2,available,public,True,processed,Math Antics - Symmetry
zErXsceWdRs,"Geometry 9.5a, Lines of Symmetry & Rotational Symmetry",JoAnn's_School,Year 11_15-16_Spring_Foundation_Transformations_3_Line symmetry and rotational symmetry,Line symmetry and rotational symmetry,current_3,available,public,True,processed,"Geometry 9.5a, Lines of Symmetry & Rotational Symmetry"
7L3JiRAdwOo,Performing Reflections Part 1 - Intro to Reflections in Geometry,Miacademy_&_MiaPrep_Learning_Channel,Year 11_15-16_Spring_Foundation_Transformations_4_Reflection,Reflection,current_1,available,public,True,processed,Performing Reflections Part 1 - Intro to Reflections in Geometry
179zwE2e33A,"8th Grade Math 9.2b, Properties of Reflections",JoAnn's_School,Year 11_15-16_Spring_Foundation_Transformations_4_Reflection,Reflection,current_2,available,public,True,processed,"8th Grade Math 9.2b, Properties of Reflections"
3RlioQo8qwE,Reflections - GCSE Maths,1st_Class_Maths,Year 11_15-16_Spring_Foundation_Transformations_4_Reflection,Reflection,current_3,available,public,True,processed,Reflections - GCSE Maths
Vv4bSSydbts,Performing Rotations - How To Rotate Shapes in Geometry,Miacademy_&_MiaPrep_Learning_Channel,Year 11_15-16_Spring_Foundation_Transformations_5_Rotation,Rotation,current_1,available,public,True,processed,Performing Rotations - How To Rotate Shapes in Geometry
vVEcQCNQ-MY,Describing Rotations – A Guide to Rotating Points on the Coordinate Plane,Miacademy_&_MiaPrep_Learning_Channel,Year 11_15-16_Spring_Foundation_Transformations_5_Rotation,Rotation,current_2,available,public,True,processed,Describing Rotations – A Guide to Rotating Points on the Coordinate Plane
PJEE_OEcZe0,Rotation,Maths_Genie,Year 11_15-16_Spring_Foundation_Transformations_5_Rotation,Rotation,current_3,available,public,True,processed,Rotation
9AdIf6bUvEY,Transformations: Translation,Minity_Maths,Year 11_15-16_Spring_Foundation_Transformations_6_Translation,Translation,current_3,available,public,True,processed,Transformations: Translation
bIeVzA52GSQ,Describing Movement – Rigid Transformations Explained,Miacademy_&_MiaPrep_Learning_Channel,Year 11_15-16_Spring_Foundation_Transformations_7_Describe a transformation,Describe a transformation,current_1,available,public,True,processed,Describing Movement – Rigid Transformations Explained
z-AdTNKsUiU,Understanding Transformations In Maths,Minity_Maths,Year 11_15-16_Spring_Foundation_Transformations_7_Describe a transformation,Describe a transformation,current_3,available,public,True,processed,Understanding Transformations In Maths
dqmfAWsvpFc,Sequence of Transformations: Part 1 - Perform Multiple Transformations,Miacademy_&_MiaPrep_Learning_Channel,Year 11_15-16_Spring_Foundation_Transformations_8_Find the result of a series of transformations (E),Find the result of a series of transformations (E),current_1,available,public,True,processed,Sequence of Transformations: Part 1 - Perform Multiple Transformations
1hsxudSaMEY,"8th Grade Math 9.5a, Combining Transformations",JoAnn's_School,Year 11_15-16_Spring_Foundation_Transformations_8_Find the result of a series of transformations (E),Find the result of a series of transformations (E),current_2,available,public,True,processed,"8th Grade Math 9.5a, Combining Transformations"
bX09-PDqU9s,The Geometry of Movement. Combined transformations and invariant points: Edexcel GCSE Maths Revision,Math_Revision_LM,Year 11_15-16_Spring_Foundation_Transformations_8_Find the result of a series of transformations (E),Find the result of a series of transformations (E),current_3,available,public,True,processed,The Geometry of Movement. Combined transformations and invariant points: Edexcel GCSE Maths Revision
vEiqRJ2LxFE,Back Bearings - Corbettmaths,corbettmaths,Year 11_15-16_Spring_Higher_Angles bearings and trigonometry_6_Solve problems with bearings using Pythagoras and trigonometry,Solve problems with bearings using Pythagoras and trigonometry,current_3,available,public,True,processed,Back Bearings - Corbettmaths
pfjSlf0yKQY,The Cosine Rule - GCSE Higher Maths,1st_Class_Maths,Year 11_15-16_Spring_Higher_Angles bearings and trigonometry_7_Sine and cosine rules,Sine and cosine rules,current_1,available,public,True,processed,The Cosine Rule - GCSE Higher Maths
8ApKDKGzebs,Cosine Rule or Sine Rule?! How to tell the difference. #maths #gcsemaths #mathsrevision,HannahKettleMaths,Year 11_15-16_Spring_Higher_Angles bearings and trigonometry_7_Sine and cosine rules,Sine and cosine rules,current_2,available,public,True,processed,Cosine Rule or Sine Rule?! How to tell the difference. #maths #gcsemaths #mathsrevision
jVveqb_l628,Wrap-Up: Oblique Triangle Applications - Review Solving Oblique Triangles,Miacademy_&_MiaPrep_Learning_Channel,Year 11_15-16_Spring_Higher_Angles bearings and trigonometry_7_Sine and cosine rules,Sine and cosine rules,current_3,available,public,True,processed,Wrap-Up: Oblique Triangle Applications - Review Solving Oblique Triangles
fkuNvQMPOh8,Constructing a Perpendicular Bisector of a Line Segment 128-2.20,HCCMathHelp,Year 11_15-16_Spring_Higher_Constructions and Loci_3_Construct an angle bisector and a perpendicular bisector,Construct an angle bisector and a perpendicular bisector,current_3,available,public,True,processed,Constructing a Perpendicular Bisector of a Line Segment 128-2.20
eEYreNDTvKQ,Non-Linear Simultaneous Equations - GCSE Higher Maths,1st_Class_Maths,Year 11_15-16_Spring_Higher_Equations and formulae_10_Solve a pair of simultaneous equations involving algebraic constants for a third unknown (E),Solve a pair of simultaneous equations involving algebraic constants for a third unknown (E),current_1,available,public,True,processed,Non-Linear Simultaneous Equations - GCSE Higher Maths
1rN3ckhU00w,Systems of Nonlinear Equations - How To Solve Systems of Nonlinear Equations,Miacademy_&_MiaPrep_Learning_Channel,Year 11_15-16_Spring_Higher_Equations and formulae_10_Solve a pair of simultaneous equations involving algebraic constants for a third unknown (E),Solve a pair of simultaneous equations involving algebraic constants for a third unknown (E),current_2,available,public,True,processed,Systems of Nonlinear Equations - How To Solve Systems of Nonlinear Equations
N7Zk-FQ6YeA,GCSE Maths - What Are Simultaneous Equations (2026/27 exams),Cognito,Year 11_15-16_Spring_Higher_Equations and formulae_10_Solve a pair of simultaneous equations involving algebraic constants for a third unknown (E),Solve a pair of simultaneous equations involving algebraic constants for a third unknown (E),current_3,available,public,True,processed,GCSE Maths - What Are Simultaneous Equations (2026/27 exams)
TS7LFuqKcZ8,Unit Introduction: Inequalities - Writing and Describing Inequalities,Miacademy_&_MiaPrep_Learning_Channel,Year 11_15-16_Spring_Higher_Equations and formulae_2_Form and solve inequalities,Form and solve inequalities,current_2,available,public,True,processed,Unit Introduction: Inequalities - Writing and Describing Inequalities
xDSHD4UwI5k,Solving Inequalities Using All 4 Basic Operations,Mometrix_Academy,Year 11_15-16_Spring_Higher_Equations and formulae_2_Form and solve inequalities,Form and solve inequalities,current_3,available,public,True,processed,Solving Inequalities Using All 4 Basic Operations
cvB8b4AACyE,Compound inequalities 3 | Linear inequalities | Algebra I | Khan Academy,Khan_Academy,Year 11_15-16_Spring_Higher_Equations and formulae_4_Form and solve more complex equations and inequalities (E),Form and solve more complex equations and inequalities (E),current_3,available,public,True,processed,Compound inequalities 3 | Linear inequalities | Algebra I | Khan Academy
eeRp-hY-8rU,"Factorising, Forming and Solving Quadratic Equations - GCSE Higher exam style questions",GCSE_Maths_Tuition,Year 11_15-16_Spring_Higher_Equations and formulae_5_Quadratic equations,Quadratic equations,current_2,available,public,True,processed,"Factorising, Forming and Solving Quadratic Equations - GCSE Higher exam style questions"
iXO2iKyFK5w,Solving quadratic equations by factorising - GCSE maths revision video,Maths_Videos_-_by_jayates,Year 11_15-16_Spring_Higher_Equations and formulae_5_Quadratic equations,Quadratic equations,current_3,available,public,True,processed,Solving quadratic equations by factorising - GCSE maths revision video
wmt7El76aUs,Solving Quadratic Inequalities — Let’s See What You Know!,TabletClass_Math,Year 11_15-16_Spring_Higher_Equations and formulae_6_Quadratic inequalities (E),Quadratic inequalities (E),current_1,available,public,True,processed,Solving Quadratic Inequalities — Let’s See What You Know!
8J_m-hMp8lY,Quadratic Inequalities - Corbettmaths,corbettmaths,Year 11_15-16_Spring_Higher_Equations and formulae_6_Quadratic inequalities (E),Quadratic inequalities (E),current_2,available,public,True,processed,Quadratic Inequalities - Corbettmaths
zpFI6u1ifSw,x² − 4x − 5 ≤ 0 — Many Don’t Know Where to Start!,TabletClass_Math,Year 11_15-16_Spring_Higher_Equations and formulae_6_Quadratic inequalities (E),Quadratic inequalities (E),current_3,available,public,True,processed,x² − 4x − 5 ≤ 0 — Many Don’t Know Where to Start!
wAZuzHPGGDA,Recursive Formula for Arithmetic Sequences- Algebra for Teens!,Miacademy_&_MiaPrep_Learning_Channel,Year 11_15-16_Spring_Higher_Equations and formulae_7_Understand iterative processes,Understand iterative processes,current_1,available,public,True,processed,Recursive Formula for Arithmetic Sequences- Algebra for Teens!
WHZ2IiKcqeU,Iteration - GCSE Higher Maths,1st_Class_Maths,Year 11_15-16_Spring_Higher_Equations and formulae_7_Understand iterative processes,Understand iterative processes,current_2,available,public,True,processed,Iteration - GCSE Higher Maths
IGDwLH9_ZF8,Iteration,Maths_Genie,Year 11_15-16_Spring_Higher_Equations and formulae_7_Understand iterative processes,Understand iterative processes,current_3,available,public,True,processed,Iteration
BD9HM6oS5wA,Iteration 2,Maths_Genie,Year 11_15-16_Spring_Higher_Equations and formulae_8_Solve simultaneous equations,Solve simultaneous equations,current_2,available,public,True,processed,Iteration 2
nVJXVg9-w3U,Linear Quadratic Systems - Solving Mixed System Equations,Miacademy_&_MiaPrep_Learning_Channel,"Year 11_15-16_Spring_Higher_Equations and formulae_9_Solve simultaneous equations (one linear, one non-linear) (E)","Solve simultaneous equations (one linear, one non-linear) (E)",current_2,available,public,True,processed,Linear Quadratic Systems - Solving Mixed System Equations
68hMhae269k,GCSE Maths - How to Solve Simultaneous Equations - Using the Elimination Technique (2026/27 exams),Cognito,"Year 11_15-16_Spring_Higher_Equations and formulae_9_Solve simultaneous equations (one linear, one non-linear) (E)","Solve simultaneous equations (one linear, one non-linear) (E)",current_3,available,public,True,processed,GCSE Maths - How to Solve Simultaneous Equations - Using the Elimination Technique (2026/27 exams)
vqrTNrL-WHY,Reflect Functions - Graph Reflections Over the x-Axis or y-Axis,Miacademy_&_MiaPrep_Learning_Channel,Year 11_15-16_Spring_Higher_Functions and graphs_10_Reflection of a graph,Reflection of a graph,current_1,available,public,True,processed,Reflect Functions - Graph Reflections Over the x-Axis or y-Axis
b2FqG-Aw0BY,Transformations of Functions #3 | Reflections,Cuemath_Academy,Year 11_15-16_Spring_Higher_Functions and graphs_10_Reflection of a graph,Reflection of a graph,current_2,available,public,True,processed,Transformations of Functions #3 | Reflections
3NOyTUIFI0s,"Write Transformations of Linear Functions | Translations, Reflections, Stretch & Shrinks | Algebra 2",Eat_Pi,Year 11_15-16_Spring_Higher_Functions and graphs_10_Reflection of a graph,Reflection of a graph,current_3,available,public,True,processed,"Write Transformations of Linear Functions | Translations, Reflections, Stretch & Shrinks | Algebra 2"
Cp-E-RWU3QQ,Manipulation of Functions,Mometrix_Academy,Year 11_15-16_Spring_Higher_Functions and graphs_11_More complex transformations of the graph of a function (E),More complex transformations of the graph of a function (E),current_1,available,public,True,processed,Manipulation of Functions
eiRZATuHYg0,Transformations of Graphs - Corbettmaths,corbettmaths,Year 11_15-16_Spring_Higher_Functions and graphs_11_More complex transformations of the graph of a function (E),More complex transformations of the graph of a function (E),current_2,available,public,True,processed,Transformations of Graphs - Corbettmaths
WIS13YUTe8I,"Stretching, Compressing, and Reflecting Parabolas for Teens!",Miacademy_&_MiaPrep_Learning_Channel,Year 11_15-16_Spring_Higher_Functions and graphs_11_More complex transformations of the graph of a function (E),More complex transformations of the graph of a function (E),current_3,available,public,True,processed,"Stretching, Compressing, and Reflecting Parabolas for Teens!"
52tpYl2tTqk,Algebra Basics: What Are Functions? - Math Antics,mathantics,Year 11_15-16_Spring_Higher_Functions and graphs_1_Function notation,Function notation,current_2,available,public,True,processed,Algebra Basics: What Are Functions? - Math Antics
kvGsIo1TmsM,What is a function? | Functions and their graphs | Algebra II | Khan Academy,Khan_Academy,Year 11_15-16_Spring_Higher_Functions and graphs_1_Function notation,Function notation,current_3,available,public,True,processed,What is a function? | Functions and their graphs | Algebra II | Khan Academy
zs9Ag_sCl30,Composite Functions - How to Define and Evaluate Composite Functions,Miacademy_&_MiaPrep_Learning_Channel,Year 11_15-16_Spring_Higher_Functions and graphs_2_Composite functions,Composite functions,current_1,deleted,deleted,False,deleted,
lSRehCwoxs8,Composite Functions - GCSE Higher Maths,1st_Class_Maths,Year 11_15-16_Spring_Higher_Functions and graphs_2_Composite functions,Composite functions,current_2,available,public,True,processed,Composite Functions - GCSE Higher Maths
oJC_KTJIY9g,Evaluate Composite Functions | Eat Pi,Eat_Pi,Year 11_15-16_Spring_Higher_Functions and graphs_2_Composite functions,Composite functions,current_3,available,public,True,processed,Evaluate Composite Functions | Eat Pi
HoOgzoesOtI,Inverse Functions 2,Maths_Genie,Year 11_15-16_Spring_Higher_Functions and graphs_3_Inverse functions,Inverse functions,current_1,available,public,True,processed,Inverse Functions 2
wurhs-vbo0E,Inverse Functions: Part 2 - How To Identify Inverse Functions and Find an Inverse Algebraically,Miacademy_&_MiaPrep_Learning_Channel,Year 11_15-16_Spring_Higher_Functions and graphs_3_Inverse functions,Inverse functions,current_2,available,public,True,processed,Inverse Functions: Part 2 - How To Identify Inverse Functions and Find an Inverse Algebraically
zpF9nbjResY,Inverse Functions - Corbettmaths,corbettmaths,Year 11_15-16_Spring_Higher_Functions and graphs_3_Inverse functions,Inverse functions,current_3,available,public,True,processed,Inverse Functions - Corbettmaths
20ysylPgEAk,Graphing Exponential Functions – Plot Growth and Decay Models,Miacademy_&_MiaPrep_Learning_Channel,Year 11_15-16_Spring_Higher_Functions and graphs_6_Exponential graphs,Exponential graphs,current_1,available,public,True,processed,Graphing Exponential Functions – Plot Growth and Decay Models
jhJQquUbYvo,Graphing Exponential Functions (INTRO) | Step-by-Step Math Tutorial,TabletClass_Math,Year 11_15-16_Spring_Higher_Functions and graphs_6_Exponential graphs,Exponential graphs,current_2,available,public,True,processed,Graphing Exponential Functions (INTRO) | Step-by-Step Math Tutorial
X13DxlGs3kI,Exponential Function Attributes: Part 1 - Identify Growth and Decay,Miacademy_&_MiaPrep_Learning_Channel,Year 11_15-16_Spring_Higher_Functions and graphs_6_Exponential graphs,Exponential graphs,current_3,available,public,True,processed,Exponential Function Attributes: Part 1 - Identify Growth and Decay
fNH5EWWtf7k,Trigonometric Graphs - GCSE Higher Maths,1st_Class_Maths,Year 11_15-16_Spring_Higher_Functions and graphs_7_Trigonometric graphs (E),Trigonometric graphs (E),current_1,available,public,True,processed,Trigonometric Graphs - GCSE Higher Maths
iLQr_4JCbd0,Graphs of Sine and Cosine Functions - Identifying Key Characteristics of Sine and Cosine Graphs,Miacademy_&_MiaPrep_Learning_Channel,Year 11_15-16_Spring_Higher_Functions and graphs_7_Trigonometric graphs (E),Trigonometric graphs (E),current_2,available,public,True,processed,Graphs of Sine and Cosine Functions - Identifying Key Characteristics of Sine and Cosine Graphs
XmN3h5nTGis,Sin Graph Grade 10,Kevinmathscience,Year 11_15-16_Spring_Higher_Functions and graphs_7_Trigonometric graphs (E),Trigonometric graphs (E),current_3,available,public,True,processed,Sin Graph Grade 10
ks77Rj76cqo,Cubic Graphs | GCSE Maths,Brainstorm_-_Maths_and_Science,Year 11_15-16_Spring_Higher_Functions and graphs_8_Recognise and sketch graphs,Recognise and sketch graphs,current_1,available,public,True,processed,Cubic Graphs | GCSE Maths
Q2o3KEnrHjc,Translations of Reciprocal Functions - Shifting Rational Graphs,Miacademy_&_MiaPrep_Learning_Channel,Year 11_15-16_Spring_Higher_Functions and graphs_9_Translation of a graph,Translation of a graph,current_1,available,public,True,processed,Translations of Reciprocal Functions - Shifting Rational Graphs
ctVr9NpSiL4,Transformations of Graphs - GCSE Higher Maths,1st_Class_Maths,Year 11_15-16_Spring_Higher_Functions and graphs_9_Translation of a graph,Translation of a graph,current_2,available,public,True,processed,Transformations of Graphs - GCSE Higher Maths
Lo-3Ap9mons,Transformations of Functions #1 | Vertical Shifts,Cuemath_Academy,Year 11_15-16_Spring_Higher_Functions and graphs_9_Translation of a graph,Translation of a graph,current_3,available,public,True,processed,Transformations of Functions #1 | Vertical Shifts
V074qxesaPA,Velocity-Time Graphs - GCSE Physics,Launchpad_Learning,Year 11_15-16_Spring_Higher_Rates_3_Velocity-time graphs (E),Velocity-time graphs (E),current_3,available,public,True,processed,Velocity-Time Graphs - GCSE Physics
xrLBO2ZHXgM,Performing Dilations - Geometry Practice With Dilations,Miacademy_&_MiaPrep_Learning_Channel,Year 11_15-16_Spring_Higher_Transformations_2_Enlargement (fractional scale factor),Enlargement (fractional scale factor),current_2,available,public,True,processed,Performing Dilations - Geometry Practice With Dilations
VhBBbVNKtRM,"8th Grade Math 10.1c, Dilations, Finding a Scale Factor",JoAnn's_School,Year 11_15-16_Spring_Higher_Transformations_2_Enlargement (fractional scale factor),Enlargement (fractional scale factor),current_3,available,public,True,processed,"8th Grade Math 10.1c, Dilations, Finding a Scale Factor"
0_hclyERGAw,Enlargements (Negative Scale Factor) - GCSE Higher Maths,1st_Class_Maths,Year 11_15-16_Spring_Higher_Transformations_3_Enlargement (negative scale factor),Enlargement (negative scale factor),current_1,available,public,True,processed,Enlargements (Negative Scale Factor) - GCSE Higher Maths
09g08XgXj3w,Transformations-Enlargements(Positive and Negative Scale Factor)-Edufied,Edufied,Year 11_15-16_Spring_Higher_Transformations_3_Enlargement (negative scale factor),Enlargement (negative scale factor),current_3,available,public,True,processed,Transformations-Enlargements(Positive and Negative Scale Factor)-Edufied
ryPlAR3FAWU,Describing Reflections - Corbettmaths,corbettmaths,Year 11_15-16_Spring_Higher_Transformations_4_Reflection,Reflection,current_1,available,public,True,processed,Describing Reflections - Corbettmaths
yZCWakf3Usk,Performing Reflections Part 2 - More Practice With Reflections,Miacademy_&_MiaPrep_Learning_Channel,Year 11_15-16_Spring_Higher_Transformations_4_Reflection,Reflection,current_2,deleted,deleted,False,deleted,
gKdTYgrk_8U,Rotations - GCSE Maths,1st_Class_Maths,Year 11_15-16_Spring_Higher_Transformations_5_Rotation,Rotation,current_2,available,public,True,processed,Rotations - GCSE Maths
9AJPPh055Dw,"Grade 8 Math #9.3a, Transformations - Exploring Rotations",JoAnn's_School,Year 11_15-16_Spring_Higher_Transformations_5_Rotation,Rotation,current_3,available,public,True,processed,"Grade 8 Math #9.3a, Transformations - Exploring Rotations"
-5ayULFR-Us,Invariant Points - Corbettmaths,corbettmaths,Year 11_15-16_Spring_Higher_Transformations_9_Invariant points (E),Invariant points (E),current_1,available,public,True,processed,Invariant Points - Corbettmaths
0peKfCVDf6E,Counting to Add - Beginning Math for Kids!,Miacademy_&_MiaPrep_Learning_Channel,Year 1_5-6_Autumn__Addition and subtraction within 10_10_Addition problems,Addition problems,current_1,available,public,True,processed,Counting to Add - Beginning Math for Kids!
BmSc0pDbsxY,Addition Sentences - Learn To Read and Solve Addition for Kids,Miacademy_&_MiaPrep_Learning_Channel,Year 1_5-6_Autumn__Addition and subtraction within 10_10_Addition problems,Addition problems,current_2,available,public,True,processed,Addition Sentences - Learn To Read and Solve Addition for Kids
vh8f-bl7wj8,Addition Strategies - Adding Numbers to 20,Miacademy_&_MiaPrep_Learning_Channel,Year 1_5-6_Autumn__Addition and subtraction within 10_10_Addition problems,Addition problems,current_3,available,public,True,processed,Addition Strategies - Adding Numbers to 20
92CYyUwI7dA,Composing and Decomposing Numbers 1-5 - Kindergarten Math Skills,Miacademy_&_MiaPrep_Learning_Channel,Year 1_5-6_Autumn__Addition and subtraction within 10_11_Find a part,Find a part,current_1,available,public,True,processed,Composing and Decomposing Numbers 1-5 - Kindergarten Math Skills
nsLD1XDzmZY,"Addition helps with Subtraction, Number Bonds",Jaclyn_Hanna,Year 1_5-6_Autumn__Addition and subtraction within 10_11_Find a part,Find a part,current_2,available,public,True,processed,"Addition helps with Subtraction, Number Bonds"
_6HYpXBJvSQ,Number Bonds and Subtraction Sentences,Roots_and_Branches_Education,Year 1_5-6_Autumn__Addition and subtraction within 10_11_Find a part,Find a part,current_3,available,public,True,processed,Number Bonds and Subtraction Sentences | Math for Kids
F8x0qyjYIJQ,Number Bonds - Compose and Decompose Numbers,Miacademy_&_MiaPrep_Learning_Channel,Year 1_5-6_Autumn__Addition and subtraction within 10_12_Subtraction – find a part,Subtraction – find a part,current_1,available,public,True,processed,Number Bonds - Compose and Decompose Numbers
3P5CiF0RAmY,Fact  Family 8-2-10.,Mr._Tom_Teaches_Again,Year 1_5-6_Autumn__Addition and subtraction within 10_13_Fact families – the eight facts,Fact families – the eight facts,current_1,available,public,True,processed,Fact  Family 8-2-10.
s1G8QYtNxCc,Fact Family 3-3-0,Mr._Tom_Teaches_Again,Year 1_5-6_Autumn__Addition and subtraction within 10_13_Fact families – the eight facts,Fact families – the eight facts,current_2,available,public,True,processed,Fact Family 3-3-0
YE5jws7H8c8,Fact Family 8-1-9,Mr._Tom_Teaches_Again,Year 1_5-6_Autumn__Addition and subtraction within 10_13_Fact families – the eight facts,Fact families – the eight facts,current_3,available,public,True,processed,Fact Family 8-1-9
7CjQlb_RRzE,Subtraction: Identify the Difference (0-10),Meaghan_Kaufenberg,Year 1_5-6_Autumn__Addition and subtraction within 10_14_Subtraction – take away/cross out (How many left?),Subtraction – take away/cross out (How many left?),current_1,available,public,True,processed,Subtraction: Identify the Difference (0-10)
Gp3BCbRZ_qc,"Grade 1 Math 2.8, Take apart numbers (to subtract)",JoAnn's_School,Year 1_5-6_Autumn__Addition and subtraction within 10_14_Subtraction – take away/cross out (How many left?),Subtraction – take away/cross out (How many left?),current_2,embedding_disabled,public,False,processed,"Grade 1 Math 2.8, Take apart numbers (to subtract)"
it3SZq19l0M,Subtraction Sentences - Write and Solve Subtraction Problems,Miacademy_&_MiaPrep_Learning_Channel,Year 1_5-6_Autumn__Addition and subtraction within 10_14_Subtraction – take away/cross out (How many left?),Subtraction – take away/cross out (How many left?),current_3,available,public,True,processed,Subtraction Sentences - Write and Solve Subtraction Problems
d5q5_vusNAo,Subtraction - Kindergarten Math Lesson for Beginners,Miacademy_&_MiaPrep_Learning_Channel,Year 1_5-6_Autumn__Addition and subtraction within 10_15_Subtraction – take away (How many left?),Subtraction – take away (How many left?),current_2,available,public,True,processed,Subtraction - Kindergarten Math Lesson for Beginners
6XBPwdoRWVQ,Easy Subtraction | Basic Math Lessons with Homeschool Pop,Homeschool_Pop,Year 1_5-6_Autumn__Addition and subtraction within 10_15_Subtraction – take away (How many left?),Subtraction – take away (How many left?),current_3,available,public,True,processed,Easy Subtraction | Basic Math Lessons with Homeschool Pop
pQxlvjYtw5w,Number Line Addition and Subtraction - Kindergarten Math Practice,Miacademy_&_MiaPrep_Learning_Channel,Year 1_5-6_Autumn__Addition and subtraction within 10_16_Subtraction on a number line,Subtraction on a number line,current_1,available,public,True,processed,Number Line Addition and Subtraction - Kindergarten Math Practice
cmam_jsUZBg,Subtraction on number line  | subtraction techniques | Grade 1 | KG,Ruch-ed!,Year 1_5-6_Autumn__Addition and subtraction within 10_16_Subtraction on a number line,Subtraction on a number line,current_2,available,public,True,processed,Subtraction on number line  | subtraction techniques | Grade 1 | KG
AZpQ6Ks3CM8,Number Line Subtraction | Maths with Mrs B.,Maths_with_Mrs_B,Year 1_5-6_Autumn__Addition and subtraction within 10_16_Subtraction on a number line,Subtraction on a number line,current_3,available,public,True,processed,Number Line Subtraction | Maths with Mrs B.
nh-ZchJkIYA,EYFS - 1 More & 1 Less Using Objects,Your_Talking_Teacher,Year 1_5-6_Autumn__Addition and subtraction within 10_17_Add or subtract 1 or 2,Add or subtract 1 or 2,current_1,available,public,True,processed,EYFS - 1 More & 1 Less Using Objects
vkyUCC4s0vY,Easy Addition for Kids: Adding Below 20 | AdaptedMind Math,AdaptedMind,Year 1_5-6_Autumn__Addition and subtraction within 10_17_Add or subtract 1 or 2,Add or subtract 1 or 2,current_2,available,public,True,processed,Easy Addition for Kids: Adding Below 20 | AdaptedMind Math
mEAYVWMfIs8,L10 S1 pg 203 Using strategies for addition and subtraction facts,Krista_Sanders,Year 1_5-6_Autumn__Addition and subtraction within 10_17_Add or subtract 1 or 2,Add or subtract 1 or 2,current_3,available,public,True,processed,L10 S1 pg 203 Using strategies for addition and subtraction facts
Dyz50pr31Wc,Part and Whole - Beginning Math for Kids!,Miacademy_&_MiaPrep_Learning_Channel,Year 1_5-6_Autumn__Addition and subtraction within 10_1_Introduce parts and wholes,Introduce parts and wholes,current_1,available,public,True,processed,Part and Whole - Beginning Math for Kids!
bYRkptZ97c4,Parts and Whole - Learn To Break Numbers Into Parts,Miacademy_&_MiaPrep_Learning_Channel,Year 1_5-6_Autumn__Addition and subtraction within 10_1_Introduce parts and wholes,Introduce parts and wholes,current_2,available,public,True,processed,Parts and Whole - Learn To Break Numbers Into Parts
jDNTdsMVVe8,Addition and subtraction word problems:  forest field trip | MightyOwl Math | 1st Grade,MightyOwl,Year 1_5-6_Autumn__Addition and subtraction within 10_3_Write number sentences,Write number sentences,current_3,available,public,True,processed,Addition and subtraction word problems:  forest field trip | MightyOwl Math | 1st Grade
43wkrua-OaI,Fact Families - Learn Related Addition and Subtraction Facts,Miacademy_&_MiaPrep_Learning_Channel,Year 1_5-6_Autumn__Addition and subtraction within 10_4_Fact families – addition facts,Fact families – addition facts,current_1,available,public,True,processed,Fact Families - Learn Related Addition and Subtraction Facts
oKOdxol6ksQ,Learn the facts for the family 1-1-2.,Mr._Tom_Teaches_Again,Year 1_5-6_Autumn__Addition and subtraction within 10_4_Fact families – addition facts,Fact families – addition facts,current_2,available,public,True,processed,Learn the facts for the family 1-1-2.
lg58lQzvrjA,Fact Families | Inverse | Maths with Mrs B.,Maths_with_Mrs_B,Year 1_5-6_Autumn__Addition and subtraction within 10_4_Fact families – addition facts,Fact families – addition facts,current_3,available,public,True,processed,Fact Families | Inverse | Maths with Mrs B.
FY83JJF2BeI,What numbers make 10 | Make 10 with Frame and Number Bond |kindergarten  | Fun Learn Explore #make10,Fun_Learn_Explore,Year 1_5-6_Autumn__Addition and subtraction within 10_5_Number bonds within 10,Number bonds within 10,current_2,available,public,True,processed,What numbers make 10 | Make 10 with Frame and Number Bond |kindergarten  | Fun Learn Explore #make10
iv2jtH-4zUQ,Number bonds to 10 using Numicon,Mrs_Melen,Year 1_5-6_Autumn__Addition and subtraction within 10_6_Systematic number bonds within 10,Systematic number bonds within 10,current_3,available,public,True,processed,Number bonds to 10 using Numicon
vTADZACHh_I,10 Minute Maths: Number bonds to 10 using a tens frame,MrC_EYFS,Year 1_5-6_Autumn__Addition and subtraction within 10_7_Number bonds to 10,Number bonds to 10,current_3,available,public,True,processed,10 Minute Maths: Number bonds to 10 using a tens frame
8HpfhU253Kc,"Kindergarten Math 5.2, Addition: Put Together",JoAnn's_School,Year 1_5-6_Autumn__Addition and subtraction within 10_8_Addition – add together,Addition – add together,current_2,embedding_disabled,public,False,processed,"Kindergarten Math 5.2, Addition: Put Together"
32h4-NuY8KU,Connecting Ten Frames to Number Bonds,Take_a_Minute_for_Math,Year 1_5-6_Autumn__Addition and subtraction within 10_8_Addition – add together,Addition – add together,current_3,available,public,True,processed,Connecting Ten Frames to Number Bonds
cJMQQXwFrOY,Addition Concept for Kids| Addition up to 10 | Kindergarten Maths | Fun Learn Explore,Fun_Learn_Explore,Year 1_5-6_Autumn__Addition and subtraction within 10_9_Addition – add more,Addition – add more,current_3,available,public,True,processed,Addition Concept for Kids| Addition up to 10 | Kindergarten Maths | Fun Learn Explore
QBJ6B472we4,Compare Objects by Matching,Learnxplore,Year 1_5-6_Autumn__Place value within 10_10_Compare groups by matching,Compare groups by matching,current_1,available,public,True,processed,Compare Objects by Matching
QN0V8YUkCbM,K.CC.6 - Compare the Number of Objects in Groups (Singapore Math),MathwithMrAlmeida,Year 1_5-6_Autumn__Place value within 10_10_Compare groups by matching,Compare groups by matching,current_2,available,public,True,processed,K.CC.6 - Compare the Number of Objects in Groups (Singapore Math)
MSVHWKz87uE,"Kindergarten Math 2.1, Same Number",JoAnn's_School,Year 1_5-6_Autumn__Place value within 10_10_Compare groups by matching,Compare groups by matching,current_3,embedding_disabled,public,False,processed,"Kindergarten Math 2.1, Same Number"
s-6NyI0t2XE,EYFS Maths Week 1 Day 2 - More and Fewer Lesson 2,Coombes_Media,"Year 1_5-6_Autumn__Place value within 10_11_Fewer, more, same","Fewer, more, same",current_1,available,public,True,processed,EYFS Maths Week 1 Day 2 - More and Fewer Lesson 2
cnafMNaSwBE,"More, Fewer, or the Same? Learn How to Compare Sets of Objects | Early Math | Primary School",Creative_Ventures,"Year 1_5-6_Autumn__Place value within 10_11_Fewer, more, same","Fewer, more, same",current_2,available,public,True,processed,"More, Fewer, or the Same? Learn How to Compare Sets of Objects | Early Math | Primary School"
jut8n12__p0,Introduction to More and Fewer,"Petitto-Kenny,_Melissa","Year 1_5-6_Autumn__Place value within 10_11_Fewer, more, same","Fewer, more, same",current_3,available,public,True,processed,Introduction to More and Fewer
X_iOwM1gHpE,Comparing Quantities | Maths for Kids | Comparing numbers | #PantsBear,Pants_Bear_Kids_-_Cartoons,"Year 1_5-6_Autumn__Place value within 10_12_Less than, greater than, equal to","Less than, greater than, equal to",current_1,available,public,True,processed,Comparing Quantities | Maths for Kids | Comparing numbers | #PantsBear
Z8G5Zwmhxcs,Compare numbers to 10,Alston_Education,"Year 1_5-6_Autumn__Place value within 10_12_Less than, greater than, equal to","Less than, greater than, equal to",current_2,available,public,True,processed,Compare numbers to 10
xvcTLaS6w84,"Comparing Numbers | Greater Than, Less Than, or Equal | It’s Easy With Twinkl | Twinkl USA",Twinkl_Teaching_Resources_-_United_States,"Year 1_5-6_Autumn__Place value within 10_12_Less than, greater than, equal to","Less than, greater than, equal to",current_3,available,public,True,processed,"Comparing Numbers | Greater Than, Less Than, or Equal | It’s Easy With Twinkl | Twinkl USA"
8xHGAFc-MQI,"Kindergarten Math 4.7, Compare Two Numbers",JoAnn's_School,Year 1_5-6_Autumn__Place value within 10_13_Compare numbers,Compare numbers,current_1,embedding_disabled,public,False,processed,"Kindergarten Math 4.7, Compare Two Numbers"
Ynn5qKIxt1A,Counting and Comparing Numbers Activity: Comparing 2 Inventory Bags,The_Primary_Math_Teacher,Year 1_5-6_Autumn__Place value within 10_13_Compare numbers,Compare numbers,current_2,available,public,True,processed,Counting and Comparing Numbers Activity: Comparing 2 Inventory Bags
lRTSExcr92Y,Understanding Common Core Math (Standard K.CC.C.6),Understanding_Common_Core_Math,Year 1_5-6_Autumn__Place value within 10_13_Compare numbers,Compare numbers,current_3,available,public,True,processed,Understanding Common Core Math (Standard K.CC.C.6)
fJziX0Teo0Q,Grade 1: Math Lesson #9 Ordering Sets From Smallest To Largest; (Least to Greatest; Fewest & Most),The_Eagle's_Nest_-_Our_Online_Classroom,Year 1_5-6_Autumn__Place value within 10_14_Order objects and numbers,Order objects and numbers,current_1,available,public,True,processed,Grade 1: Math Lesson #9 Ordering Sets From Smallest To Largest; (Least to Greatest; Fewest & Most)
ao-7qtzzRKY,"Kindergarten Math 4.4, Count and Order to 10",JoAnn's_School,Year 1_5-6_Autumn__Place value within 10_14_Order objects and numbers,Order objects and numbers,current_2,embedding_disabled,public,False,processed,"Kindergarten Math 4.4, Count and Order to 10"
eNhfNZUd9TQ,Arranging numbers from Least to Greatest,Teacher_Tracey,Year 1_5-6_Autumn__Place value within 10_14_Order objects and numbers,Order objects and numbers,current_3,available,public,True,processed,Arranging numbers from Least to Greatest
NZVtJIdLFuU,One More and One Less - Beginning Math for Kids!,Miacademy_&_MiaPrep_Learning_Channel,Year 1_5-6_Autumn__Place value within 10_15_The number line,The number line,current_1,available,public,True,processed,One More and One Less - Beginning Math for Kids!
vbeheKETDIo,One More One Less,maria_bermea,Year 1_5-6_Autumn__Place value within 10_15_The number line,The number line,current_3,available,public,True,processed,One More One Less
Ux_kLd7qAcY,Shapes! | Mini Math Movies | Scratch Garden,Scratch_Garden,Year 1_5-6_Autumn__Place value within 10_1_Sort objects,Sort objects,current_1,available,public,True,processed,Shapes! | Mini Math Movies | Scratch Garden
kFr-Vy3od7w,Categorizing and Sorting Objects | It's Easy With Twinkl | Twinkl USA,Twinkl_Teaching_Resources_-_United_States,Year 1_5-6_Autumn__Place value within 10_1_Sort objects,Sort objects,current_2,available,public,True,processed,Categorizing and Sorting Objects | It's Easy With Twinkl | Twinkl USA
uvM201Kb1ys,Fun with Sets: Learning to Count and Sort Objects for Kids | Educational Math Adventure #maths #set,Mommy_Anne's_Animal_Adventures,Year 1_5-6_Autumn__Place value within 10_1_Sort objects,Sort objects,current_3,available,public,True,processed,Fun with Sets: Learning to Count and Sort Objects for Kids | Educational Math Adventure #maths #set
lIs6FvlfBT4,From the Garden: A Counting Book About Growing Food,STEMHAX,Year 1_5-6_Autumn__Place value within 10_2_Count objects,Count objects,current_1,available,public,True,processed,From the Garden: A Counting Book About Growing Food
dLNwGi7Jugw,One Times table - Learn Your Times Tables #1 ✖️ | Counting for Kids | Numberblocks #shorts,numberblocks,Year 1_5-6_Autumn__Place value within 10_2_Count objects,Count objects,current_2,available,public,True,processed,One Times table - Learn Your Times Tables #1 ✖️ | Counting for Kids | Numberblocks #shorts
DR-cfDsHCGA,Counting 1-10 Song | Number Songs for Children | The Singing Walrus,The_Singing_Walrus_-_English_Songs_For_Kids,Year 1_5-6_Autumn__Place value within 10_2_Count objects,Count objects,current_3,available,public,True,processed,Counting 1-10 Song | Number Songs for Children | The Singing Walrus
gtO7SGUlbJg,Learn to Count: Counting Using One to One Correspondence,Early_Learning_Coach,Year 1_5-6_Autumn__Place value within 10_3_Count objects from a larger group,Count objects from a larger group,current_1,available,public,True,processed,Learn to Count: Counting Using One to One Correspondence
jWBN2eYevZU,Tens and Ones | Place Value | Maths with Mrs B.,Maths_with_Mrs_B,Year 1_5-6_Autumn__Place value within 10_3_Count objects from a larger group,Count objects from a larger group,current_2,available,public,True,processed,Tens and Ones | Place Value | Maths with Mrs B.
24ZVly-n6G8,Place Value Grouping Video for 1st and 2nd Grade,Math_&_Learning_Videos_4_Kids,Year 1_5-6_Autumn__Place value within 10_3_Count objects from a larger group,Count objects from a larger group,current_3,available,public,True,processed,Place Value Grouping Video for 1st and 2nd Grade
mKSNQuQrsm0,Counting! | Mini Math Movies | Scratch Garden,Scratch_Garden,Year 1_5-6_Autumn__Place value within 10_4_Represent objects,Represent objects,current_1,available,public,True,processed,Counting! | Mini Math Movies | Scratch Garden
bRw8gb3hhdM,Representing Numbers 11 20 Groups of Ten and Some Left Over,Country_Canines_and_Cluckers,Year 1_5-6_Autumn__Place value within 10_4_Represent objects,Represent objects,current_2,available,public,True,processed,Representing Numbers 11 20 Groups of Ten and Some Left Over
5Ocnm8KAr8I,"Kindergarten Math Lesson 10-2  Make 14, 15 and 16",Samia_M,Year 1_5-6_Autumn__Place value within 10_4_Represent objects,Represent objects,current_3,available,public,True,processed,"Kindergarten Math Lesson 10-2  Make 14, 15 and 16"
pzmB0GoEKkA,Let's Learn Our Numbers 0-10 | Counting Song for Kids | Jack Hartmann Writing Numbers,Jack_Hartmann_Kids_Music_Channel,Year 1_5-6_Autumn__Place value within 10_5_Recognise numbers as words,Recognise numbers as words,current_1,available,public,True,processed,Let's Learn Our Numbers 0-10 | Counting Song for Kids | Jack Hartmann Writing Numbers
KK6aKpoy7Nw,Spell the Numbers 0-10 | Jack Hartmann,Jack_Hartmann_Kids_Music_Channel,Year 1_5-6_Autumn__Place value within 10_5_Recognise numbers as words,Recognise numbers as words,current_2,available,public,True,processed,Spell the Numbers 0-10 | Jack Hartmann
ER5qTZiiYmk,Number Names 1 to 10 | Easy Learning for Kids | Writing & Spelling Practice,Smart_Kids_Learnings,Year 1_5-6_Autumn__Place value within 10_5_Recognise numbers as words,Recognise numbers as words,current_3,available,public,True,processed,Number Names 1 to 10 | Easy Learning for Kids | Writing & Spelling Practice
Hj_qbcti1z8,Addition: Counting On // Year 1 KS1 1st Grade Maths,The_Touring_Teacher,Year 1_5-6_Autumn__Place value within 10_6_Count on from any number,Count on from any number,current_1,available,public,True,processed,Addition: Counting On // Year 1 KS1 1st Grade Maths
p2W0I06Nq5s,Counting On Song,Mr._R.'s_Songs_for_Teaching,Year 1_5-6_Autumn__Place value within 10_6_Count on from any number,Count on from any number,current_2,available,public,True,processed,Counting On Song
XZxMObx6A84,Identifying Teen Numbers - Kindergarten Math With Ten Frames,Miacademy_&_MiaPrep_Learning_Channel,Year 1_5-6_Autumn__Place value within 10_6_Count on from any number,Count on from any number,current_3,available,public,True,processed,Identifying Teen Numbers - Kindergarten Math With Ten Frames
CBn8gYPjyZ8,One More and One Less - Find Numbers Before and After,Miacademy_&_MiaPrep_Learning_Channel,Year 1_5-6_Autumn__Place value within 10_7_1 more,1 more,current_3,available,public,True,processed,One More and One Less - Find Numbers Before and After
UynJ1NE-PS0,Counting Forward and Back - Number Line Practice for Kindergarten,Miacademy_&_MiaPrep_Learning_Channel,Year 1_5-6_Autumn__Place value within 10_8_Count backwards within 10,Count backwards within 10,current_1,available,public,True,processed,Counting Forward and Back - Number Line Practice for Kindergarten
PuaaC4GSP7s,Counting Forward and Back - Numbers Between 1 and 20,Miacademy_&_MiaPrep_Learning_Channel,Year 1_5-6_Autumn__Place value within 10_8_Count backwards within 10,Count backwards within 10,current_3,available,public,True,processed,Counting Forward and Back - Numbers Between 1 and 20
HKc_z5yjylo,Learn 3D Shapes | Educational Video for Kids by Brain Candy TV,Brain_Candy_TV,Year 1_5-6_Autumn__Shape_1_Recognise and name 3-D shapes,Recognise and name 3-D shapes,current_1,available,public,True,processed,Learn 3D Shapes | Educational Video for Kids by Brain Candy TV
Dz3L5IS0NHM,"Slide, Stack and Roll—3D shapes | MightyOwl Math | Kindergarten",MightyOwl,Year 1_5-6_Autumn__Shape_1_Recognise and name 3-D shapes,Recognise and name 3-D shapes,current_2,available,public,True,processed,"Slide, Stack and Roll—3D shapes | MightyOwl Math | Kindergarten"
52kqjmAsFY0,3D Shapes | Geometry | Y1 Maths | FuseSchool Kids,FuseSchool_Kids,Year 1_5-6_Autumn__Shape_1_Recognise and name 3-D shapes,Recognise and name 3-D shapes,current_3,available,public,True,processed,3D Shapes | Geometry | Y1 Maths | FuseSchool Kids
MAPf2ymI-_w,3-D Shape sort,Amanda_Lozano,Year 1_5-6_Autumn__Shape_2_Sort 3-D shapes,Sort 3-D shapes,current_2,available,public,True,processed,3-D Shape sort
eVeEOJuuKLc,2D SHAPES FOR KIDS. Properties of 2D shapes explained. Sides and Vertices. Interactive Video for KS1,For_the_Love_of_Learning,Year 1_5-6_Autumn__Shape_3_Recognise and name 2-D shapes,Recognise and name 2-D shapes,current_2,available,public,True,processed,2D SHAPES FOR KIDS. Properties of 2D shapes explained. Sides and Vertices. Interactive Video for KS1
tN_VE3mmGQo,2D Shapes: Part 1 - Math for Kids!,Miacademy_&_MiaPrep_Learning_Channel,Year 1_5-6_Autumn__Shape_3_Recognise and name 2-D shapes,Recognise and name 2-D shapes,current_3,available,public,True,processed,2D Shapes: Part 1 - Math for Kids!
wNan9xRbes0,"Kindergarten Math 12.2, Classify and Count by Shape",JoAnn's_School,Year 1_5-6_Autumn__Shape_4_Sort 2-D shapes,Sort 2-D shapes,current_3,embedding_disabled,public,False,processed,"Kindergarten Math 12.2, Classify and Count by Shape"
V0CruDXwbDo,Patterns - How To Recognize and Continue Patterns,Miacademy_&_MiaPrep_Learning_Channel,Year 1_5-6_Autumn__Shape_5_Patterns with 2-D and 3-D shapes,Patterns with 2-D and 3-D shapes,current_1,available,public,True,processed,Patterns - How To Recognize and Continue Patterns
mFtn7ML8fyI,Patterns - How To Find Missing Parts in Patterns,Miacademy_&_MiaPrep_Learning_Channel,Year 1_5-6_Autumn__Shape_5_Patterns with 2-D and 3-D shapes,Patterns with 2-D and 3-D shapes,current_2,available,public,True,processed,Patterns - How To Find Missing Parts in Patterns
XvnzYHv9kOk,Patterns - Repeating and Growing Patterns With Shapes and Numbers,Miacademy_&_MiaPrep_Learning_Channel,Year 1_5-6_Autumn__Shape_5_Patterns with 2-D and 3-D shapes,Patterns with 2-D and 3-D shapes,current_3,available,public,True,processed,Patterns - Repeating and Growing Patterns With Shapes and Numbers
yGAefj2CCsg,Year 2 Maths Missing Number Problems 30.06.20,Chalkwell_Hall_Infant_School,Year 1_5-6_Spring__Addition and subtraction within 20_10_Missing number problems,Missing number problems,current_1,available,public,True,processed,Year 2 Maths Missing Number Problems 30.06.20
dxAcXP6LnA0,"Grade 2 Math  1.14, Missing Addends",JoAnn's_School,Year 1_5-6_Spring__Addition and subtraction within 20_10_Missing number problems,Missing number problems,current_2,available,public,True,processed,"Grade 2 Math  1.14, Missing Addends"
O_5Ums6eRXI,Add numbers up to 20 with tens frames! #shorts,Mr._Tom_Teaches_Again,Year 1_5-6_Spring__Addition and subtraction within 20_1_Add by counting on within 20,Add by counting on within 20,current_1,available,public,True,processed,Add numbers up to 20 with tens frames! #shorts
txKdHrRsP2Q,Use tens frames to add up to 20.,Mr._Tom_Teaches_Again,Year 1_5-6_Spring__Addition and subtraction within 20_1_Add by counting on within 20,Add by counting on within 20,current_2,available,public,True,processed,Use tens frames to add up to 20.
coq0PP9feec,Number bonds to 20 | Maths for kids | DoodleLearning,DoodleLearning,Year 1_5-6_Spring__Addition and subtraction within 20_2_Add ones using number bonds,Add ones using number bonds,current_1,available,public,True,processed,Number bonds to 20 | Maths for kids | DoodleLearning
r6q1DU5tZx4,Number Bonds to 20,Miss_Martin,Year 1_5-6_Spring__Addition and subtraction within 20_2_Add ones using number bonds,Add ones using number bonds,current_2,available,public,True,processed,Number Bonds to 20
diDgrqdC1rU,Find Missing Number - number bonds 20 (addition),Quizmaster,Year 1_5-6_Spring__Addition and subtraction within 20_2_Add ones using number bonds,Add ones using number bonds,current_3,available,public,True,processed,Find Missing Number - number bonds 20 (addition)
ZvSH1DgweWM,Number Bonds To 20 | KS1 Year 1 Maths |  Home Learning,Explore_Planet_English,Year 1_5-6_Spring__Addition and subtraction within 20_3_Find and make number bonds to 20,Find and make number bonds to 20,current_3,available,public,True,processed,Number Bonds To 20 | KS1 Year 1 Maths |  Home Learning
M8rbvSlZyS0,Double Dice - Addition Practice | Math | 1st Grade - Kids Academy,Kids_Academy,Year 1_5-6_Spring__Addition and subtraction within 20_4_Doubles,Doubles,current_1,available,public,True,processed,Double Dice - Addition Practice | Math | 1st Grade - Kids Academy
0aOuGUb4oJ4,2 Doubles and Near Doubles,Henrico_Schools,Year 1_5-6_Spring__Addition and subtraction within 20_4_Doubles,Doubles,current_2,available,public,True,processed,2 Doubles and Near Doubles
bna2n_Qxrbg,L10 S3 pg 220 Use strategies for addition and subtraction facts,Krista_Sanders,Year 1_5-6_Spring__Addition and subtraction within 20_4_Doubles,Doubles,current_3,available,public,True,processed,L10 S3 pg 220 Use strategies for addition and subtraction facts
XJdhHdlPKp8,Near Doubles: Mental Math Addition Strategy,Shelley_Gray,Year 1_5-6_Spring__Addition and subtraction within 20_5_Near doubles,Near doubles,current_1,available,public,True,processed,Near Doubles: Mental Math Addition Strategy
9TsO04MTnBM,Using Doubles Fact to Solve Near Doubles Facts,Samantha_Wilaby,Year 1_5-6_Spring__Addition and subtraction within 20_5_Near doubles,Near doubles,current_2,available,public,True,processed,Using Doubles Fact to Solve Near Doubles Facts
u1MueVGRMXU,Near Doubles Math Fact Fluency Lesson & Practice,Growing_Primary,Year 1_5-6_Spring__Addition and subtraction within 20_5_Near doubles,Near doubles,current_3,available,public,True,processed,Near Doubles Math Fact Fluency Lesson & Practice
jKPOmMbrj3k,Subtraction Strategies Within 20 Using Manipulatives,TravisTeacherTube,Year 1_5-6_Spring__Addition and subtraction within 20_6_Subtract ones using number bonds,Subtract ones using number bonds,current_1,available,public,True,processed,Subtraction Strategies Within 20 Using Manipulatives
dum5twaK8DM,Basic Subtraction - Math for Kids!,Miacademy_&_MiaPrep_Learning_Channel,Year 1_5-6_Spring__Addition and subtraction within 20_6_Subtract ones using number bonds,Subtract ones using number bonds,current_2,available,public,True,processed,Basic Subtraction - Math for Kids!
DjVmYzI2DO4,AdaptedMind Math - Subtracting Below Twenty Lesson,AdaptedMind,Year 1_5-6_Spring__Addition and subtraction within 20_7_Subtraction – counting back,Subtraction – counting back,current_1,available,public,True,processed,AdaptedMind Math - Subtracting Below Twenty Lesson
FqB8YZ_UrBo,Subtraction up to 20-Ten Frames,Ms._Vargas,Year 1_5-6_Spring__Addition and subtraction within 20_7_Subtraction – counting back,Subtraction – counting back,current_2,available,public,True,processed,Subtraction up to 20-Ten Frames
cZirxTAhUyo,First Grade - Subtraction,KIPEDU,Year 1_5-6_Spring__Addition and subtraction within 20_7_Subtraction – counting back,Subtraction – counting back,current_3,available,public,True,processed,First Grade - Subtraction
h4mygAc6w9Q,"2nd Grade Math 3.6, Practice Subtraction Facts",JoAnn's_School,Year 1_5-6_Spring__Addition and subtraction within 20_8_Subtraction – finding the difference,Subtraction – finding the difference,current_3,embedding_disabled,public,False,processed,"2nd Grade Math 3.6, Practice Subtraction Facts"
1fTijiozePc,"Grade 2 Math  2.3, Relating Addition and Subtraction",JoAnn's_School,Year 1_5-6_Spring__Addition and subtraction within 20_9_Related facts,Related facts,current_1,available,public,True,processed,"Grade 2 Math  2.3, Relating Addition and Subtraction"
feXM4p2EVzA,"Grade 1 Math 5.2, Record/Write Related Facts (Fact families)",JoAnn's_School,Year 1_5-6_Spring__Addition and subtraction within 20_9_Related facts,Related facts,current_2,embedding_disabled,public,False,processed,"Grade 1 Math 5.2, Record/Write Related Facts (Fact families)"
8p6NyrKkWR4,Relationship between Addition and Subtraction Teacher Chesca,Franchesca_Loisa_Fuga,Year 1_5-6_Spring__Addition and subtraction within 20_9_Related facts,Related facts,current_3,available,public,True,processed,Relationship between Addition and Subtraction Teacher Chesca
bZun52IqvZo,Year 1 Maths - Ordering Length and Height using Key Vocabulary. Miss Farook - 22nd January 2021,Blue_Coat,Year 1_5-6_Spring__Length and height_1_Compare lengths and heights,Compare lengths and heights,current_1,available,public,True,processed,Year 1 Maths - Ordering Length and Height using Key Vocabulary. Miss Farook - 22nd January 2021
rPT6PwlA2Qs,Year 1 maths 28.1.21,Portway_Infant_School,Year 1_5-6_Spring__Length and height_1_Compare lengths and heights,Compare lengths and heights,current_2,available,public,True,processed,Year 1 maths 28.1.21
zH8ZMIwoCpY,Math Lesson (Measurement - comparing & ordering lengths),Mrs._Davids_1st_Grade,Year 1_5-6_Spring__Length and height_1_Compare lengths and heights,Compare lengths and heights,current_3,available,public,True,processed,Math Lesson (Measurement - comparing & ordering lengths)
4RYrgWk5gAE,Year 1 - Maths - Non-standard units,Begbrook_Primary_Academy,Year 1_5-6_Spring__Length and height_2_Measure length using objects,Measure length using objects,current_1,available,public,True,processed,Year 1 - Maths - Non-standard units
-Bizo8Y9fpc,"Grade 1 Math 9.4, Make a non-standard measuring tool",JoAnn's_School,Year 1_5-6_Spring__Length and height_2_Measure length using objects,Measure length using objects,current_3,embedding_disabled,public,False,processed,"Grade 1 Math 9.4, Make a non-standard measuring tool"
hAM8LEidWo4,Whole Centimeters - How To Measure in Centimeters,Miacademy_&_MiaPrep_Learning_Channel,Year 1_5-6_Spring__Length and height_3_Measure length in centimetres,Measure length in centimetres,current_1,available,public,True,processed,Whole Centimeters - How To Measure in Centimeters
3hgD5SujJpE,Lesson 3 Measuring with Centimeters,Maricela_Recendez,Year 1_5-6_Spring__Length and height_3_Measure length in centimetres,Measure length in centimetres,current_2,available,public,True,processed,Lesson 3 Measuring with Centimeters
dCQ3mEMnFh0,"2nd Grade Math 9.3, Measure With a Centimeter Ruler",JoAnn's_School,Year 1_5-6_Spring__Length and height_3_Measure length in centimetres,Measure length in centimetres,current_3,available,public,True,processed,"2nd Grade Math 9.3, Measure With a Centimeter Ruler"
8qYQfeInnGQ,Which is Heavier? Comparing Heavier and Lighter Objects Using a Balance Scale | Early Math,Creative_Ventures,Year 1_5-6_Spring__Mass and volume_1_Heavier and lighter,Heavier and lighter,current_1,available,public,True,processed,Which is Heavier? Comparing Heavier and Lighter Objects Using a Balance Scale | Early Math
uMfZKwSk9g4,Heavy and Light | Comparison for Kids | Learn Weight- Heavier/Lighter | Learn Pre-School Concepts |,Giggle_Moments,Year 1_5-6_Spring__Mass and volume_1_Heavier and lighter,Heavier and lighter,current_2,available,public,True,processed,Heavy and Light | Comparison for Kids | Learn Weight- Heavier/Lighter | Learn Pre-School Concepts |
6HOYzH7GArE,UKG A: Maths: Concept : Heavier and Lighter,VANDANA_BULSARA,Year 1_5-6_Spring__Mass and volume_1_Heavier and lighter,Heavier and lighter,current_3,available,public,True,processed,UKG A: Maths: Concept : Heavier and Lighter
RrrmTFU_978,Measuring Mass,Amy_Snider,Year 1_5-6_Spring__Mass and volume_2_Measure mass,Measure mass,current_1,available,public,True,processed,Measuring Mass
J1Q5kqRKfqQ,Measuring Mass 3   Measuring Mass Using Non Standard Units,Tall_Orders_Teaching,Year 1_5-6_Spring__Mass and volume_2_Measure mass,Measure mass,current_2,available,public,True,processed,Measuring Mass 3   Measuring Mass Using Non Standard Units
jZCc0clhDUE,Week 9 - Maths - Lesson 4 - Measuring and comparing masses,The_Place_to_be!,Year 1_5-6_Spring__Mass and volume_2_Measure mass,Measure mass,current_3,available,public,True,processed,Week 9 - Maths - Lesson 4 - Measuring and comparing masses
Gu8hzzaRVBA,Comparing Measurements - Kindergarten Math With Size and Length,Miacademy_&_MiaPrep_Learning_Channel,Year 1_5-6_Spring__Mass and volume_3_Compare weight,Compare weight,current_1,available,public,True,processed,Comparing Measurements - Kindergarten Math With Size and Length
SdmfsBgR2lI,Reception Numeracy - Lesson 36 - Comparing capacity - holds more/holds less,"Department_for_Education,_South_Australia",Year 1_5-6_Spring__Mass and volume_4_Full and empty,Full and empty,current_1,available,public,True,processed,Reception Numeracy - Lesson 36 - Comparing capacity - holds more/holds less
z85Gep2wlc4,How Much Can It Hold? Learn About Capacity & Volume for Kids!,Teesas_Kids_Tv,Year 1_5-6_Spring__Mass and volume_4_Full and empty,Full and empty,current_2,available,public,True,processed,How Much Can It Hold? Learn About Capacity & Volume for Kids!
qRxuGBTANg4,Measurement Maths Lesson : Capacity of Containers using scoops,Cathi's_Classroom,Year 1_5-6_Spring__Mass and volume_4_Full and empty,Full and empty,current_3,available,public,True,processed,Measurement Maths Lesson : Capacity of Containers using scoops
w6kw6N09a1c,7.13 - Nonstandard Volume,DSD_Advantage_Math,Year 1_5-6_Spring__Mass and volume_5_Compare volume,Compare volume,current_3,available,public,True,processed,7.13 - Nonstandard Volume
tpIAGiaXQls,Measuring Volume with Non Standard Units,Teacher_Jay,Year 1_5-6_Spring__Mass and volume_6_Measure capacity,Measure capacity,current_2,available,public,True,processed,Measuring Volume with Non Standard Units
9spc6nsEZro,Non-Standard Measurement-Capacity,Zulmarie_Irizarry,Year 1_5-6_Spring__Mass and volume_6_Measure capacity,Measure capacity,current_3,available,public,True,processed,Non-Standard Measurement-Capacity
j3VQGT-dbaQ,Estimating numbers,Priyanka_Galrani,Year 1_5-6_Spring__Place value within 20_10_Estimate on a number line to 20,Estimate on a number line to 20,current_1,available,public,True,processed,Estimating numbers
B_Hs55wcof8,Estimate on a Number Line | Fun and Interactive KS1 Maths Practice,Twinkl_Educational_Publishing,Year 1_5-6_Spring__Place value within 20_10_Estimate on a number line to 20,Estimate on a number line to 20,current_2,available,public,True,processed,Estimate on a Number Line | Fun and Interactive KS1 Maths Practice
42HVQFbz888,Estimating Numbers on a Number Line,Mrs_Tasker,Year 1_5-6_Spring__Place value within 20_10_Estimate on a number line to 20,Estimate on a number line to 20,current_3,available,public,True,processed,Estimating Numbers on a Number Line
C7D8glOsoYg,Comparing Numbers 1st Grade - Beware Alligators!,Math_&_Learning_Videos_4_Kids,Year 1_5-6_Spring__Place value within 20_11_Compare numbers to 20,Compare numbers to 20,current_2,available,public,True,processed,Comparing Numbers 1st Grade - Beware Alligators!
aT4G25Ti4yI,Comparing Numbers to 100 - Kindergarten Place Value Practice,Miacademy_&_MiaPrep_Learning_Channel,Year 1_5-6_Spring__Place value within 20_11_Compare numbers to 20,Compare numbers to 20,current_3,available,public,True,processed,Comparing Numbers to 100 - Kindergarten Place Value Practice
-wULi2o_oVw,"Kindergarten Math 8.3, Count and Order to 20",JoAnn's_School,Year 1_5-6_Spring__Place value within 20_12_Order numbers to 20,Order numbers to 20,current_1,embedding_disabled,public,False,processed,"Kindergarten Math 8.3, Count and Order to 20"
LXrkDsLRwjc,Summer Fun Counting to 20 - Count It! - Circle Time with Mrs. Pixie,The_Education_Pixie,Year 1_5-6_Spring__Place value within 20_1_Count within 20,Count within 20,current_1,available,public,True,processed,Summer Fun Counting to 20 - Count It! - Circle Time with Mrs. Pixie
W-4MUgGewfI,How To Teach Counting Up To 20 | Numbers Song for Kids! | Super Simple Learning,Super_Simple_Learning,Year 1_5-6_Spring__Place value within 20_1_Count within 20,Count within 20,current_3,available,public,True,processed,How To Teach Counting Up To 20 | Numbers Song for Kids! | Super Simple Learning
tkl9vXr1MaQ,Place Value to 20 - Kindergarten Math With Base Ten Blocks,Miacademy_&_MiaPrep_Learning_Channel,Year 1_5-6_Spring__Place value within 20_2_Understand 10,Understand 10,current_1,available,public,True,processed,Place Value to 20 - Kindergarten Math With Base Ten Blocks
1QG9QGXFvDU,Representing Teen Numbers - Using Ten Frames and Base Ten Blocks,Miacademy_&_MiaPrep_Learning_Channel,Year 1_5-6_Spring__Place value within 20_2_Understand 10,Understand 10,current_3,available,public,True,processed,Representing Teen Numbers - Using Ten Frames and Base Ten Blocks
uZaWFa6AubM,How to Teach Teen Numbers in Kindergarten and First Grade // place value activities,Susan_Jones_Teaching,"Year 1_5-6_Spring__Place value within 20_3_Understand 11, 12 and 13","Understand 11, 12 and 13",current_2,available,public,True,processed,How to Teach Teen Numbers in Kindergarten and First Grade // place value activities
O0gkB-NOWgw,"Kindergarten Math 7.9, Model and Count 18 and 19",JoAnn's_School,"Year 1_5-6_Spring__Place value within 20_5_Understand 17, 18 and 19","Understand 17, 18 and 19",current_1,embedding_disabled,public,False,processed,"Kindergarten Math 7.9, Model and Count 18 and 19"
7qdCsfYSUOc,"Kindergarten Math 8.1, Model and Count 20",JoAnn's_School,Year 1_5-6_Spring__Place value within 20_6_Understand 20,Understand 20,current_3,embedding_disabled,public,False,processed,"Kindergarten Math 8.1, Model and Count 20"
aQkOa9Y8W5c,One More-One Less to 20 Day 1.mp4,Michelle_Lusher,Year 1_5-6_Spring__Place value within 20_7_1 more and 1 less,1 more and 1 less,current_1,available,public,True,processed,One More-One Less to 20 Day 1.mp4
KBnY-XG55yo,Reception Maths New Learning 1 more and 1 less teen numbers 30.06.20,Chalkwell_Hall_Infant_School,Year 1_5-6_Spring__Place value within 20_7_1 more and 1 less,1 more and 1 less,current_2,available,public,True,processed,Reception Maths New Learning 1 more and 1 less teen numbers 30.06.20
JR4DmFO7Q3Y,"Grade 1 Math: 1 More 1 Less 10 More 10 Less ""Part 1""",Heritage_International_School_Phnom_Penh,Year 1_5-6_Spring__Place value within 20_9_Use a number line to 20,Use a number line to 20,current_3,available,public,True,processed,"Grade 1 Math: 1 More 1 Less 10 More 10 Less ""Part 1"""
s-UJCWu1kW0,"Kindergarten Math 8.5, Count to 50 by Ones",JoAnn's_School,Year 1_5-6_Spring__Place value within 50_1_Count to 50,Count to 50,current_1,embedding_disabled,public,False,processed,"Kindergarten Math 8.5, Count to 50 by Ones"
VhY-pkzG5zg,💯 Count to 50! ✨ Super Fun Learn Counting 1-50 by ErickHouse | Educational Games #nurseryrhymes,ERICK_HOUSE,Year 1_5-6_Spring__Place value within 50_1_Count to 50,Count to 50,current_2,available,public,True,processed,💯 Count to 50! ✨ Super Fun Learn Counting 1-50 by ErickHouse | Educational Games #nurseryrhymes 
nxKnpyLVhzE,I Can Count to 50 NOW! | Jack Hartmann,Jack_Hartmann_Kids_Music_Channel,Year 1_5-6_Spring__Place value within 50_1_Count to 50,Count to 50,current_3,available,public,True,processed,I Can Count to 50 NOW! | Jack Hartmann
WKqjQanagLo,Counting by 10's - Practice Skip Counting for Kindergarten,Miacademy_&_MiaPrep_Learning_Channel,Year 1_5-6_Spring__Place value within 50_2_Skip count in tens,Skip count in tens,current_1,available,public,True,processed,Counting by 10's - Practice Skip Counting for Kindergarten
hXLP00FcGdw,"Skip Counting - Count by 2s, 5s, and 10s",Miacademy_&_MiaPrep_Learning_Channel,Year 1_5-6_Spring__Place value within 50_2_Skip count in tens,Skip count in tens,current_2,available,public,True,processed,"Skip Counting - Count by 2s, 5s, and 10s"
Fvu0vw9T9Ac,Skip counting 10s by Peter Weatherall,Peter_Weatherall,Year 1_5-6_Spring__Place value within 50_2_Skip count in tens,Skip count in tens,current_3,available,public,True,processed,Skip counting 10s by Peter Weatherall
pjdHT0W-WIw,"Kindergarten Math 8.8, Count by Tens",JoAnn's_School,Year 1_5-6_Spring__Place value within 50_3_Count by making groups of tens,Count by making groups of tens,current_2,embedding_disabled,public,False,processed,"Kindergarten Math 8.8, Count by Tens"
EjGJHW5sZdg,Place Value 1: Ones and Tens - Math for Kids!,Miacademy_&_MiaPrep_Learning_Channel,Year 1_5-6_Spring__Place value within 50_3_Count by making groups of tens,Count by making groups of tens,current_3,available,public,True,processed,Place Value 1: Ones and Tens - Math for Kids!
I0e6iH3oSRU,"Grade 1 Math 6.6, Tens and ones to 50",JoAnn's_School,Year 1_5-6_Spring__Place value within 50_4_Groups of tens and ones,Groups of tens and ones,current_3,embedding_disabled,public,False,processed,"Grade 1 Math 6.6, Tens and ones to 50"
3XqFx3V3uCQ,Partitioning numbers into tens and ones,St_Peter's_Primary_School,Year 1_5-6_Spring__Place value within 50_5_Partition into tens and ones,Partition into tens and ones,current_1,available,public,True,processed,Partitioning numbers into tens and ones
LYwi1Qx5pqs,Place Value Of 2 Digit Numbers - Key Stage 2 Maths,Miss_Educate,Year 1_5-6_Spring__Place value within 50_5_Partition into tens and ones,Partition into tens and ones,current_2,available,public,True,processed,Place Value Of 2 Digit Numbers - Key Stage 2 Maths
L-_VG3d49go,Year 2 Maths: Partitioning 2-digit numbers,Winshill_Village_Primary_and_Nursery_School,Year 1_5-6_Spring__Place value within 50_5_Partition into tens and ones,Partition into tens and ones,current_3,available,public,True,processed,Year 2 Maths: Partitioning 2-digit numbers
u-jNaApkLXM,Counting by 5's - Kindergarten Skip Counting Math Lesson,Miacademy_&_MiaPrep_Learning_Channel,Year 1_5-6_Spring__Place value within 50_6_The number line to 50,The number line to 50,current_3,available,public,True,processed,Counting by 5's - Kindergarten Skip Counting Math Lesson
y6eMk-s72vc,Estimating Position on a Number Line,GSL_First_Grade,Year 1_5-6_Spring__Place value within 50_7_Estimate on a number line to 50,Estimate on a number line to 50,current_1,available,public,True,processed,Estimating Position on a Number Line
chlvSIrvmu8,Year 1 JSands Place Value 1 more and 1 less 50 part 2,Wren's_Nest,"Year 1_5-6_Spring__Place value within 50_8_1 more, 1 less","1 more, 1 less",current_1,available,public,True,processed,Year 1 JSands Place Value 1 more and 1 less 50 part 2
qD65isxIRjs,Year 1 Miss Sands Place Value 1 more and 1 less 50,Wren's_Nest,"Year 1_5-6_Spring__Place value within 50_8_1 more, 1 less","1 more, 1 less",current_2,available,public,True,processed,Year 1 Miss Sands Place Value 1 more and 1 less 50
362JVVvgYPE,Fractions! | Mini Math Movies | Scratch Garden,Scratch_Garden,Year 1_5-6_Summer__Fractions_1_Recognise a half of an object or a shape,Recognise a half of an object or a shape,current_1,available,public,True,processed,Fractions! | Mini Math Movies | Scratch Garden
YSnGI5uLbtQ,Halves and Fourths - Basic Fractions for Kids,Miacademy_&_MiaPrep_Learning_Channel,Year 1_5-6_Summer__Fractions_1_Recognise a half of an object or a shape,Recognise a half of an object or a shape,current_2,available,public,True,processed,Halves and Fourths - Basic Fractions for Kids
Ld6yeV_4ksE,"Grade 1 Math 12.9, Halves",JoAnn's_School,Year 1_5-6_Summer__Fractions_1_Recognise a half of an object or a shape,Recognise a half of an object or a shape,current_3,embedding_disabled,public,False,processed,"Grade 1 Math 12.9, Halves"
ZXtI9_PmaPM,18.05.20 Year 1 Maths Finding half of a shape,Grange_Primary_School,Year 1_5-6_Summer__Fractions_2_Find a half of an object or a shape,Find a half of an object or a shape,current_2,available,public,True,processed,18.05.20 Year 1 Maths Finding half of a shape
S_Jvi97snfQ,Fractions Year 1 -  Finding Half of a Quantity,Primary_School_Made_Easy,Year 1_5-6_Summer__Fractions_3_Recognise a half of a quantity,Recognise a half of a quantity,current_1,available,public,True,processed,Fractions Year 1 -  Finding Half of a Quantity
gLTorhMW5b0,First Grade - Fractions,KIPEDU,Year 1_5-6_Summer__Fractions_3_Recognise a half of a quantity,Recognise a half of a quantity,current_2,available,public,True,processed,First Grade - Fractions
usEKPYhQEx8,"Halves, Thirds, and Fourths - Intro to Fractions for Kids",Miacademy_&_MiaPrep_Learning_Channel,Year 1_5-6_Summer__Fractions_3_Recognise a half of a quantity,Recognise a half of a quantity,current_3,available,public,True,processed,"Halves, Thirds, and Fourths - Intro to Fractions for Kids"
1gNAQPs-6bg,Grade one| Term 3 Lesson 19: Halves and doubles| CAPS Aligned Math lessons|,Teacher_Pika_,Year 1_5-6_Summer__Fractions_4_Find a half of a quantity,Find a half of a quantity,current_2,available,public,True,processed,Grade one| Term 3 Lesson 19: Halves and doubles| CAPS Aligned Math lessons|
79LZHxCMlWI,"Grade 1 Math 12.10a, Fourths",JoAnn's_School,Year 1_5-6_Summer__Fractions_5_Recognise a quarter of an object or a shape,Recognise a quarter of an object or a shape,current_2,embedding_disabled,public,False,processed,"Grade 1 Math 12.10a, Fourths"
vhCQ6kHbafQ,How to identify a quarter (¼) as part of a whole | CBC Grade 3 Math Lesson,EasyElimu_Learning_Innovations,Year 1_5-6_Summer__Fractions_5_Recognise a quarter of an object or a shape,Recognise a quarter of an object or a shape,current_3,available,public,True,processed,How to identify a quarter (¼) as part of a whole | CBC Grade 3 Math Lesson
5hFlkQzZy2Y,"Year 1, Fractions, Finding a Quarter",MPA_Youtube,Year 1_5-6_Summer__Fractions_6_Find a quarter of an object or a shape,Find a quarter of an object or a shape,current_2,available,public,True,processed,"Year 1, Fractions, Finding a Quarter"
FwIdiD9d1OY,Quarter of a Quantity | How Many Quarters in One | Fractions for Year One,Primary_School_Made_Easy,Year 1_5-6_Summer__Fractions_7_Recognise a quarter of a quantity,Recognise a quarter of a quantity,current_1,available,public,True,processed,Quarter of a Quantity | How Many Quarters in One | Fractions for Year One
lpHuzQWzg5g,One Quarter | Fractions | Numbers| Maths | FuseSchool Kids,FuseSchool_Kids,Year 1_5-6_Summer__Fractions_7_Recognise a quarter of a quantity,Recognise a quarter of a quantity,current_2,available,public,True,processed,One Quarter | Fractions | Numbers| Maths | FuseSchool Kids
akxO8eNSXJ8,Fractions for Kids: Halves and Quarters,Learn_and_Play_Online!,Year 1_5-6_Summer__Fractions_8_Find a quarter of a quantity,Find a quarter of a quantity,current_3,available,public,True,processed,Fractions for Kids: Halves and Quarters
9O9_KvXNL5w,Counting Coins - How to Count Money for Kids,Miacademy_&_MiaPrep_Learning_Channel,Year 1_5-6_Summer__Money_1_What is a penny?,What is a penny?,current_1,available,public,True,processed,Counting Coins - How to Count Money for Kids
H1nJbJvC0MI,Learning the Values of British Coins,Maths_with_Mum,Year 1_5-6_Summer__Money_1_What is a penny?,What is a penny?,current_2,available,public,True,processed,Learning the Values of British Coins
ICy1Xkj-CRg,"Counting Coins (in Cents!) - Pennies, Nickels, Dimes, and Quarters",Miacademy_&_MiaPrep_Learning_Channel,Year 1_5-6_Summer__Money_1_What is a penny?,What is a penny?,current_3,available,public,True,processed,"Counting Coins (in Cents!) - Pennies, Nickels, Dimes, and Quarters"
PSwQ5hev0jI,Money,Year_1_Teaching_Strategies,Year 1_5-6_Summer__Money_2_Recognise coins,Recognise coins,current_1,available,public,True,processed,Money
jHkUPDjum_E,The Money Song | UK Coins Song | Scratch Garden,Scratch_Garden,Year 1_5-6_Summer__Money_2_Recognise coins,Recognise coins,current_3,available,public,True,processed,The Money Song | UK Coins Song | Scratch Garden
5DDI_RlZB0c,UK Notes Explained for Kids | Maths Money Learning Video | Twinkl Kids Tv,Twinkl_Kids_TV,Year 1_5-6_Summer__Money_3_Recognise notes,Recognise notes,current_1,available,public,True,processed,UK Notes Explained for Kids | Maths Money Learning Video | Twinkl Kids Tv
6aIxm9VsTss,Counting Money | Measurement | Y2 Maths | FuseSchool Kids,FuseSchool_Kids,Year 1_5-6_Summer__Money_3_Recognise notes,Recognise notes,current_2,available,public,True,processed,Counting Money | Measurement | Y2 Maths | FuseSchool Kids
OxtbT5XPsxE,"Year 2 Money  Adding Amounts, Giving Change and Problem Solving 07.07.20",Chalkwell_Hall_Infant_School,Year 1_5-6_Summer__Money_3_Recognise notes,Recognise notes,current_3,available,public,True,processed,"Year 2 Money  Adding Amounts, Giving Change and Problem Solving 07.07.20"
H-RBOSsDSe4,"Grade 2 Math  4.1b, Money, Count pennies, nickels, and dimes",JoAnn's_School,Year 1_5-6_Summer__Money_4_Count in coins,Count in coins,current_3,available,public,True,processed,"Grade 2 Math  4.1b, Money, Count pennies, nickels, and dimes"
XDdIxLfSZlA,Counting in 2s | Maths with Mrs B.,Maths_with_Mrs_B,Year 1_5-6_Summer__Multiplication and division_1_Count in 2s,Count in 2s,current_1,available,public,True,processed,Counting in 2s | Maths with Mrs B.
BEp9b5ZBrTE,"2nd Grade Math 3.10 PART 2, Word Problem Solving, Equal Groups & Skip-Counting",JoAnn's_School,Year 1_5-6_Summer__Multiplication and division_1_Count in 2s,Count in 2s,current_3,embedding_disabled,public,False,processed,"2nd Grade Math 3.10 PART 2, Word Problem Solving, Equal Groups & Skip-Counting"
6bv0N3vxwKU,Multiplying and Dividing by 10's - Place Value Patterns and Multiples,Miacademy_&_MiaPrep_Learning_Channel,Year 1_5-6_Summer__Multiplication and division_2_Count in 10s,Count in 10s,current_1,available,public,True,processed,Multiplying and Dividing by 10's - Place Value Patterns and Multiples
EvrklXUL03o,Multiples of 10 | Math with Mr. J,Math_with_Mr._J,Year 1_5-6_Summer__Multiplication and division_2_Count in 10s,Count in 10s,current_3,available,public,True,processed,Multiples of 10 | Math with Mr. J
Qnj6-X1_5-M,"Friday Counting in Multiples of 2,5 and 10",Emsworth_Primary_School_Year_1,Year 1_5-6_Summer__Multiplication and division_3_Count in 5s,Count in 5s,current_2,available,public,True,processed,"Friday Counting in Multiples of 2,5 and 10"
xHTCplRowOY,Equal or Unequal Groups - Early Math for Primary Learners | Creative Ventures,Creative_Ventures,Year 1_5-6_Summer__Multiplication and division_4_Recognise equal groups,Recognise equal groups,current_1,available,public,True,processed,Equal or Unequal Groups - Early Math for Primary Learners | Creative Ventures
GlGce1lI6Gw,"3rd Grade Math 6.2, Size of Equal Groups",JoAnn's_School,Year 1_5-6_Summer__Multiplication and division_4_Recognise equal groups,Recognise equal groups,current_2,available,public,True,processed,"3rd Grade Math 6.2, Size of Equal Groups"
FD-S7l9QXfs,"3rd Grade Math 3.1, Count Equal Groups",JoAnn's_School,Year 1_5-6_Summer__Multiplication and division_4_Recognise equal groups,Recognise equal groups,current_3,available,public,True,processed,"3rd Grade Math 3.1, Count Equal Groups"
Hb0BmXTYhlo,"2nd Grade Math 3.11, Repeated Addition of Equal Groups",JoAnn's_School,Year 1_5-6_Summer__Multiplication and division_5_Add equal groups,Add equal groups,current_1,embedding_disabled,public,False,processed,"2nd Grade Math 3.11, Repeated Addition of Equal Groups"
iO7MAxHLqYk,REPEATED ADDITION 3+3+3+3_Relate Multiplication & Addition_3RD Grade #multiply #mathbymsramirez,📚Colorful_Learning-with_Ms._Ramirez📚,Year 1_5-6_Summer__Multiplication and division_5_Add equal groups,Add equal groups,current_2,deleted,deleted,False,deleted,
B6YPHOhSoFI,Repeated Addition and Multiplication using arrays,Year_1_Teaching_Strategies,Year 1_5-6_Summer__Multiplication and division_5_Add equal groups,Add equal groups,current_3,available,public,True,processed,Repeated Addition and Multiplication using arrays
En3yKhgcoSQ,Use arrays for repeated addition. #shorts,Mr._Tom_Teaches_Again,Year 1_5-6_Summer__Multiplication and division_6_Make arrays,Make arrays,current_1,available,public,True,processed,Use arrays for repeated addition. #shorts
HWkW11Z9y5U,"Understanding Multiplication: Repeated addition, groups of, arrays",Kye_Fedor,Year 1_5-6_Summer__Multiplication and division_6_Make arrays,Make arrays,current_2,available,public,True,processed,"Understanding Multiplication: Repeated addition, groups of, arrays"
hH70jjqryL8,Doubles,Yakilsa_Ebanks_Forskin,Year 1_5-6_Summer__Multiplication and division_7_Make doubles,Make doubles,current_3,available,public,True,processed,Doubles
Rb834_E4I18,Division as Grouping,Math-ness_with_Teacher_G,Year 1_5-6_Summer__Multiplication and division_8_Make equal groups – grouping,Make equal groups – grouping,current_3,available,public,True,processed,Division as Grouping
Ijmee8DrnDg,Maths - making equal groups by sharing,Home_ed_Heroes,Year 1_5-6_Summer__Multiplication and division_9_Make equal groups – sharing,Make equal groups – sharing,current_2,available,public,True,processed,Maths - making equal groups by sharing
QxRxJ6z3JCc,Division lesson 2 - sharing into equal groups,Hilary_Elks,Year 1_5-6_Summer__Multiplication and division_9_Make equal groups – sharing,Make equal groups – sharing,current_3,available,public,True,processed,Division lesson 2 - sharing into equal groups
zWTRlPEHeBo,"Kindergarten Math 8.6, Count to 100 by Ones",JoAnn's_School,Year 1_5-6_Summer__Place value within 100_1_Count from 50 to 100,Count from 50 to 100,current_1,embedding_disabled,public,False,processed,"Kindergarten Math 8.6, Count to 100 by Ones"
2ozndTtc0dE,"2nd Grade Math 1.8, Counting Patterns Within 100",JoAnn's_School,Year 1_5-6_Summer__Place value within 100_1_Count from 50 to 100,Count from 50 to 100,current_3,embedding_disabled,public,False,processed,"2nd Grade Math 1.8, Counting Patterns Within 100"
8lJIhOXUoZk,Tens and Ones|Tens and Ones Concept For Kindergarden||Concept of Tens and Ones|Place Value in Maths,LoveToLearn_with_Subhashini_Balakrishnan,Year 1_5-6_Summer__Place value within 100_2_Tens to 100,Tens to 100,current_3,available,public,True,processed,Tens and Ones|Tens and Ones Concept For Kindergarden||Concept of Tens and Ones|Place Value in Maths
HfuJ6t9sSao,Year 2 Maths | Using a number line to 100,Plytime_Learning,Year 1_5-6_Summer__Place value within 100_4_The number line to 100,The number line to 100,current_1,available,public,True,processed,Year 2 Maths | Using a number line to 100
ySLhAnQR5P0,"10 More, 10 Less - Using a Hundred Chart",Miacademy_&_MiaPrep_Learning_Channel,Year 1_5-6_Summer__Place value within 100_4_The number line to 100,The number line to 100,current_2,available,public,True,processed,"10 More, 10 Less - Using a Hundred Chart"
Bj0aVqYBgXg,Math |  Forward Counting 1 to 100 | Forward Counting for Kids | The Learning Horizon,The_Learning_Horizon,Year 1_5-6_Summer__Place value within 100_4_The number line to 100,The number line to 100,current_3,available,public,True,processed,Math |  Forward Counting 1 to 100 | Forward Counting for Kids | The Learning Horizon
GPNvb2A8JlI,"Grade 2 Math  3.13, Comparing numbers",JoAnn's_School,Year 1_5-6_Summer__Place value within 100_6_Compare numbers with the same number of tens,Compare numbers with the same number of tens,current_2,available,public,True,processed,"Grade 2 Math  3.13, Comparing numbers"
zyCrmYVcz0o,"Grade 1 Math 7.2, Less than",JoAnn's_School,Year 1_5-6_Summer__Place value within 100_6_Compare numbers with the same number of tens,Compare numbers with the same number of tens,current_3,embedding_disabled,public,False,processed,"Grade 1 Math 7.2, Less than"
t8IRGiabaiU,Compare 2 digit numbers/ Greater Than/ Less Than/ Equal To,Fun_Learning_For_Kids_with_SJ,Year 1_5-6_Summer__Place value within 100_7_Compare any two numbers,Compare any two numbers,current_3,available,public,True,processed,Compare 2 digit numbers/ Greater Than/ Less Than/ Equal To
PrZJG74WaZA,02.06.20 Year 1 Maths Describing turns,Grange_Primary_School,Year 1_5-6_Summer__Position and direction_1_Describe turns,Describe turns,current_1,available,public,True,processed,02.06.20 Year 1 Maths Describing turns
kiJWvbLXJ9s,Y2 Maths Turns and Rotation,Chalkwell_Hall_Infant_School,Year 1_5-6_Summer__Position and direction_1_Describe turns,Describe turns,current_2,available,public,True,processed,Y2 Maths Turns and Rotation
0alzGx9ggqg,Describe Turns,Ms_Davda's_Classroom!,Year 1_5-6_Summer__Position and direction_1_Describe turns,Describe turns,current_3,available,public,True,processed,Describe Turns
GzEWKwsArEg,"03.06,20 Year 1 Maths Describing position",Grange_Primary_School,Year 1_5-6_Summer__Position and direction_2_Describe position – left and right,Describe position – left and right,current_1,available,public,True,processed,"03.06,20 Year 1 Maths Describing position"
rCH6WHDs2tM,Maths Home Learning - Thursday 21st May - Directional Language,HumberstoneInfantAcademyYear1,Year 1_5-6_Summer__Position and direction_2_Describe position – left and right,Describe position – left and right,current_2,available,public,True,processed,Maths Home Learning - Thursday 21st May - Directional Language
LWFLhIR6a40,Kindergarten math following directions right left top and bottom,Incredible_Learning,Year 1_5-6_Summer__Position and direction_2_Describe position – left and right,Describe position – left and right,current_3,available,public,True,processed,Kindergarten math following directions right left top and bottom
nvgj3CHXBVk,E2.21.1. Functional Skills Maths Entry 2: Use positional vocabulary for position and direction,Mars_Maths,Year 1_5-6_Summer__Position and direction_3_Describe position – forwards and backwards,Describe position – forwards and backwards,current_3,available,public,True,processed,E2.21.1. Functional Skills Maths Entry 2: Use positional vocabulary for position and direction
6FTh2L8Woz0,"Over, under, front and back - position words | MightyOwl Math | Kindergarten",MightyOwl,Year 1_5-6_Summer__Position and direction_4_Describe position – above and below,Describe position – above and below,current_1,available,public,True,processed,"Over, under, front and back - position words | MightyOwl Math | Kindergarten"
HnlJzWhsNnw,Location & Directions! | Mini Math Movies | Scratch Garden,Scratch_Garden,Year 1_5-6_Summer__Position and direction_4_Describe position – above and below,Describe position – above and below,current_2,available,public,True,processed,Location & Directions! | Mini Math Movies | Scratch Garden
nbVUzYxyFKw,Maths | Positional Language,Mr._Roy's_Homeroom,Year 1_5-6_Summer__Position and direction_4_Describe position – above and below,Describe position – above and below,current_3,available,public,True,processed,Maths | Positional Language
RTnH_9V-l0c,Intro to Ordinal Numbers,Casey_Washburn_Upchurch,Year 1_5-6_Summer__Position and direction_5_Ordinal numbers,Ordinal numbers,current_1,available,public,True,processed,Intro to Ordinal Numbers
RV0Ihyud0h4,"Ordinal Numbers/Positions - First, Second, Third, Fourth, Fifth, Sixth, Seventh | Kindergarten",Magnet_Brains,Year 1_5-6_Summer__Position and direction_5_Ordinal numbers,Ordinal numbers,current_2,available,public,True,processed,"Ordinal Numbers/Positions - First, Second, Third, Fourth, Fifth, Sixth, Seventh | Kindergarten"
cvnseqvcwcE,Cardinal and Ordinal Numbers - Math for Kids,Smile_and_Learn_-_English,Year 1_5-6_Summer__Position and direction_5_Ordinal numbers,Ordinal numbers,current_3,available,public,True,processed,Cardinal and Ordinal Numbers - Math for Kids
QxCVhiCkesQ,Lesson #3- Order of Events,Ms._R,"Year 1_5-6_Summer__Time_1_Before and after, preposition time words","Before and after, preposition time words",current_1,available,public,True,processed,Lesson #3- Order of Events
cnCesh-pJPw,Homeroom Kids! Pre-K!: Focused Learning - Order of Events,The_KCPS_Homeroom,"Year 1_5-6_Summer__Time_1_Before and after, preposition time words","Before and after, preposition time words",current_2,available,public,True,processed,Homeroom Kids! Pre-K!: Focused Learning - Order of Events
-yiYLW2AQyQ,Grade1 Mathematics-Order events,Grade_1_Mathematics,"Year 1_5-6_Summer__Time_1_Before and after, preposition time words","Before and after, preposition time words",current_3,available,public,True,processed,Grade1 Mathematics-Order events
bRy3-m0fs_s,The Days of the Week Song | CoComelon Nursery Rhymes & Kids Songs | Kids Happy Place,Kids_Happy_Place!,Year 1_5-6_Summer__Time_2_Days of the week,Days of the week,current_1,available,public,True,processed,The Days of the Week Song | CoComelon Nursery Rhymes & Kids Songs | Kids Happy Place
11akDPBNT24,Days of the Week | Bubbles & Friends learn the days of the week and sing the days of the week song,Bubbles_and_Friends_-_Preschool_Learning_Videos,Year 1_5-6_Summer__Time_2_Days of the week,Days of the week,current_2,available,public,True,processed,Days of the Week | Bubbles & Friends learn the days of the week and sing the days of the week song
Jz3UahIJRo8,Learning The Days Of The Week ft Good News Guys | Toddler education | Christian Children Learning,Chosen_Kids_-_Christian_Education_&_Fun_,Year 1_5-6_Summer__Time_2_Days of the week,Days of the week,current_3,available,public,True,processed,Learning The Days Of The Week ft Good News Guys | Toddler education | Christian Children Learning
7UK8zfOq55w,MONTHS OF THE YEAR for KIDS! (Learning Videos for Toddlers),Learning_Time_Fun,Year 1_5-6_Summer__Time_3_Months of the year,Months of the year,current_1,available,public,True,processed,MONTHS OF THE YEAR for KIDS! (Learning Videos for Toddlers)
wmDCb263ZWQ,Months of the Year: Fun Quiz and Catchy Song for Kids | 4K,Little_Dreamers_Education,Year 1_5-6_Summer__Time_3_Months of the year,Months of the year,current_2,available,public,True,processed,Months of the Year: Fun Quiz and Catchy Song for Kids | 4K
yiGuj_sjZPA,Months of the Year Song for Kids | 12 Month Names in English with Spelling | Kindergarten Learning,The_Tiny_Tutors,Year 1_5-6_Summer__Time_3_Months of the year,Months of the year,current_3,available,public,True,processed,Months of the Year Song for Kids | 12 Month Names in English with Spelling | Kindergarten Learning
ULR9LWiaKRQ,"Seconds, Minutes and Hours for Kids | Lesson Video",Homeschool_Pop,"Year 1_5-6_Summer__Time_4_Hours, minutes and seconds","Hours, minutes and seconds",current_1,available,public,True,processed,"Seconds, Minutes and Hours for Kids | Lesson Video"
YppG6YY9JPs,Units of Time for Kids,Homeschool_Pop,"Year 1_5-6_Summer__Time_4_Hours, minutes and seconds","Hours, minutes and seconds",current_2,available,public,True,processed,Units of Time for Kids
qeF8w2eJWYU,"Learn to Tell Time! | Hours, Minutes & Seconds Explained for Kids | Hi Friends!",Hi_Friends!,"Year 1_5-6_Summer__Time_4_Hours, minutes and seconds","Hours, minutes and seconds",current_3,available,public,True,processed,"Tick-Tock Time! How to Read a Clock for Kids | Hours, Minutes & Seconds"
giaoJlkYHsg,Telling Time to the Hour - How To Tell Time to the Nearest Hour,Miacademy_&_MiaPrep_Learning_Channel,Year 1_5-6_Summer__Time_5_Tell the time to the hour,Tell the time to the hour,current_1,available,public,True,processed,Telling Time to the Hour - How To Tell Time to the Nearest Hour
hqWlzZ9s1-g,Telling Time to the Hour | How To Tell Time | Learn to Tell Time,ART_Kids_TV,Year 1_5-6_Summer__Time_5_Tell the time to the hour,Tell the time to the hour,current_2,available,public,True,processed,Telling Time to the Hour | How To Tell Time | Learn to Tell Time
2esJSaKocwk,Telling Time Part 1 | Measurement | Y1 Maths | FuseSchool Kids,FuseSchool_Kids,Year 1_5-6_Summer__Time_5_Tell the time to the hour,Tell the time to the hour,current_3,available,public,True,processed,Telling Time Part 1 | Measurement | Y1 Maths | FuseSchool Kids
BmWVkHaNwv0,Telling Time to the Half Hour - How To Tell Time to the Half Hour,Miacademy_&_MiaPrep_Learning_Channel,Year 1_5-6_Summer__Time_6_Tell the time to the half hour,Tell the time to the half hour,current_1,available,public,True,processed,Telling Time to the Half Hour - How To Tell Time to the Half Hour
u12Nm8t8G9U,"Telling Time: Hour, Half Hour, Quarter Hour - Learn How to Tell Time for Kids",Miacademy_&_MiaPrep_Learning_Channel,Year 1_5-6_Summer__Time_6_Tell the time to the half hour,Tell the time to the half hour,current_2,available,public,True,processed,"Telling Time: Hour, Half Hour, Quarter Hour - Learn How to Tell Time for Kids"
rrayvaGIuMY,Telling Time to the Half Hour - 1st Grade,Math_&_Learning_Videos_4_Kids,Year 1_5-6_Summer__Time_6_Tell the time to the half hour,Tell the time to the half hour,current_3,available,public,True,processed,Telling Time to the Half Hour - 1st Grade
YRh9INEOZL8,"Grade 2 Math  2.8, Using 10 to subtract 7, 8, or 9",JoAnn's_School,Year 2_6-7_Autumn__Addition and subtraction_10_Subtract across 10,Subtract across 10,current_1,available,public,True,processed,"Grade 2 Math  2.8, Using 10 to subtract 7, 8, or 9"
4y_EcSxtyFY,Subtracting Nine from a Teen Number,PZagad,Year 2_6-7_Autumn__Addition and subtraction_10_Subtract across 10,Subtract across 10,current_2,available,public,True,processed,Subtracting Nine from a Teen Number
vMTepnH30kk,"Grade 2 Math  2.7, Using 10 to subtract 9",JoAnn's_School,Year 2_6-7_Autumn__Addition and subtraction_10_Subtract across 10,Subtract across 10,current_3,available,public,True,processed,"Grade 2 Math  2.7, Using 10 to subtract 9"
8dn3uy_wLow,Math Content Video- Subtracting By Multiples of 10,Annie_Buck,Year 2_6-7_Autumn__Addition and subtraction_11_Subtract from a 10,Subtract from a 10,current_1,available,public,True,processed,Math Content Video- Subtracting By Multiples of 10
sBJp_Toqlhw,Subtracting 2 Digit Numbers With Regrouping | Mathematics Grade 1 | Periwinkle,Periwinkle,Year 2_6-7_Autumn__Addition and subtraction_12_Subtract a 1-digit number from a 2-digit number (across a 10),Subtract a 1-digit number from a 2-digit number (across a 10),current_1,available,public,True,processed,Subtracting 2 Digit Numbers With Regrouping | Mathematics Grade 1 | Periwinkle
WuYew_J3HJc,Subtracting Across Zero with 2-Digit Numbers,Math_Grizz,Year 2_6-7_Autumn__Addition and subtraction_12_Subtract a 1-digit number from a 2-digit number (across a 10),Subtract a 1-digit number from a 2-digit number (across a 10),current_2,available,public,True,processed,Subtracting Across Zero with 2-Digit Numbers
mwMsyHEuQoU,Two-Digit Subtraction With and Without Regrouping,Miacademy_&_MiaPrep_Learning_Channel,Year 2_6-7_Autumn__Addition and subtraction_12_Subtract a 1-digit number from a 2-digit number (across a 10),Subtract a 1-digit number from a 2-digit number (across a 10),current_3,available,public,True,processed,Two-Digit Subtraction With and Without Regrouping
DDWPa-2tfms,Ten More Ten Less | Adding and Subtracting 10 | Mental Math | Word Problems,Learning_with_Miss_Kazi,"Year 2_6-7_Autumn__Addition and subtraction_13_10 more, 10 less","10 more, 10 less",current_2,available,public,True,processed,Ten More Ten Less | Adding and Subtracting 10 | Mental Math | Word Problems
f_8XH5ygR5U,10 more/ 10 less,Math_Grizz,"Year 2_6-7_Autumn__Addition and subtraction_13_10 more, 10 less","10 more, 10 less",current_3,available,public,True,processed,10 more/ 10 less
dCakbq_zL6g,Adding and Subtracting Tens - Mental Math With Multiples of 10,Miacademy_&_MiaPrep_Learning_Channel,Year 2_6-7_Autumn__Addition and subtraction_14_Add and subtract 10s,Add and subtract 10s,current_1,available,public,True,processed,Adding and Subtracting Tens - Mental Math With Multiples of 10
KS0LpIPj1Vg,"Counting Within 1,000 - Finding 10 and 100 More and Less Using Place Value and Skip Counting",Miacademy_&_MiaPrep_Learning_Channel,Year 2_6-7_Autumn__Addition and subtraction_14_Add and subtract 10s,Add and subtract 10s,current_2,available,public,True,processed,"Counting Within 1,000 - Finding 10 and 100 More and Less Using Place Value and Skip Counting"
VlDJl88DUsw,Adding two 2-digit numbers (not crossing 10),Radstock_Primary_School,Year 2_6-7_Autumn__Addition and subtraction_15_Add two 2-digit numbers (not across a 10),Add two 2-digit numbers (not across a 10),current_1,available,public,True,processed,Adding two 2-digit numbers (not crossing 10)
Lq7SLTh7-s8,Expanded Form - Writing Two-Digit Numbers,Miacademy_&_MiaPrep_Learning_Channel,Year 2_6-7_Autumn__Addition and subtraction_15_Add two 2-digit numbers (not across a 10),Add two 2-digit numbers (not across a 10),current_2,available,public,True,processed,Expanded Form - Writing Two-Digit Numbers
rT55rmXXLrg,2 Digit Addition with Regrouping - Carrying and Place Value for Kids - FreeSchool,Free_School,Year 2_6-7_Autumn__Addition and subtraction_16_Add two 2-digit numbers (across a 10),Add two 2-digit numbers (across a 10),current_1,available,public,True,processed,2 Digit Addition with Regrouping - Carrying and Place Value for Kids - FreeSchool
EkxaRiWktME,Two-Digit Addition With and Without Regrouping,Miacademy_&_MiaPrep_Learning_Channel,Year 2_6-7_Autumn__Addition and subtraction_16_Add two 2-digit numbers (across a 10),Add two 2-digit numbers (across a 10),current_2,available,public,True,processed,Two-Digit Addition With and Without Regrouping
DB13NH_0Ch8,Regrouping - How To Regroup in Addition Problems,Miacademy_&_MiaPrep_Learning_Channel,Year 2_6-7_Autumn__Addition and subtraction_16_Add two 2-digit numbers (across a 10),Add two 2-digit numbers (across a 10),current_3,available,public,True,processed,Regrouping - How To Regroup in Addition Problems
w4X5Yn6S4hU,Subtraction not crossing ten Mrs Rider 13.11.20,Acacias_Community_Primary_School,Year 2_6-7_Autumn__Addition and subtraction_17_Subtract two 2-digit numbers (not across a 10),Subtract two 2-digit numbers (not across a 10),current_1,available,public,True,processed,Subtraction not crossing ten Mrs Rider 13.11.20
n0HDh8PP8sQ,2-Digit Subtraction Without Regrouping | Elementary Math with Mr. J,Elementary_Math_with_Mr._J,Year 2_6-7_Autumn__Addition and subtraction_17_Subtract two 2-digit numbers (not across a 10),Subtract two 2-digit numbers (not across a 10),current_2,available,public,True,processed,2-Digit Subtraction Without Regrouping | Elementary Math with Mr. J
cuH0AWf4j50,"2nd Grade Math 5.6, Practice 2-digit Subtraction with Regrouping",JoAnn's_School,Year 2_6-7_Autumn__Addition and subtraction_18_Subtract two 2-digit numbers (across a 10),Subtract two 2-digit numbers (across a 10),current_3,embedding_disabled,public,False,processed,"2nd Grade Math 5.6, Practice 2-digit Subtraction with Regrouping"
-iRronVd00c,Part part whole video tutorial,Paul_Fuller,Year 2_6-7_Autumn__Addition and subtraction_19_Mixed addition and subtraction,Mixed addition and subtraction,current_1,available,public,True,processed,Part part whole video tutorial
LgXR20Ch2F8,"Kindergarten Math 6.7, Addition and Subtraction, Word Problems and Number Sentences",JoAnn's_School,Year 2_6-7_Autumn__Addition and subtraction_19_Mixed addition and subtraction,Mixed addition and subtraction,current_2,embedding_disabled,public,False,processed,"Kindergarten Math 6.7, Addition and Subtraction, Word Problems and Number Sentences"
izdgnavVqZM,L10 S1 pg 207 Strategies for Addition and Subtraction Facts,Krista_Sanders,Year 2_6-7_Autumn__Addition and subtraction_19_Mixed addition and subtraction,Mixed addition and subtraction,current_3,available,public,True,processed,L10 S1 pg 207 Strategies for Addition and Subtraction Facts
XoytxsGLQP8,K Lesson 4 Comparing within 10,Tracy_Easterling,Year 2_6-7_Autumn__Addition and subtraction_20_Compare number sentences,Compare number sentences,current_2,available,public,True,processed,K Lesson 4 Comparing within 10
nQqp0mjE8OI,Understanding Common Core Math (Standard K.CC.C.7),Understanding_Common_Core_Math,Year 2_6-7_Autumn__Addition and subtraction_20_Compare number sentences,Compare number sentences,current_3,available,public,True,processed,Understanding Common Core Math (Standard K.CC.C.7)
a4c8ACNjTLM,Find Missing Number (numbers up to 15) - addition,Quizmaster,Year 2_6-7_Autumn__Addition and subtraction_21_Missing number problems,Missing number problems,current_1,available,public,True,processed,Find Missing Number (numbers up to 15) - addition
OPKfK4__mE4,Addition and Subtraction Within 20 | Subtracting to Find the Unknown Added | Kids Academy,Kids_Academy,Year 2_6-7_Autumn__Addition and subtraction_21_Missing number problems,Missing number problems,current_2,available,public,True,processed,Addition and Subtraction Within 20 | Subtracting to Find the Unknown Added | Kids Academy
vHBV-4FzwXA,Finding the unknown number - 1st Grade Math (1.OA.8),Boddle_Learning,Year 2_6-7_Autumn__Addition and subtraction_21_Missing number problems,Missing number problems,current_3,available,public,True,processed,Finding the unknown number - 1st Grade Math (1.OA.8)
Ken4Ynj3zBs,Learn about fact family triangles.,Mr._Tom_Teaches_Again,Year 2_6-7_Autumn__Addition and subtraction_2_Fact families - addition and subtraction bonds within 20,Fact families - addition and subtraction bonds within 20,current_2,available,public,True,processed,Learn about fact family triangles.
EZzJBOWSe0Y,Primary Maths Addition and Subtraction Fact Families - Confident Calculator,The_Confident_Calculator_with_Ms_Rob,Year 2_6-7_Autumn__Addition and subtraction_2_Fact families - addition and subtraction bonds within 20,Fact families - addition and subtraction bonds within 20,current_3,available,public,True,processed,Primary Maths Addition and Subtraction Fact Families - Confident Calculator
HeByD-iW7GQ,Year 1 Maths - Number Bonds,Drapers'_Maylands_Primary_School,Year 2_6-7_Autumn__Addition and subtraction_3_Related facts,Related facts,current_1,available,public,True,processed,Year 1 Maths - Number Bonds
1XG_7qn19bw,"Grade 1 Math 8.1, Add & subtract within 20",JoAnn's_School,Year 2_6-7_Autumn__Addition and subtraction_3_Related facts,Related facts,current_2,embedding_disabled,public,False,processed,"Grade 1 Math 8.1, Add & subtract within 20"
MU6oislMe58,How to add Three 1-digit Numbers,Miss_Davis,Year 2_6-7_Autumn__Addition and subtraction_3_Related facts,Related facts,current_3,available,public,True,processed,How to add Three 1-digit Numbers
3iPLRe3GLiA,Number bonds to 100 | Numbers | Maths| FuseSchool Kids,FuseSchool_Kids,Year 2_6-7_Autumn__Addition and subtraction_4_Bonds to 100 (tens),Bonds to 100 (tens),current_1,available,public,True,processed,Number bonds to 100 | Numbers | Maths| FuseSchool Kids
guIc3jqQIDY,Number Bonds to 100 | Maths with Mrs B.,Maths_with_Mrs_B,Year 2_6-7_Autumn__Addition and subtraction_4_Bonds to 100 (tens),Bonds to 100 (tens),current_2,available,public,True,processed,Number Bonds to 100 | Maths with Mrs B.
5DW2exL6RqM,Subtraction (Number Bonds 100),Quizmaster,Year 2_6-7_Autumn__Addition and subtraction_4_Bonds to 100 (tens),Bonds to 100 (tens),current_3,available,public,True,processed,Subtraction (Number Bonds 100)
1rDI7MuM1ow,"Grade 1 Math 8.5, Use models to Add (two-digit numbers)",JoAnn's_School,Year 2_6-7_Autumn__Addition and subtraction_5_Add and subtract 1s,Add and subtract 1s,current_2,embedding_disabled,public,False,processed,"Grade 1 Math 8.5, Use models to Add (two-digit numbers)"
fi40L0yVnus,The Basics of Regrouping.  Check-up Quiz in Description.,Mr._Tom_Teaches_Again,Year 2_6-7_Autumn__Addition and subtraction_6_Add by making 10,Add by making 10,current_1,available,public,True,processed,The Basics of Regrouping.  Check-up Quiz in Description.
uWjFOu5HJ5s,Primary 1 Maths Singapore  - Number Bonds Made Easy,Practicle_Math_-_Singapore_Primary_School_Math,Year 2_6-7_Autumn__Addition and subtraction_6_Add by making 10,Add by making 10,current_3,available,public,True,processed,Primary 1 Maths Singapore  - Number Bonds Made Easy
8TSeGlwvvSY,Solving Addition Problems - Word Problems With Addition,Miacademy_&_MiaPrep_Learning_Channel,Year 2_6-7_Autumn__Addition and subtraction_7_Add three 1-digit numbers,Add three 1-digit numbers,current_2,available,public,True,processed,Solving Addition Problems - Word Problems With Addition
Lo1xM2qcl48,Adding 3 Numbers,Year_1_Teaching_Strategies,Year 2_6-7_Autumn__Addition and subtraction_7_Add three 1-digit numbers,Add three 1-digit numbers,current_3,available,public,True,processed,Adding 3 Numbers
bsXAm1D2pyI,Break Apart Ones to Make a Ten,Math_Grizz,Year 2_6-7_Autumn__Addition and subtraction_8_Add to the next 10,Add to the next 10,current_2,available,public,True,processed,Break Apart Ones to Make a Ten
FFJWN0B5ggQ,"Grade 1 Math 8.6, Make ten to add (2 digits to 1 digit)",JoAnn's_School,Year 2_6-7_Autumn__Addition and subtraction_9_Add across a 10,Add across a 10,current_3,embedding_disabled,public,False,processed,"Grade 1 Math 8.6, Make ten to add (2 digits to 1 digit)"
EThS8uBlJ5g,"Number lines up to 10,000",shabana_hakim,Year 2_6-7_Autumn__Place value_10_10s and 1s on the number line to 100,10s and 1s on the number line to 100,current_2,available,public,True,processed,"Number lines up to 10,000"
qFJ0Zd42E3c,Plotting decimals on a number line of 100.,Mr.Newc,Year 2_6-7_Autumn__Place value_10_10s and 1s on the number line to 100,10s and 1s on the number line to 100,current_3,available,public,True,processed,Plotting decimals on a number line of 100.
KxioMIGqlf4,Year 1 JSands Place Value comparing objects to 50,Wren's_Nest,Year 2_6-7_Autumn__Place value_12_Compare objects,Compare objects,current_1,available,public,True,processed,Year 1 JSands Place Value comparing objects to 50
BtLlzki-qBE,Week 5 Maths Lesson 2 Compare objects to 50,Highlands_Primary_School,Year 2_6-7_Autumn__Place value_12_Compare objects,Compare objects,current_2,available,public,True,processed,Week 5 Maths Lesson 2 Compare objects to 50
WwVymFkhSLI,11.02.21 - Compare objects to 50,Year_One_at_Poplar_Farm,Year 2_6-7_Autumn__Place value_12_Compare objects,Compare objects,current_3,available,public,True,processed,11.02.21 - Compare objects to 50
CpcCyq9aBQQ,Learn Maths Ascending Order & Descending Order || Ascending & Descending Order For Class One,Ai's_KinderWorld,Year 2_6-7_Autumn__Place value_14_Order objects and numbers,Order objects and numbers,current_1,available,public,True,processed,Learn Maths Ascending Order & Descending Order || Ascending & Descending Order For Class One
zMSXCLUJgxQ,"Skip Count by 3! (Year 2, Year 3)",Learning_with_Santino,Year 2_6-7_Autumn__Place value_16_Count in 3s,Count in 3s,current_1,available,public,True,processed,"Skip Count by 3! (Year 2, Year 3)"
HCN0FklkryQ,Learn the three times tables using a counting stick,Learn_with_Tith,Year 2_6-7_Autumn__Place value_16_Count in 3s,Count in 3s,current_2,available,public,True,processed,Learn the three times tables using a counting stick
8ETrFRhc71k,THREE TIMES TABLES ON A COUNTING STICK - counting out loud,Learn_with_Tith,Year 2_6-7_Autumn__Place value_16_Count in 3s,Count in 3s,current_3,available,public,True,processed,THREE TIMES TABLES ON A COUNTING STICK - counting out loud
t5UkgMYm9Tg,Tens and Ones - Place Value and Base Ten Blocks,Miacademy_&_MiaPrep_Learning_Channel,Year 2_6-7_Autumn__Place value_1_Numbers to 20,Numbers to 20,current_2,available,public,True,processed,Tens and Ones - Place Value and Base Ten Blocks
WW_AykHNB6g,Maths | Class 1 | Numbers from 11 to 20 | Tens and ones | Place value | Grouping |,Helen's_Study_Corner,Year 2_6-7_Autumn__Place value_1_Numbers to 20,Numbers to 20,current_3,available,public,True,processed,Maths | Class 1 | Numbers from 11 to 20 | Tens and ones | Place value | Grouping |
bS4m1hRyHl4,Place Value to 50 - Base Ten Practice for Kindergarten Math,Miacademy_&_MiaPrep_Learning_Channel,Year 2_6-7_Autumn__Place value_2_Count objects to 100 by making 10s,Count objects to 100 by making 10s,current_3,available,public,True,processed,Place Value to 50 - Base Ten Practice for Kindergarten Math
A4KATfyd9Vg,Addition within 100 Place Value Blocks Tens and Ones  - 1st Grade Math Videos,Math_&_Learning_Videos_4_Kids,Year 2_6-7_Autumn__Place value_3_Recognise tens and ones,Recognise tens and ones,current_3,available,public,True,processed,Addition within 100 Place Value Blocks Tens and Ones  - 1st Grade Math Videos
2KsY7-qLmd0,"ONES, TENS AND HUNDREDS - The Place Value of Numbers - Math for Kids",Smile_and_Learn_-_English,Year 2_6-7_Autumn__Place value_4_Use a place value chart,Use a place value chart,current_2,available,public,True,processed,"ONES, TENS AND HUNDREDS - The Place Value of Numbers - Math for Kids"
q1MHDxsOcjY,Help students understand what place value means.,Mr._Tom_Teaches_Again,Year 2_6-7_Autumn__Place value_4_Use a place value chart,Use a place value chart,current_3,available,public,True,processed,Help students understand what place value means.
XLgDZg6zPMQ,Partition Two-digit Numbers With and Without Blocks,A_Learning_Place_A_Teaching_Place,Year 2_6-7_Autumn__Place value_5_Partition numbers to 100,Partition numbers to 100,current_1,available,public,True,processed,Partition Two-digit Numbers With and Without Blocks
2C2ow7fZ1v8,"Partitioning Hundreds, Tens and Ones",Primary_Tutors_Scotland,Year 2_6-7_Autumn__Place value_5_Partition numbers to 100,Partition numbers to 100,current_2,available,public,True,processed,"Partitioning Hundreds, Tens and Ones"
1WEd2yXEZWI,"How To Represent Numbers in Standard, Expanded, and Word Form",Miacademy_&_MiaPrep_Learning_Channel,Year 2_6-7_Autumn__Place value_6_Write numbers to 100 in words,Write numbers to 100 in words,current_1,available,public,True,processed,"How To Represent Numbers in Standard, Expanded, and Word Form"
tT3ui_UwmvA,"2nd Grade Math 1.5, Different Ways To Write Numbers, Word Form & Expanded Form",JoAnn's_School,Year 2_6-7_Autumn__Place value_6_Write numbers to 100 in words,Write numbers to 100 in words,current_2,embedding_disabled,public,False,processed,"2nd Grade Math 1.5, Different Ways To Write Numbers, Word Form & Expanded Form"
gDqZCtkbJ0w,"2nd Grade Math 2.7, Different Forms of Numbers, Digits, Number Names, Expanded Form",JoAnn's_School,Year 2_6-7_Autumn__Place value_6_Write numbers to 100 in words,Write numbers to 100 in words,current_3,embedding_disabled,public,False,processed,"2nd Grade Math 2.7, Different Forms of Numbers, Digits, Number Names, Expanded Form"
cL4_iHavEPs,Expanded Form   1 More & 1 Less,susan_dyson,Year 2_6-7_Autumn__Place value_8_Write numbers to 100 in expanded form,Write numbers to 100 in expanded form,current_2,embedding_disabled,public,False,processed,Expanded Form   1 More & 1 Less
qEHqVRJ7D2I,Expanded form explained.,Mr._Tom_Teaches_Again,Year 2_6-7_Autumn__Place value_8_Write numbers to 100 in expanded form,Write numbers to 100 in expanded form,current_3,available,public,True,processed,Expanded form explained.
-i4V6jh9GxI,Block 3 Lesson 1 : Showing Numbers on a Number Line,Al_Yasmin_international_School,Year 2_6-7_Autumn__Place value_9_10s on the number line to 100,10s on the number line to 100,current_2,available,public,True,processed,Block 3 Lesson 1 : Showing Numbers on a Number Line
RchAmPvFqNg,"3D Shapes - Faces, Edges, and Vertices Explained for Kids",Miacademy_&_MiaPrep_Learning_Channel,Year 2_6-7_Autumn__Shape_10_Count vertices on 3-D shapes,Count vertices on 3-D shapes,current_1,available,public,True,processed,"3D Shapes - Faces, Edges, and Vertices Explained for Kids"
71p3cJVCPrM,How Do You Recognise and Describe 3D Shapes? | KS2 Maths Concept for Kids,Twinkl_Educational_Publishing,Year 2_6-7_Autumn__Shape_10_Count vertices on 3-D shapes,Count vertices on 3-D shapes,current_2,available,public,True,processed,How Do You Recognise and Describe 3D Shapes? | KS2 Maths Concept for Kids
3-QwWFkz5hw,How To Describe 3D Shapes,ClickView,Year 2_6-7_Autumn__Shape_10_Count vertices on 3-D shapes,Count vertices on 3-D shapes,current_3,available,public,True,processed,How To Describe 3D Shapes
K1obMoG_BkM,Shapes  - solid or flat? | MightyOwl Math | Kindergarten,MightyOwl,Year 2_6-7_Autumn__Shape_1_Recognise 2-D and 3-D shapes,Recognise 2-D and 3-D shapes,current_2,available,public,True,processed,Shapes  - solid or flat? | MightyOwl Math | Kindergarten
VAWaV1upv6E,2D Shapes for Kids,Homeschool_Pop,Year 2_6-7_Autumn__Shape_2_Count sides on 2-D shapes,Count sides on 2-D shapes,current_1,available,public,True,processed,2D Shapes for Kids
IMOtOig8gsw,2D shapes and their sides and vertices,Learning_with_Miss_Leslie,Year 2_6-7_Autumn__Shape_2_Count sides on 2-D shapes,Count sides on 2-D shapes,current_3,available,public,True,processed,2D shapes and their sides and vertices
Jyh15pyQ1xc,2 Dimensional Shapes: Vertices | Math for 1st Grade | Kids Academy,Kids_Academy,Year 2_6-7_Autumn__Shape_3_Count vertices on 2-D shapes,Count vertices on 2-D shapes,current_1,available,public,True,processed,2 Dimensional Shapes: Vertices | Math for 1st Grade | Kids Academy
Gn9i59aY46k,Learn about sides and vertices in polygons!,Mr._Tom_Teaches_Again,Year 2_6-7_Autumn__Shape_3_Count vertices on 2-D shapes,Count vertices on 2-D shapes,current_2,available,public,True,processed,Learn about sides and vertices in polygons!
LCmZoDhp9g8,"Kindergarten Math 9.6, Describe Triangles",JoAnn's_School,Year 2_6-7_Autumn__Shape_3_Count vertices on 2-D shapes,Count vertices on 2-D shapes,current_3,embedding_disabled,public,False,processed,"Kindergarten Math 9.6, Describe Triangles"
SPnIINMnj5Y,"Kindergarten Math 10.7, Model Shapes",JoAnn's_School,Year 2_6-7_Autumn__Shape_4_Draw 2-D shapes,Draw 2-D shapes,current_1,embedding_disabled,public,False,processed,"Kindergarten Math 10.7, Model Shapes"
01jQIgHZcVI,"2nd Grade Math 11.4, Two-Dimensional Shapes",JoAnn's_School,Year 2_6-7_Autumn__Shape_4_Draw 2-D shapes,Draw 2-D shapes,current_2,available,public,True,processed,"2nd Grade Math 11.4, Two-Dimensional Shapes"
k_bDxiIPrGI,Lines of Symmetry in 2-D Shapes | Geometry |  Y2 Maths | FuseSchool Kids,FuseSchool_Kids,Year 2_6-7_Autumn__Shape_5_Lines of symmetry on shapes,Lines of symmetry on shapes,current_1,available,public,True,processed,Lines of Symmetry in 2-D Shapes | Geometry |  Y2 Maths | FuseSchool Kids
-EgypES2Lsc,Symmetry in plane shapes!,Mr._Tom_Teaches_Again,Year 2_6-7_Autumn__Shape_5_Lines of symmetry on shapes,Lines of symmetry on shapes,current_2,available,public,True,processed,Symmetry in plane shapes!
jPkv0vOIM5I,Lines of Symmetry - How To Identify Symmetry in Shapes,Miacademy_&_MiaPrep_Learning_Channel,Year 2_6-7_Autumn__Shape_5_Lines of symmetry on shapes,Lines of symmetry on shapes,current_3,available,public,True,processed,Lines of Symmetry - How To Identify Symmetry in Shapes
LpZdmYSAJDY,How Do You Complete a Symmetric Figure? | KS2 Maths Concept for Kids,Twinkl_Educational_Publishing,Year 2_6-7_Autumn__Shape_6_Use lines of symmetry to complete shapes,Use lines of symmetry to complete shapes,current_1,available,public,True,processed,How Do You Complete a Symmetric Figure? | KS2 Maths Concept for Kids
SyqSh5IwxkM,"Grade 1 Math 12.2, Describe two-dimensional shapes  (attributes)",JoAnn's_School,Year 2_6-7_Autumn__Shape_7_Sort 2-D shapes,Sort 2-D shapes,current_3,embedding_disabled,public,False,processed,"Grade 1 Math 12.2, Describe two-dimensional shapes  (attributes)"
VQBQZ_jvpZA,Faces of 3D Shapes - 3D Shapes For Children | Math for 2nd Grade |  | Kids Academy,Kids_Academy,Year 2_6-7_Autumn__Shape_8_Count faces on 3-D shapes,Count faces on 3-D shapes,current_2,available,public,True,processed,Faces of 3D Shapes - 3D Shapes For Children | Math for 2nd Grade |  | Kids Academy
urYMTkUPiNY,Solid Shapes - Explore Common 3D Shapes,Miacademy_&_MiaPrep_Learning_Channel,Year 2_6-7_Autumn__Shape_9_Count edges on 3-D shapes,Count edges on 3-D shapes,current_1,available,public,True,processed,Solid Shapes - Explore Common 3D Shapes
S5hfJi5TkFM,3D Figures - Prisms and Pyramids,Miacademy_&_MiaPrep_Learning_Channel,Year 2_6-7_Autumn__Shape_9_Count edges on 3-D shapes,Count edges on 3-D shapes,current_3,available,public,True,processed,3D Figures - Prisms and Pyramids
0uYnFuZmr5g,Height and Length Part 2 | Measurement | Y1 Maths | FuseSchool Kids,FuseSchool_Kids,Year 2_6-7_Spring__Length and height_1_Measure in centimetres,Measure in centimetres,current_1,available,public,True,processed,Height and Length Part 2 | Measurement | Y1 Maths | FuseSchool Kids
-0p2RD0VnR0,Measurement of Length | Use of Ruler | Meters and Centimeter | iPrep,iprep_junior,Year 2_6-7_Spring__Length and height_1_Measure in centimetres,Measure in centimetres,current_2,available,public,True,processed,Measurement of Length | Use of Ruler | Meters and Centimeter | iPrep
38YPCyw-4o4,Intro to Formal Units of Measurement,Abby_Smith,Year 2_6-7_Spring__Length and height_2_Measure in metres,Measure in metres,current_2,available,public,True,processed,Intro to Formal Units of Measurement
UQ62SftjiyU,"Kindergarten Math 11.1, Compare Lengths",JoAnn's_School,Year 2_6-7_Spring__Length and height_3_Compare lengths and heights,Compare lengths and heights,current_3,embedding_disabled,public,False,processed,"Kindergarten Math 11.1, Compare Lengths"
eY-SPD7_lC4,Order by Length - Math for Kids!,Miacademy_&_MiaPrep_Learning_Channel,Year 2_6-7_Spring__Length and height_4_Order lengths and heights,Order lengths and heights,current_2,available,public,True,processed,Order by Length - Math for Kids!
L-XP1DEpUWw,(Video MD 1 of 5) ORDER THREE OBJECTS BY LENGTH,Howie_Tuttman,Year 2_6-7_Spring__Length and height_4_Order lengths and heights,Order lengths and heights,current_3,available,public,True,processed,(Video MD 1 of 5) ORDER THREE OBJECTS BY LENGTH
L_z08zhq5_4,Year 2 01 05 20 Session 5   4 operations with Length and Height,AGPS_home_learning_2020,Year 2_6-7_Spring__Length and height_5_Add and subtract lengths and heights,Add and subtract lengths and heights,current_1,available,public,True,processed,Year 2 01 05 20 Session 5   4 operations with Length and Height
gg6cFXebGqY,"2nd Grade Math 8.5, Word Problem Solving, Add and Subtract in Inches",JoAnn's_School,Year 2_6-7_Spring__Length and height_5_Add and subtract lengths and heights,Add and subtract lengths and heights,current_2,available,public,True,processed,"2nd Grade Math 8.5, Word Problem Solving, Add and Subtract in Inches"
I5mfbeXTLnk,Comparing Lengths - Using Units and Finding Differences in Measurement,Miacademy_&_MiaPrep_Learning_Channel,Year 2_6-7_Spring__Length and height_5_Add and subtract lengths and heights,Add and subtract lengths and heights,current_3,available,public,True,processed,Comparing Lengths - Using Units and Finding Differences in Measurement
ScmT3r6ZvnU,Mass : the gram and the kilogram- grade 3,A_nous_les_maths,Year 2_6-7_Spring__Mass capacity and temperature_1_Compare mass,Compare mass,current_3,available,public,True,processed,Mass : the gram and the kilogram- grade 3
BvX8WLbVgyw,Mass | Measurement |  Maths | FuseSchool Kids,FuseSchool_Kids,Year 2_6-7_Spring__Mass capacity and temperature_2_Measure in grams,Measure in grams,current_1,available,public,True,processed,Mass | Measurement |  Maths | FuseSchool Kids
ss4TEbiro6s,"Mass: Grams, Kilograms and Tonnes for Kids",Learn_and_Play_Online!,Year 2_6-7_Spring__Mass capacity and temperature_2_Measure in grams,Measure in grams,current_2,available,public,True,processed,"Mass: Grams, Kilograms and Tonnes for Kids"
ZPm6xRhYE-c,"3rd Grade Math 10.8, Estimate and Measure Mass, Metric gram and kilogram",JoAnn's_School,Year 2_6-7_Spring__Mass capacity and temperature_2_Measure in grams,Measure in grams,current_3,available,public,True,processed,"3rd Grade Math 10.8, Estimate and Measure Mass, Metric gram and kilogram"
NaHjhWmTmXI,Maths - What is weight? (Primary School Maths Lesson),Kev_Maher,Year 2_6-7_Spring__Mass capacity and temperature_3_Measure in kilograms,Measure in kilograms,current_1,available,public,True,processed,Maths - What is weight? (Primary School Maths Lesson)
Nek4OfX8zKE,"Metric Mass Measurements - How To Measure and Convert Grams, Kilograms, and Tons",Miacademy_&_MiaPrep_Learning_Channel,Year 2_6-7_Spring__Mass capacity and temperature_3_Measure in kilograms,Measure in kilograms,current_2,available,public,True,processed,"Metric Mass Measurements - How To Measure and Convert Grams, Kilograms, and Tons"
PCjDZqzycEc,"3rd Grade Math 10.9, Solve Word Problems About Liquid Volume and Mass",JoAnn's_School,Year 2_6-7_Spring__Mass capacity and temperature_4_Add and subtract weights,Add and subtract weights,current_1,available,public,True,processed,"3rd Grade Math 10.9, Solve Word Problems About Liquid Volume and Mass"
DDZlm1MdKoc,Year 3 Maths | Add and subtract metric weights,Plytime_Learning,Year 2_6-7_Spring__Mass capacity and temperature_4_Add and subtract weights,Add and subtract weights,current_2,available,public,True,processed,Year 3 Maths | Add and subtract metric weights
44xeMoi3Hgo,Addition / Subtraction of Grams and Kilograms | Mathematics Grade 3 | Periwinkle,Periwinkle,Year 2_6-7_Spring__Mass capacity and temperature_4_Add and subtract weights,Add and subtract weights,current_3,available,public,True,processed,Addition / Subtraction of Grams and Kilograms | Mathematics Grade 3 | Periwinkle
yxnJh4Jbclo,Measuring capacity - millilitres and litres.,Trinity_Primary_3_Helpdesk,Year 2_6-7_Spring__Mass capacity and temperature_6_Measure in millilitres,Measure in millilitres,current_1,available,public,True,processed,Measuring capacity - millilitres and litres.
TmqPTfSD0Fw,Measuring capacity in millilitres,Ms_Winny_Tang,Year 2_6-7_Spring__Mass capacity and temperature_6_Measure in millilitres,Measure in millilitres,current_2,available,public,True,processed,Measuring capacity in millilitres
Q6lV--GQ4As,Maths - What is Capacity? (Primary School Maths Lesson),Kev_Maher,Year 2_6-7_Spring__Mass capacity and temperature_6_Measure in millilitres,Measure in millilitres,current_3,available,public,True,processed,Maths - What is Capacity? (Primary School Maths Lesson)
XOvxggo3Re8,Capacity (ml and l) | Measurement | Y2 Maths | FuseSchool Kids,FuseSchool_Kids,Year 2_6-7_Spring__Mass capacity and temperature_7_Measure in litres,Measure in litres,current_2,available,public,True,processed,Capacity (ml and l) | Measurement | Y2 Maths | FuseSchool Kids
u8UfUS6--AE,Measure Capacity in Liters,Lisa_De_Grazia,Year 2_6-7_Spring__Mass capacity and temperature_7_Measure in litres,Measure in litres,current_3,available,public,True,processed,Measure Capacity in Liters
8rDc-BchsGg,Fri 19th June Maths Adding subtracting mass capacity Year 3 BCPS,Year_3_BCPS,Year 2_6-7_Spring__Mass capacity and temperature_8_Add and substract volume and capacity,Add and substract volume and capacity,current_1,available,public,True,processed,Fri 19th June Maths Adding subtracting mass capacity Year 3 BCPS
4dKwdtcXgzw,Maths - Capacity Problem Busters (Primary School Maths Lesson),Kev_Maher,Year 2_6-7_Spring__Mass capacity and temperature_8_Add and substract volume and capacity,Add and substract volume and capacity,current_2,available,public,True,processed,Maths - Capacity Problem Busters (Primary School Maths Lesson)
Wh1krr8js2Y,ADD AND SUBTRACT CAPACITY,My_Tutor,Year 2_6-7_Spring__Mass capacity and temperature_8_Add and substract volume and capacity,Add and substract volume and capacity,current_3,available,public,True,processed,ADD AND SUBTRACT CAPACITY
c7lm3sbLj5o,Temperature | Measurement | Y2 Maths | FuseSchool Kids,FuseSchool_Kids,Year 2_6-7_Spring__Mass capacity and temperature_9_Temperature,Temperature,current_1,available,public,True,processed,Temperature | Measurement | Y2 Maths | FuseSchool Kids
wnD0QEAhSMA,Measuring Temperature | Primary,CENTURY_Tech,Year 2_6-7_Spring__Mass capacity and temperature_9_Temperature,Temperature,current_2,available,public,True,processed,Measuring Temperature | Primary
K2cY5FEi0a8,Measurement of Temperature | Thermometer | Measuring Temperature in a Thermometer | Science,TutWay,Year 2_6-7_Spring__Mass capacity and temperature_9_Temperature,Temperature,current_3,available,public,True,processed,Measurement of Temperature | Thermometer | Measuring Temperature in a Thermometer | Science
7Q_tas0c4Yc,Adding and Subtracting Money - Dollars and Coins,Miacademy_&_MiaPrep_Learning_Channel,Year 2_6-7_Spring__Money_10_Two-step problems,Two-step problems,current_1,available,public,True,processed,Adding and Subtracting Money - Dollars and Coins
AVSaip4ZQ7U,Mia's Mighty Magic Shop—Solving Money Word Problems | MightyOwl Math | 2nd Grade,MightyOwl,Year 2_6-7_Spring__Money_10_Two-step problems,Two-step problems,current_2,available,public,True,processed,Mia's Mighty Magic Shop—Solving Money Word Problems | MightyOwl Math | 2nd Grade
x4VcwBmrqp8,British Money: Adding Coins to Make an Amount,Maths_with_Mum,Year 2_6-7_Spring__Money_1_Count money – pence,Count money – pence,current_2,available,public,True,processed,British Money: Adding Coins to Make an Amount
ka5QJ3sLYDQ,Maths- Money- Lesson 3 Can I count pounds and pence together?,Jasmine_Vincent,Year 2_6-7_Spring__Money_2_Count money – pounds (notes and coins),Count money – pounds (notes and coins),current_1,available,public,True,processed,Maths- Money- Lesson 3 Can I count pounds and pence together?
mVQ7u8-zxQc,Year 2 Maths: Pounds and pence,Franche_Community_Primary_School,Year 2_6-7_Spring__Money_2_Count money – pounds (notes and coins),Count money – pounds (notes and coins),current_2,available,public,True,processed,Year 2 Maths: Pounds and pence
S5DJaslojP4,Adding Pounds and Pence,Maths_with_Mum,Year 2_6-7_Spring__Money_3_Count money – pounds and pence,Count money – pounds and pence,current_3,available,public,True,processed,Adding Pounds and Pence
4s4GJ6OBm7U,Year 3 Maths Monday 1st February: Pounds and pence,Franche_Community_Primary_School,Year 2_6-7_Spring__Money_4_Choose notes and coins,Choose notes and coins,current_2,available,public,True,processed,Year 3 Maths Monday 1st February: Pounds and pence
J3M0LhkdSbU,Pounds and pence,Year_5,Year 2_6-7_Spring__Money_6_Compare amounts of money,Compare amounts of money,current_1,available,public,True,processed,Pounds and pence
DJr_uVSRgFc,Lesson 1: Convert pounds and pence,sherina_abeysinghe,Year 2_6-7_Spring__Money_8_Make a pound,Make a pound,current_1,available,public,True,processed,Lesson 1: Convert pounds and pence
827lNn4d5WE,2C - Unit 11 Money - Practice 2: Changing £ & p (based) - Input (NOT Inspire) & Qs (from Textbook),Fair_Oak,Year 2_6-7_Spring__Money_8_Make a pound,Make a pound,current_2,available,public,True,processed,2C - Unit 11 Money - Practice 2: Changing £ & p (based) - Input (NOT Inspire) & Qs (from Textbook)
WPQQ7Swxq_g,1ST JULY: Y4 MATHS: CONVERT BETWEEN POUNDS AND PENCE,Sandon_Primary_Academy,Year 2_6-7_Spring__Money_8_Make a pound,Make a pound,current_3,available,public,True,processed,1ST JULY: Y4 MATHS: CONVERT BETWEEN POUNDS AND PENCE
Z-4i_mlOSTM,"Grade 2 Math  4.10, Money, Making change (one dollar or less)",JoAnn's_School,Year 2_6-7_Spring__Money_9_Find change,Find change,current_2,available,public,True,processed,"Grade 2 Math  4.10, Money, Making change (one dollar or less)"
zWcCTA1bqGo,Making change with money for kids,Math_Mammoth,Year 2_6-7_Spring__Money_9_Find change,Find change,current_3,available,public,True,processed,Making change with money for kids
Bytiiq6jNoI,DIVISION BY SHARING. Interactive lesson. How to divide by sharing!,For_the_Love_of_Learning,Year 2_6-7_Spring__Multiplication and division_10_Divide by 2,Divide by 2,current_1,available,public,True,processed,DIVISION BY SHARING. Interactive lesson. How to divide by sharing!
T-RJl48I-Xg,"3rd Grade Math 7.1, Dividing by 2",JoAnn's_School,Year 2_6-7_Spring__Multiplication and division_10_Divide by 2,Divide by 2,current_2,available,public,True,processed,"3rd Grade Math 7.1, Dividing by 2"
_WnUjknFYr0,Division With Materials // Year 1 KS1 1st Grade Maths,The_Touring_Teacher,Year 2_6-7_Spring__Multiplication and division_10_Divide by 2,Divide by 2,current_3,available,public,True,processed,Division With Materials // Year 1 KS1 1st Grade Maths
GbWFfWwyB5s,Give Me Half! - Read Aloud Math Book,STEMHAX,Year 2_6-7_Spring__Multiplication and division_11_Doubling and halving,Doubling and halving,current_1,available,public,True,processed,Give Me Half! - Read Aloud Math Book
Ak3ePjXtdRk,Doubling And Halving Year 3 | The Maths Guy,The_Maths_Guy!,Year 2_6-7_Spring__Multiplication and division_11_Doubling and halving,Doubling and halving,current_2,available,public,True,processed,Doubling And Halving Year 3 | The Maths Guy
MvGBdhImG_A,Connect the 2 and 4 times tables by doubling and halving,Key_Stage_2_Maths,Year 2_6-7_Spring__Multiplication and division_11_Doubling and halving,Doubling and halving,current_3,available,public,True,processed,Connect the 2 and 4 times tables by doubling and halving
ol7sw7oExKM,Tell if larger numbers are odd or even.,Mr._Tom_Teaches_Again,Year 2_6-7_Spring__Multiplication and division_12_Odd and even numbers,Odd and even numbers,current_1,available,public,True,processed,Tell if larger numbers are odd or even.
xvgp6RTOalA,Skip Counting: Part 2 - Even and Odd Numbers,Miacademy_&_MiaPrep_Learning_Channel,Year 2_6-7_Spring__Multiplication and division_12_Odd and even numbers,Odd and even numbers,current_2,available,public,True,processed,Skip Counting: Part 2 - Even and Odd Numbers
7auNnxOYTSI,Learn about odd and even numbers.,Mr._Tom_Teaches_Again,Year 2_6-7_Spring__Multiplication and division_12_Odd and even numbers,Odd and even numbers,current_3,available,public,True,processed,Learn about odd and even numbers.
NqxuS9NnIuw,"3rd Grade Math 5.4, Multiplication strategies, Multiples of 10",JoAnn's_School,Year 2_6-7_Spring__Multiplication and division_13_The 10 times-table,The 10 times-table,current_3,available,public,True,processed,"3rd Grade Math 5.4, Multiplication strategies, Multiples of 10"
oIOf7ylCiPY,"3rd Grade Math 7.2, Dividing by 10",JoAnn's_School,Year 2_6-7_Spring__Multiplication and division_14_Divide by 10,Divide by 10,current_2,available,public,True,processed,"3rd Grade Math 7.2, Dividing by 10"
DjLKuCGjwOo,"Year 2 Maths | Division within the 1,2,5,10 times tables",Plytime_Learning,Year 2_6-7_Spring__Multiplication and division_14_Divide by 10,Divide by 10,current_3,available,public,True,processed,"Year 2 Maths | Division within the 1,2,5,10 times tables"
cSx2oYYVy7Q,Skip Counting by 5 | Multiplication Fundamentals | Teacher Ira,Teacher_Ira,Year 2_6-7_Spring__Multiplication and division_15_The 5 times-table,The 5 times-table,current_1,embedding_disabled,public,False,processed,Skip Counting by 5 | Multiplication Fundamentals | Teacher Ira
B5d0DpzUYWQ,"Grade 3 Math #4.2, Multiply by 5 or 10",JoAnn's_School,Year 2_6-7_Spring__Multiplication and division_15_The 5 times-table,The 5 times-table,current_2,available,public,True,processed,"Grade 3 Math #4.2, Multiply by 5 or 10"
m3ZQx2T3bBE,Multiples of 5 | Math with Mr. J,Math_with_Mr._J,Year 2_6-7_Spring__Multiplication and division_15_The 5 times-table,The 5 times-table,current_3,available,public,True,processed,Multiples of 5 | Math with Mr. J
i6Dwc94labg,"3rd Grade Math 7.3, Divide by 5",JoAnn's_School,Year 2_6-7_Spring__Multiplication and division_16_Divide by 5,Divide by 5,current_1,available,public,True,processed,"3rd Grade Math 7.3, Divide by 5"
BhegbjCrH30,"Grade 3 Math #7.3, Divide by 5",JoAnn's_School,Year 2_6-7_Spring__Multiplication and division_16_Divide by 5,Divide by 5,current_3,available,public,True,processed,"Grade 3 Math #7.3, Divide by 5"
LkBHtTxq4V4,"3rd Grade Math 3.2, Relate Addition & Multiplication, Repeated Addition",JoAnn's_School,Year 2_6-7_Spring__Multiplication and division_1_Recognise equal groups,Recognise equal groups,current_1,available,public,True,processed,"3rd Grade Math 3.2, Relate Addition & Multiplication, Repeated Addition"
dFZ6lqX_L4A,Multiplication and Repeated Addition,IconMath,Year 2_6-7_Spring__Multiplication and division_4_Introduce the multiplication symbol,Introduce the multiplication symbol,current_1,available,public,True,processed,Multiplication and Repeated Addition
DrDwF5yZKQE,Multiplication as Repeated Addition with Arrays,LBC_Math_Methods,Year 2_6-7_Spring__Multiplication and division_5_Multiplication sentences,Multiplication sentences,current_1,available,public,True,processed,Multiplication as Repeated Addition with Arrays
FX2bByf2szQ,"3rd Grade Math 3.5, Model Multiplication with Arrays",JoAnn's_School,Year 2_6-7_Spring__Multiplication and division_6_Use arrays,Use arrays,current_1,available,public,True,processed,"3rd Grade Math 3.5, Model Multiplication with Arrays"
UJyhCkdJ8p0,Multiplication Using Arrays for Kids,Learn_and_Play_Online!,Year 2_6-7_Spring__Multiplication and division_6_Use arrays,Use arrays,current_2,available,public,True,processed,Multiplication Using Arrays for Kids
pnG3yOAOuBs,Arrays - Repeated Addition,Bob_Schulz,Year 2_6-7_Spring__Multiplication and division_6_Use arrays,Use arrays,current_3,available,public,True,processed,Arrays - Repeated Addition
EvmAIpWTNMc,Easy Division | Basic Math Lessons with Homeschool Pop,Homeschool_Pop,Year 2_6-7_Spring__Multiplication and division_7_Make equal groups – grouping,Make equal groups – grouping,current_1,available,public,True,processed,Easy Division | Basic Math Lessons with Homeschool Pop
ZJgOIcwhZsg,Learn Division as Grouping (The Easy Way),Maths_with_Mrs_B,Year 2_6-7_Spring__Multiplication and division_7_Make equal groups – grouping,Make equal groups – grouping,current_2,available,public,True,processed,Learn Division as Grouping (The Easy Way)
B3uQJTQQsXk,Division as Sharing Explained Clearly,Maths_with_Mrs_B,Year 2_6-7_Spring__Multiplication and division_8_Make equal groups – sharing,Make equal groups – sharing,current_1,available,public,True,processed,Division as Sharing Explained Clearly
GZjUTRQ2bBM,Introduction to sharing in division | Multiplication and Division | Mathspace,Mathspace,Year 2_6-7_Spring__Multiplication and division_8_Make equal groups – sharing,Make equal groups – sharing,current_2,available,public,True,processed,Introduction to sharing in division | Multiplication and Division | Mathspace
04nI34jzPcs,Sharing And Grouping Year 3 | The Maths Guy,The_Maths_Guy!,Year 2_6-7_Spring__Multiplication and division_8_Make equal groups – sharing,Make equal groups – sharing,current_3,available,public,True,processed,Sharing And Grouping Year 3 | The Maths Guy
JRUiehtyros,Learning the 2 Times Table!,Maths_with_Mum,Year 2_6-7_Spring__Multiplication and division_9_The 2 times-table,The 2 times-table,current_1,available,public,True,processed,Learning the 2 Times Table!
eW2dRLyoyds,Multiplication for Kids | Classic Homeschool Pop Lesson,Homeschool_Pop,Year 2_6-7_Spring__Multiplication and division_9_The 2 times-table,The 2 times-table,current_2,available,public,True,processed,Multiplication for Kids | Classic Homeschool Pop Lesson
ZEgiY60QLkA,TIMES TABLE  #2 ForKids (Multiplication Tables) #memorize  #multiplication #mathbymsramirez,📚Colorful_Learning-with_Ms._Ramirez📚,Year 2_6-7_Spring__Multiplication and division_9_The 2 times-table,The 2 times-table,current_3,deleted,deleted,False,deleted,
lHaLzkhDBsc,Unit Fractions (Practice Problems Included) | What are Unit Fractions? | Math with Mr. J,Math_with_Mr._J,Year 2_6-7_Summer__Fractions_10_Unit fractions,Unit fractions,current_1,available,public,True,processed,Unit Fractions (Practice Problems Included) | What are Unit Fractions? | Math with Mr. J
3kcORi7aNWQ,Unit Fractions,Math_Grizz,Year 2_6-7_Summer__Fractions_10_Unit fractions,Unit fractions,current_2,available,public,True,processed,Unit Fractions
SASG-cYez7o,Understanding Unit and Non-Unit Fractions (Step-by-Step Guide),Maths_with_Mrs_B,Year 2_6-7_Summer__Fractions_10_Unit fractions,Unit fractions,current_3,available,public,True,processed,Understanding Unit and Non-Unit Fractions (Step-by-Step Guide)
StXriGUir8A,Y3 - Maths - Fractions - Find non unit fractions of amounts,St_Alban's_CofE_Academy,Year 2_6-7_Summer__Fractions_11_Non-unit fractions,Non-unit fractions,current_1,available,public,True,processed,Y3 - Maths - Fractions - Find non unit fractions of amounts
Tjs7P2c8d-M,Fractions Of Amounts Year 3 (Non-Unit Fractions),The_Maths_Guy!,Year 2_6-7_Summer__Fractions_11_Non-unit fractions,Non-unit fractions,current_3,available,public,True,processed,Fractions Of Amounts Year 3 (Non-Unit Fractions)
brZOPhcQe2Y,Equivalent Fractions for kids,Learn_and_Play_Online!,Year 2_6-7_Summer__Fractions_12_Recognise the equivalence of a half and two-quarters,Recognise the equivalence of a half and two-quarters,current_1,available,public,True,processed,Equivalent Fractions for kids
vtN5IVPi-r4,Comparing Fractions,Math_Grizz,Year 2_6-7_Summer__Fractions_12_Recognise the equivalence of a half and two-quarters,Recognise the equivalence of a half and two-quarters,current_2,available,public,True,processed,Comparing Fractions
WvQKJbkBxWE,Year 2 - Fractions ( Three-Quarters of a fraction)- Part 4,Deepti's_Maths_Lessons,Year 2_6-7_Summer__Fractions_13_Recognise three-quarters,Recognise three-quarters,current_1,available,public,True,processed,Year 2 - Fractions ( Three-Quarters of a fraction)- Part 4
e_3PaTMpYjQ,Fraction of Numbers. Three Quarters grade 2,MAFYMATH,Year 2_6-7_Summer__Fractions_13_Recognise three-quarters,Recognise three-quarters,current_2,available,public,True,processed,Fraction of Numbers. Three Quarters grade 2
c76_B7cpr_o,Learn Grade 3 - Maths - Fractions Three Quarters,KidsClassroom_-_Nursery_Rhymes_&_Kids_Songs,Year 2_6-7_Summer__Fractions_13_Recognise three-quarters,Recognise three-quarters,current_3,available,public,True,processed,Learn Grade 3 - Maths - Fractions Three Quarters
rxkbIw3VlGE,Finding Fractions on Number Lines | EasyTeaching,EasyTeaching,Year 2_6-7_Summer__Fractions_14_Find three-quarters,Find three-quarters,current_2,available,public,True,processed,Finding Fractions on Number Lines | EasyTeaching
Z_XaGRLzr8o,"Fractions Review - How To Represent Fractions, What Is a Fraction",Miacademy_&_MiaPrep_Learning_Channel,Year 2_6-7_Summer__Fractions_15_Count in fractions up to a whole,Count in fractions up to a whole,current_1,available,public,True,processed,"Fractions Review - How To Represent Fractions, What Is a Fraction"
Pf6yWTPDpSQ,Identifying Equal Parts | Understanding Fractions | Math with Mr. J,Math_with_Mr._J,Year 2_6-7_Summer__Fractions_1_Introduction to parts and whole,Introduction to parts and whole,current_3,available,public,True,processed,Identifying Equal Parts | Understanding Fractions | Math with Mr. J
1Pjtflo7lx0,Fractions: Identifying Equal Parts (Practice Problems Included) | Math with Mr. J,Math_with_Mr._J,Year 2_6-7_Summer__Fractions_2_Equal and unequal parts,Equal and unequal parts,current_1,available,public,True,processed,Fractions: Identifying Equal Parts (Practice Problems Included) | Math with Mr. J
Yscd1EVN3GI,"Grade 1 Math 12.8, Equal or unequal parts",JoAnn's_School,Year 2_6-7_Summer__Fractions_2_Equal and unequal parts,Equal and unequal parts,current_2,embedding_disabled,public,False,processed,"Grade 1 Math 12.8, Equal or unequal parts"
5arM5wpCNUo,Fractions for Kids – Full Lesson | Homeschool Pop Math,Homeschool_Pop,Year 2_6-7_Summer__Fractions_3_Recognise a half,Recognise a half,current_2,available,public,True,processed,Fractions for Kids – Full Lesson | Homeschool Pop Math
2TG4a-mDuMk,Fractions: ONE HALF | Numbers | Maths | FuseSchool Kids,FuseSchool_Kids,Year 2_6-7_Summer__Fractions_3_Recognise a half,Recognise a half,current_3,available,public,True,processed,Fractions: ONE HALF | Numbers | Maths | FuseSchool Kids
WcpO2l0x-qI,Grade4 double and half,Parinita_Sen_Thapa,Year 2_6-7_Summer__Fractions_4_Find a half,Find a half,current_3,available,public,True,processed,Grade4 double and half
e6vQNKf17q8,Equal Shares - Understanding Fraction Sizes for 2nd Grade,Miacademy_&_MiaPrep_Learning_Channel,Year 2_6-7_Summer__Fractions_5_Recognise a quarter,Recognise a quarter,current_3,available,public,True,processed,Equal Shares - Understanding Fraction Sizes for 2nd Grade
Ij3YKA4RPSE,Introduction to unit fractions of a quantity | Fractions | Mathspace,Mathspace,Year 2_6-7_Summer__Fractions_6_Find a quarter,Find a quarter,current_3,available,public,True,processed,Introduction to unit fractions of a quantity | Fractions | Mathspace
16jNp2TwCrE,Fractions for Kids: Thirds,Learn_and_Play_Online!,Year 2_6-7_Summer__Fractions_7_Recognise a third,Recognise a third,current_1,available,public,True,processed,Fractions for Kids: Thirds
GO22wJ1H9XM,Fractions of a Number - One Third and Two Thirds,Daniel_Comber,Year 2_6-7_Summer__Fractions_8_Find a third,Find a third,current_2,available,public,True,processed,Fractions of a Number - One Third and Two Thirds
EnXEbN4KQBk,"Grade 3 Math #8.8, Fraction 1/3 One-third (video #71)",JoAnn's_School,Year 2_6-7_Summer__Fractions_8_Find a third,Find a third,current_3,available,public,True,processed,"Grade 3 Math #8.8, Fraction 1/3 One-third (video #71)"
g_z00Ha-3PA,Year 2 Maths Week 10 Lesson 2 Red group: Describe movements,Moor_Green_Primary_Academy,Year 2_6-7_Summer__Position and direction_2_Describe movement,Describe movement,current_1,available,public,True,processed,Year 2 Maths Week 10 Lesson 2 Red group: Describe movements
nUJRuPlfFsM,"02.06.20 Year 2 Maths Directions: forwards, backwards, left and right",Grange_Primary_School,Year 2_6-7_Summer__Position and direction_2_Describe movement,Describe movement,current_3,available,public,True,processed,"02.06.20 Year 2 Maths Directions: forwards, backwards, left and right"
p8nwiJoJfPU,"Whole, Half & Quarter Turns",The_Learning_Oasis,Year 2_6-7_Summer__Position and direction_3_Describe turns,Describe turns,current_2,available,public,True,processed,"Whole, Half & Quarter Turns"
nyV41lmIuB4,Describing Turns,James_Dixon,Year 2_6-7_Summer__Position and direction_3_Describe turns,Describe turns,current_3,available,public,True,processed,Describing Turns
G9W2kTa_BH0,"Directions - Clockwise/Anti-Clockwise, Left/Right and Quarter/Half Turns",Trinity_Primary_3_Helpdesk,Year 2_6-7_Summer__Position and direction_4_Describe movement and turns,Describe movement and turns,current_1,available,public,True,processed,"Directions - Clockwise/Anti-Clockwise, Left/Right and Quarter/Half Turns"
A6NSk1mrjeY,Class IV: Turns in 2-D Shapes,Curriculum_Matters,Year 2_6-7_Summer__Position and direction_5_Shape patterns with turns,Shape patterns with turns,current_3,available,public,True,processed,Class IV: Turns in 2-D Shapes
jegfse_QoTY,"2nd Grade Math 10.1, Collect Data, Tally Charts",JoAnn's_School,Year 2_6-7_Summer__Statistics_1_Make tally charts,Make tally charts,current_1,available,public,True,processed,"2nd Grade Math 10.1, Collect Data, Tally Charts"
XMy0guvTNXI,"Grade 1 Math 10.5, Read Tally Charts",JoAnn's_School,Year 2_6-7_Summer__Statistics_1_Make tally charts,Make tally charts,current_2,embedding_disabled,public,False,processed,"Grade 1 Math 10.5, Read Tally Charts"
dGCCy4769Iw,Data and Tally Charts                        #shorts,Mr._Tom_Teaches_Again,Year 2_6-7_Summer__Statistics_1_Make tally charts,Make tally charts,current_3,available,public,True,processed,Data and Tally Charts                        #shorts
JRGF7_dNzW0,"3rd Grade Math 2.1, Tally tables & Frequency tables to problem solve & organize data",JoAnn's_School,Year 2_6-7_Summer__Statistics_2_Tables,Tables,current_1,available,public,True,processed,"3rd Grade Math 2.1, Tally tables & Frequency tables to problem solve & organize data"
68IZ3qlj7co,Representing Data - Bar Graphs and Pictographs,Miacademy_&_MiaPrep_Learning_Channel,Year 2_6-7_Summer__Statistics_3_Block diagrams,Block diagrams,current_1,available,public,True,processed,Representing Data - Bar Graphs and Pictographs
VjYpmST4TGM,"Grade 2 Math  2.6, Problem solving, make a graph",JoAnn's_School,Year 2_6-7_Summer__Statistics_3_Block diagrams,Block diagrams,current_2,available,public,True,processed,"Grade 2 Math  2.6, Problem solving, make a graph"
B3r48uFTS00,"2nd Grade Math 10.6, Word Problem Solving, Display Data",JoAnn's_School,Year 2_6-7_Summer__Statistics_3_Block diagrams,Block diagrams,current_3,available,public,True,processed,"2nd Grade Math 10.6, Word Problem Solving, Display Data"
zF_dBk8EPDk,Data! | Mini Math Movies | Scratch Garden,Scratch_Garden,Year 2_6-7_Summer__Statistics_4_Draw pictograms (1–1),Draw pictograms (1–1),current_1,available,public,True,processed,Data! | Mini Math Movies | Scratch Garden
K99P1WWJlP0,Learn what a pictograph is and how to make one.,Mr._Tom_Teaches_Again,Year 2_6-7_Summer__Statistics_4_Draw pictograms (1–1),Draw pictograms (1–1),current_2,available,public,True,processed,Learn what a pictograph is and how to make one.
SWhbjPJV5Mo,Grade 1- How Many More/Fewer,SLA_-_The_St._Lawrence_Academy,Year 2_6-7_Summer__Statistics_4_Draw pictograms (1–1),Draw pictograms (1–1),current_3,available,public,True,processed,Grade 1- How Many More/Fewer
JuEpHNhRJlA,Data - How to use a tally chart! (Primary School Maths Lesson),Kev_Maher,Year 2_6-7_Summer__Statistics_5_Interpret pictograms (1–1),Interpret pictograms (1–1),current_3,available,public,True,processed,Data - How to use a tally chart! (Primary School Maths Lesson)
zbPiyLJxQ7E,"3rd Grade Math 2.3, Make Picture Graphs",JoAnn's_School,"Year 2_6-7_Summer__Statistics_6_Draw pictograms (2, 5 and 10)","Draw pictograms (2, 5 and 10)",current_1,available,public,True,processed,"3rd Grade Math 2.3, Make Picture Graphs"
9p_Ca_Yb0zQ,Telling the Time for Kids: Half Past Times,Learn_and_Play_Online!,Year 2_6-7_Summer__Time_1_O’clock and half past,O’clock and half past,current_3,available,public,True,processed,Telling the Time for Kids: Half Past Times
nIF9ziNPDC0,"Gr 3 Math #10.3c, Clocks Half Past and Quarter Past",JoAnn's_School,Year 2_6-7_Summer__Time_2_Quarter past and quarter to,Quarter past and quarter to,current_2,available,public,True,processed,"Gr 3 Math #10.3c, Clocks Half Past and Quarter Past"
XvrPpRMsQm4,Telling the Time for Kids: Quarter Past Times,Learn_and_Play_Online!,Year 2_6-7_Summer__Time_2_Quarter past and quarter to,Quarter past and quarter to,current_3,available,public,True,processed,Telling the Time for Kids: Quarter Past Times
kIowQyLf7TM,Telling Time to the Nearest 5 Minutes,Mrs._Montgomery's_Learning_Corner_,Year 2_6-7_Summer__Time_3_Tell the time past the hour,Tell the time past the hour,current_1,available,public,True,processed,Telling Time to the Nearest 5 Minutes
hxlWDSKRAXc,Reading Five Minute Intervals Past the Hour,Maths_with_Mum,Year 2_6-7_Summer__Time_3_Tell the time past the hour,Tell the time past the hour,current_2,available,public,True,processed,Reading Five Minute Intervals Past the Hour
tqiyl2HMtX8,Telling Time to the 5-Minute Mark - Learn to Read Clocks for 2nd Grade,Miacademy_&_MiaPrep_Learning_Channel,Year 2_6-7_Summer__Time_3_Tell the time past the hour,Tell the time past the hour,current_3,available,public,True,processed,Telling Time to the 5-Minute Mark - Learn to Read Clocks for 2nd Grade
h6RNkQ7lU8Y,Telling Time Song for Kids | Telling Time to 5 Minutes,Math_Songs_by_NUMBEROCK,Year 2_6-7_Summer__Time_5_Tell the time to 5 minutes,Tell the time to 5 minutes,current_3,available,public,True,processed,Telling Time Song for Kids | Telling Time to 5 Minutes
wlvnZ2CCW5g,How Many Minutes are there in an Hour?,Maths_with_Mum,Year 2_6-7_Summer__Time_6_Minutes in an hour,Minutes in an hour,current_1,available,public,True,processed,How Many Minutes are there in an Hour?
E-trew-wgRw,Telling time - quarter till and quarter past (3rd grade math),Math_Mammoth,Year 2_6-7_Summer__Time_6_Minutes in an hour,Minutes in an hour,current_2,available,public,True,processed,Telling time - quarter till and quarter past (3rd grade math)
O0J1sYEt5qQ,"Grade 2 Math 7.3 (7.8 Go Math!), Time to the hour & half-hour",JoAnn's_School,Year 2_6-7_Summer__Time_7_Hours in a day,Hours in a day,current_3,embedding_disabled,public,False,processed,"Grade 2 Math 7.3 (7.8 Go Math!), Time to the hour & half-hour"
v3hpKkWpDlg,"2nd Grade Math 2.9, Count On and Back by 10 and 100",JoAnn's_School,Year 3_7-8_Autumn__Addition and subtraction_10_Make connections,Make connections,current_1,embedding_disabled,public,False,processed,"2nd Grade Math 2.9, Count On and Back by 10 and 100"
vz2R6j9UDsk,"Addition to 1,000 - Add 3-Digit Numbers for 2nd Grade Math",Miacademy_&_MiaPrep_Learning_Channel,Year 3_7-8_Autumn__Addition and subtraction_10_Make connections,Make connections,current_2,available,public,True,processed,"Addition to 1,000 - Add 3-Digit Numbers for 2nd Grade Math"
o_8DO1YGg3M,Two-Digit Addition - How To Add Two-Digit Numbers,Miacademy_&_MiaPrep_Learning_Channel,Year 3_7-8_Autumn__Addition and subtraction_11_Add two numbers (no exchange),Add two numbers (no exchange),current_1,available,public,True,processed,Two-Digit Addition - How To Add Two-Digit Numbers
kDP4GkrPE_k,3 Digit Addition Without Regrouping,Mrs._Montgomery's_Learning_Corner_,Year 3_7-8_Autumn__Addition and subtraction_11_Add two numbers (no exchange),Add two numbers (no exchange),current_2,available,public,True,processed,3 Digit Addition Without Regrouping
dVQMXy6Pg7M,Subtracting 2-Digit Numbers Using Base 10 Blocks Without Regrouping | Elementary Math with Mr. J,Elementary_Math_with_Mr._J,Year 3_7-8_Autumn__Addition and subtraction_12_Subtract two numbers (no exchange),Subtract two numbers (no exchange),current_3,available,public,True,processed,Subtracting 2-Digit Numbers Using Base 10 Blocks Without Regrouping | Elementary Math with Mr. J
4cttbVtL7AM,Subtract 2 or 3 digit numbers,Interserve_Learning_&_Employment,Year 3_7-8_Autumn__Addition and subtraction_15_Subtract two numbers (across a 10),Subtract two numbers (across a 10),current_1,available,public,True,processed,Subtract 2 or 3 digit numbers
894a__4F0-U,Subtract two multiples of 10 beyond 100 | Subtraction | Year 3,Key_Stage_2_Maths,Year 3_7-8_Autumn__Addition and subtraction_16_Subtract two numbers (across a 100),Subtract two numbers (across a 100),current_1,available,public,True,processed,Subtract two multiples of 10 beyond 100 | Subtraction | Year 3
xxKQ1ruKxb0,"3rd Grade Math 1.10, Use place value to subtract, regrouping for 3-digits",JoAnn's_School,Year 3_7-8_Autumn__Addition and subtraction_16_Subtract two numbers (across a 100),Subtract two numbers (across a 100),current_2,available,public,True,processed,"3rd Grade Math 1.10, Use place value to subtract, regrouping for 3-digits"
QbMPhApp8SE,Three-Digit Addition and Subtraction - Regrouping Across Place Values,Miacademy_&_MiaPrep_Learning_Channel,Year 3_7-8_Autumn__Addition and subtraction_16_Subtract two numbers (across a 100),Subtract two numbers (across a 100),current_3,available,public,True,processed,Three-Digit Addition and Subtraction - Regrouping Across Place Values
lG8VFhmV1pk,Subtraction: Learn to subtract 2-digit numbers from 3-digit numbers with regrouping.,"iLearn,_Inc",Year 3_7-8_Autumn__Addition and subtraction_18_Subtract a 2-digit number from a 3-digit number,Subtract a 2-digit number from a 3-digit number,current_1,available,public,True,processed,Subtraction: Learn to subtract 2-digit numbers from 3-digit numbers with regrouping.
BKGSGQrggT8,Subtraction of 3 digit numbers with borrowing,Learning_Notebook,Year 3_7-8_Autumn__Addition and subtraction_18_Subtract a 2-digit number from a 3-digit number,Subtract a 2-digit number from a 3-digit number,current_3,available,public,True,processed,Subtraction of 3 digit numbers with borrowing
jkgZfVNSux8,"Year 2 Maths. Number Bonds to 100 (10s and 1s). Counting, add and subtract. National Curriculum KS1.",Primary_School_Made_Easy,Year 3_7-8_Autumn__Addition and subtraction_19_Complements to 100,Complements to 100,current_1,available,public,True,processed,"Year 2 Maths. Number Bonds to 100 (10s and 1s). Counting, add and subtract. National Curriculum KS1."
sCxBrJfm9Eo,HOW TO ADD: FAST MENTAL ADDITION  TRICK for SINGLE digits,Intuitive_Mindz,Year 3_7-8_Autumn__Addition and subtraction_19_Complements to 100,Complements to 100,current_2,available,public,True,processed,HOW TO ADD: FAST MENTAL ADDITION  TRICK for SINGLE digits
HT4mppjQncE,Year 2 Maths bridging to 10 Addition,TLAP_School,Year 3_7-8_Autumn__Addition and subtraction_1_Apply number bonds within 10,Apply number bonds within 10,current_1,available,public,True,processed,Year 2 Maths bridging to 10 Addition
iZcOxlYlX-Q,Subtraction Using Number Bonds,Anisa_Bailey,Year 3_7-8_Autumn__Addition and subtraction_1_Apply number bonds within 10,Apply number bonds within 10,current_2,available,public,True,processed,Subtraction Using Number Bonds
Hov5jI05vTM,Estimating answers,Math_Tips,Year 3_7-8_Autumn__Addition and subtraction_20_Estimate answers,Estimate answers,current_1,available,public,True,processed,Estimating answers
7wukD7OTqYA,"Grade 3 Math #1.8, Estimate with Subtraction",JoAnn's_School,Year 3_7-8_Autumn__Addition and subtraction_20_Estimate answers,Estimate answers,current_2,available,public,True,processed,"Grade 3 Math #1.8, Estimate with Subtraction"
UV7fkGE7Wqo,Use Compatible Numbers to Estimate,Cohesion_Education,Year 3_7-8_Autumn__Addition and subtraction_20_Estimate answers,Estimate answers,current_3,available,public,True,processed,Use Compatible Numbers to Estimate
_GYgA5r78jA,Properties of Addition and Subtraction - Understanding the Commutative Property & Inverse Operations,Miacademy_&_MiaPrep_Learning_Channel,Year 3_7-8_Autumn__Addition and subtraction_21_Inverse operations,Inverse operations,current_1,available,public,True,processed,Properties of Addition and Subtraction - Understanding the Commutative Property & Inverse Operations
enw_kJRSt4A,How Do You Solve Inverse Operations?  | KS2 Maths Concept for Kids,Twinkl_Educational_Publishing,Year 3_7-8_Autumn__Addition and subtraction_21_Inverse operations,Inverse operations,current_2,available,public,True,processed,How Do You Solve Inverse Operations?  | KS2 Maths Concept for Kids
5pRqKtJhyp0,Checking Calculations (Inverse Operation) | Maths with Mrs B.,Maths_with_Mrs_B,Year 3_7-8_Autumn__Addition and subtraction_21_Inverse operations,Inverse operations,current_3,available,public,True,processed,Checking Calculations (Inverse Operation) | Maths with Mrs B.
XGc46isWMI8,Adding and Subtracting 10 and 100,Sara_Edwards-Auguste,Year 3_7-8_Autumn__Addition and subtraction_3_Add and subtract 10s,Add and subtract 10s,current_1,available,public,True,processed,Adding and Subtracting 10 and 100
OqARbH8c8Tc,"Grade 2 Math  11.5, Subtracting Hundreds",JoAnn's_School,Year 3_7-8_Autumn__Addition and subtraction_4_Add and subtract 100s,Add and subtract 100s,current_3,available,public,True,processed,"Grade 2 Math  11.5, Subtracting Hundreds"
84iFm_uOhpc,"2nd Grade Math 6.3, 3-digit Addition, Regroup Ones",JoAnn's_School,Year 3_7-8_Autumn__Addition and subtraction_6_Add 1s across a 10,Add 1s across a 10,current_1,embedding_disabled,public,False,processed,"2nd Grade Math 6.3, 3-digit Addition, Regroup Ones"
I21Bf3z5h4g,"2nd Grade Math 6.5, 3-digit Addition, Regroup Ones and Tens",JoAnn's_School,Year 3_7-8_Autumn__Addition and subtraction_6_Add 1s across a 10,Add 1s across a 10,current_2,embedding_disabled,public,False,processed,"2nd Grade Math 6.5, 3-digit Addition, Regroup Ones and Tens"
JjvT9_tEJt4,Year 4 - Add and subtract multiples of 10,Ark_John_Keats_Academy,Year 3_7-8_Autumn__Addition and subtraction_7_Add 10s across a 100,Add 10s across a 100,current_1,available,public,True,processed,Year 4 - Add and subtract multiples of 10
oh3EhzhyZhY,Break Apart Ones to Subtract,Math_Grizz,Year 3_7-8_Autumn__Addition and subtraction_8_Subtract 1s across a 10,Subtract 1s across a 10,current_1,available,public,True,processed,Break Apart Ones to Subtract
ycA-mD_mR6M,Models for Subtraction with Regrouping,Math_Grizz,Year 3_7-8_Autumn__Addition and subtraction_8_Subtract 1s across a 10,Subtract 1s across a 10,current_2,available,public,True,processed,Models for Subtraction with Regrouping
8LYJa6Av1PA,Subtraction counting back on a numberline finished,Mark_Hartley,Year 3_7-8_Autumn__Addition and subtraction_8_Subtract 1s across a 10,Subtract 1s across a 10,current_3,available,public,True,processed,Subtraction counting back on a numberline finished
BpEY7bnDdxw,Add and Subtract by 10s and 100s,Abby_Kendrick,Year 3_7-8_Autumn__Addition and subtraction_9_Subtract 10s across a 100,Subtract 10s across a 100,current_3,available,public,True,processed,Add and Subtract by 10s and 100s
jouwJVfsmeI,"3rd Grade Math 7.5, Divide by 4 & Factors of the Divisor",JoAnn's_School,Year 3_7-8_Autumn__Multiplication and division A_10_Divide by 4,Divide by 4,current_1,available,public,True,processed,"3rd Grade Math 7.5, Divide by 4 & Factors of the Divisor"
OG2F_Cihc7U,Multiplication and Division Refresher - Reviewing How to Multiply and Divide,Miacademy_&_MiaPrep_Learning_Channel,Year 3_7-8_Autumn__Multiplication and division A_10_Divide by 4,Divide by 4,current_2,available,public,True,processed,Multiplication and Division Refresher - Reviewing How to Multiply and Divide
V86C-nVCjJg,Multiply by 4 with Patterns,Math_Grizz,Year 3_7-8_Autumn__Multiplication and division A_11_The 4 times-table,The 4 times-table,current_1,available,public,True,processed,Multiply by 4 with Patterns
rv025D0ROK8,Division word problems within 100: How many groups? | Khan Academy,Khan_Academy,Year 3_7-8_Autumn__Multiplication and division A_11_The 4 times-table,The 4 times-table,current_2,available,public,True,processed,Division word problems within 100: How many groups? | Khan Academy
bBoALXuvU1o,Learn the four times tables using a counting stick,Learn_with_Tith,Year 3_7-8_Autumn__Multiplication and division A_11_The 4 times-table,The 4 times-table,current_3,available,public,True,processed,Learn the four times tables using a counting stick
-R-5wggK4x0,Multiplying by 8,Shelley_Gray,Year 3_7-8_Autumn__Multiplication and division A_12_Multiply by 8,Multiply by 8,current_1,available,public,True,processed,Multiplying by 8
XoApCPuasiQ,"Grade 3 Math #4.8, Multiply by 8",JoAnn's_School,Year 3_7-8_Autumn__Multiplication and division A_12_Multiply by 8,Multiply by 8,current_2,available,public,True,processed,"Grade 3 Math #4.8, Multiply by 8"
5gQsFzMcyxo,"3rd Grade Math 7.8, Divide by 8",JoAnn's_School,Year 3_7-8_Autumn__Multiplication and division A_13_Divide by 8,Divide by 8,current_1,available,public,True,processed,"3rd Grade Math 7.8, Divide by 8"
B_PF6SNjYFI,Division for Kids,Learn_and_Play_Online!,Year 3_7-8_Autumn__Multiplication and division A_13_Divide by 8,Divide by 8,current_3,available,public,True,processed,Division for Kids
d6lsc3EpY28,Using multiplication strategies to find products | Khan Academy,Khan_Academy,Year 3_7-8_Autumn__Multiplication and division A_14_The 8 times-table,The 8 times-table,current_3,available,public,True,processed,Using multiplication strategies to find products | Khan Academy
K6tPEmCZ-Oc,Applying the Properties of Multiplication and Division - Solving for Missing Numbers,Miacademy_&_MiaPrep_Learning_Channel,"Year 3_7-8_Autumn__Multiplication and division A_15_The 2, 4 and 8 times-tables","The 2, 4 and 8 times-tables",current_2,available,public,True,processed,Applying the Properties of Multiplication and Division - Solving for Missing Numbers
t5VzXmM7wLY,Multiplication and Division Fact Families - Strategies for Practicing 0-12 Math Facts,Miacademy_&_MiaPrep_Learning_Channel,"Year 3_7-8_Autumn__Multiplication and division A_15_The 2, 4 and 8 times-tables","The 2, 4 and 8 times-tables",current_3,available,public,True,processed,Multiplication and Division Fact Families - Strategies for Practicing 0-12 Math Facts
1aqqrQGlJRM,Commutative Property of Multiplication explained!,Mr._Tom_Teaches_Again,Year 3_7-8_Autumn__Multiplication and division A_2_Use arrays,Use arrays,current_2,available,public,True,processed,Commutative Property of Multiplication explained!
vO6WW1BGbLw,2nd Grade Arrays & Repeated Addition,Rachel_Bishop,Year 3_7-8_Autumn__Multiplication and division A_2_Use arrays,Use arrays,current_3,available,public,True,processed,2nd Grade Arrays & Repeated Addition
54WuAiwwXR4,Multiples and how to find them! #shorts,Mr._Tom_Teaches_Again,Year 3_7-8_Autumn__Multiplication and division A_3_Multiples of 2,Multiples of 2,current_1,available,public,True,processed,Multiples and how to find them! #shorts
MWyNr_nuEbU,Multiples of 2 | Math with Mr. J,Math_with_Mr._J,Year 3_7-8_Autumn__Multiplication and division A_3_Multiples of 2,Multiples of 2,current_2,available,public,True,processed,Multiples of 2 | Math with Mr. J
kpvGy31k3JU,What are the even numbers under ten? #shorts,Mr._Tom_Teaches_Again,Year 3_7-8_Autumn__Multiplication and division A_3_Multiples of 2,Multiples of 2,current_3,available,public,True,processed,What are the even numbers under ten? #shorts
0yElGa-Y6b0,"3rd Grade Math 4.2, Multiples & Multiply by 5 and 10",JoAnn's_School,Year 3_7-8_Autumn__Multiplication and division A_4_Multiples of 5 and 10,Multiples of 5 and 10,current_2,available,public,True,processed,"3rd Grade Math 4.2, Multiples & Multiply by 5 and 10"
1kxR7h6rJY8,All About Division by Grouping!,Maths_with_Mum,Year 3_7-8_Autumn__Multiplication and division A_5_Sharing and grouping,Sharing and grouping,current_2,available,public,True,processed,All About Division by Grouping!
CXsNZAry2HY,"Grade 3 Math #3.3, Skip count to Multiply",JoAnn's_School,Year 3_7-8_Autumn__Multiplication and division A_6_Multiply by 3,Multiply by 3,current_2,available,public,True,processed,"Grade 3 Math #3.3, Skip count to Multiply"
TrscYk3N2kY,"Multiplication strategies ( arrays, equal groups, repeated addition and tape-diagrams)",Raphael_Bonhomme,Year 3_7-8_Autumn__Multiplication and division A_6_Multiply by 3,Multiply by 3,current_3,available,public,True,processed,"Multiplication strategies ( arrays, equal groups, repeated addition and tape-diagrams)"
IPyaZIQzKCo,"3rd Grade Math 7.4, Divide by 3",JoAnn's_School,Year 3_7-8_Autumn__Multiplication and division A_7_Divide by 3,Divide by 3,current_1,available,public,True,processed,"3rd Grade Math 7.4, Divide by 3"
LfxVH3wJwTo,"Grade 3 Math #7.4, Divide by 3 (video #56)",JoAnn's_School,Year 3_7-8_Autumn__Multiplication and division A_7_Divide by 3,Divide by 3,current_3,available,public,True,processed,"Grade 3 Math #7.4, Divide by 3 (video #56)"
G1hOjP8cF-s,Fact Families,Cheryl_Myers,Year 3_7-8_Autumn__Multiplication and division A_8_The 3 times-table,The 3 times-table,current_2,available,public,True,processed,Fact Families
en1u96WudNo,"3rd Grade Math 4.3, Multiply with 3 and 6, Use a Multiplication Table",JoAnn's_School,Year 3_7-8_Autumn__Multiplication and division A_8_The 3 times-table,The 3 times-table,current_3,available,public,True,processed,"3rd Grade Math 4.3, Multiply with 3 and 6, Use a Multiplication Table"
Xgh2HcmWo4w,Place Value: Number Line to 1000 Video - Maths Concepts,Twinkl_Teaches_KS2_,"Year 3_7-8_Autumn__Place value_10_Number line to 1,000","Number line to 1,000",current_1,deleted,deleted,False,deleted,
HWNdMnmBwXk,Year 3 Maths | Using a number line to 1000,Plytime_Learning,"Year 3_7-8_Autumn__Place value_10_Number line to 1,000","Number line to 1,000",current_2,available,public,True,processed,Year 3 Maths | Using a number line to 1000
KuPq_4tH4hA,How Do You Estimate on a Number Line to 1000? | KS2 Maths Concept for Kids,Twinkl_Educational_Publishing,"Year 3_7-8_Autumn__Place value_11_Estimate on a number line to 1,000","Estimate on a number line to 1,000",current_1,available,public,True,processed,How Do You Estimate on a Number Line to 1000? | KS2 Maths Concept for Kids
YcuAObe77DM,"Compare larger numbers: greater than, less than, equal to.",Mr._Tom_Teaches_Again,"Year 3_7-8_Autumn__Place value_12_Compare numbers to 1,000","Compare numbers to 1,000",current_2,available,public,True,processed,"Compare larger numbers: greater than, less than, equal to."
TiM1RvWMGAg,Comparing Numbers to 120 - Using Place Value To Compare,Miacademy_&_MiaPrep_Learning_Channel,"Year 3_7-8_Autumn__Place value_12_Compare numbers to 1,000","Compare numbers to 1,000",current_3,available,public,True,processed,Comparing Numbers to 120 - Using Place Value To Compare
XYtLS_LPoP8,"Grade 2 Math  9.9, Ordering numbers to 1,000 (before, between, after)",JoAnn's_School,"Year 3_7-8_Autumn__Place value_13_Order numbers to 1,000","Order numbers to 1,000",current_1,available,public,True,processed,"Grade 2 Math  9.9, Ordering numbers to 1,000 (before, between, after)"
Z9gb3To96DQ,Counting in 50s and 100s | Maths with Mrs. B,Maths_with_Mrs_B,Year 3_7-8_Autumn__Place value_14_Count in 50s,Count in 50s,current_1,available,public,True,processed,Counting in 50s and 100s | Maths with Mrs. B
bjPPkHCwTyw,counting in multiples of 25 and 50,Peter_Groom,Year 3_7-8_Autumn__Place value_14_Count in 50s,Count in 50s,current_2,available,public,True,processed,counting in multiples of 25 and 50
5r4Ic4DnlXQ,"Counting number 10s,50s,100s",Maricar_Nicdao,Year 3_7-8_Autumn__Place value_14_Count in 50s,Count in 50s,current_3,available,public,True,processed,"Counting number 10s,50s,100s"
btB-Y4OODSM,Place Value: Ones and Tens,Learn_Bright,Year 3_7-8_Autumn__Place value_1_Represent numbers to 100,Represent numbers to 100,current_3,available,public,True,processed,Place Value: Ones and Tens
VaC4qSTT9WA,0to100 Empty Number Line Resource,MathswithMacKenzie,Year 3_7-8_Autumn__Place value_3_Number line to 100,Number line to 100,current_3,available,public,True,processed,0to100 Empty Number Line Resource
vBfumELvjts,"Place Value to 1,000 - Representing Greater Numbers and Identifying the Thousands Place",Miacademy_&_MiaPrep_Learning_Channel,Year 3_7-8_Autumn__Place value_4_Hundreds,Hundreds,current_1,available,public,True,processed,"Place Value to 1,000 - Representing Greater Numbers and Identifying the Thousands Place"
RE5Bn8yq8J8,"2nd Grade Math 2.1, Group Tens as Hundreds",JoAnn's_School,Year 3_7-8_Autumn__Place value_4_Hundreds,Hundreds,current_2,embedding_disabled,public,False,processed,"2nd Grade Math 2.1, Group Tens as Hundreds"
aor7S0f3f_c,Ones Tens Hundreds Song | Math Rock Song | Math 2nd Grade,Kids_Academy,Year 3_7-8_Autumn__Place value_4_Hundreds,Hundreds,current_3,available,public,True,processed,Ones Tens Hundreds Song | Math Rock Song | Math 2nd Grade
YchonKcXXak,"Place Value Blocks (Ones, Tens, Hundreds, and Thousands) | Elementary Math with Mr. J",Elementary_Math_with_Mr._J,"Year 3_7-8_Autumn__Place value_5_Represent numbers to 1,000","Represent numbers to 1,000",current_1,available,public,True,processed,"Place Value Blocks (Ones, Tens, Hundreds, and Thousands) | Elementary Math with Mr. J"
9d4oj4SEJbg,"Grade 2 Math  9.5, Understanding place value  (three-digits)",JoAnn's_School,"Year 3_7-8_Autumn__Place value_6_Partition numbers to 1,000","Partition numbers to 1,000",current_2,available,public,True,processed,"Grade 2 Math  9.5, Understanding place value  (three-digits)"
Fm-9f2B9bj4,Lesson Presentation Non Standard Partitioning,Mrs_Ring,"Year 3_7-8_Autumn__Place value_7_Flexible partitioning of numbers to 1,000","Flexible partitioning of numbers to 1,000",current_2,available,public,True,processed,Lesson Presentation Non Standard Partitioning
FpY568rR3MY,Partitioning 5 digit numbers,Mark_Boss,"Year 3_7-8_Autumn__Place value_7_Flexible partitioning of numbers to 1,000","Flexible partitioning of numbers to 1,000",current_3,available,public,True,processed,Partitioning 5 digit numbers
OlAapWjpbZc,"2nd Grade Math 2.4, Hundreds, Tens, Ones. Writing 3-digits from base-ten blocks.",JoAnn's_School,"Year 3_7-8_Autumn__Place value_8_Hundreds, tens and ones","Hundreds, tens and ones",current_1,embedding_disabled,public,False,processed,"2nd Grade Math 2.4, Hundreds, Tens, Ones. Writing 3-digits from base-ten blocks."
gMr9OoLdMow,"2nd Grade Math 2.3, Model 3-Digit Numbers",JoAnn's_School,"Year 3_7-8_Autumn__Place value_8_Hundreds, tens and ones","Hundreds, tens and ones",current_2,embedding_disabled,public,False,processed,"2nd Grade Math 2.3, Model 3-Digit Numbers"
4no7O6f9du4,Equivalent Fractions Using Models (Practice Problems Included) | Math with Mr. J,Math_with_Mr._J,Year 3_7-8_Spring__Fractions A_10_Equivalent fractions as bar models,Equivalent fractions as bar models,current_2,available,public,True,processed,Equivalent Fractions Using Models (Practice Problems Included) | Math with Mr. J
484ebr8Erfs,"4th Grade Math 6.1, Model Equivalent Fractions",JoAnn's_School,Year 3_7-8_Spring__Fractions A_10_Equivalent fractions as bar models,Equivalent fractions as bar models,current_3,available,public,True,processed,"4th Grade Math 6.1, Model Equivalent Fractions"
Q3HKY8eXOl4,"3rd Grade Math 8.3, Unit Fractions of a Whole",JoAnn's_School,Year 3_7-8_Spring__Fractions A_1_Understand the denominators of unit fractions,Understand the denominators of unit fractions,current_3,available,public,True,processed,"3rd Grade Math 8.3, Unit Fractions of a Whole"
NHyI9dUqB0E,Comparing Fractions with the Same Numerator Using Fraction Strips | Math with Mr. J,Math_with_Mr._J,Year 3_7-8_Spring__Fractions A_2_Compare and order unit fractions,Compare and order unit fractions,current_1,available,public,True,processed,Comparing Fractions with the Same Numerator Using Fraction Strips | Math with Mr. J
tR3MAO8Nkj8,Comparing Fractions With Unlike Denominators - Common Denominators and Benchmark Fractions,Miacademy_&_MiaPrep_Learning_Channel,Year 3_7-8_Spring__Fractions A_2_Compare and order unit fractions,Compare and order unit fractions,current_3,available,public,True,processed,Comparing Fractions With Unlike Denominators - Common Denominators and Benchmark Fractions
8wJL15NNwxk,Fractions Equal to 1 Whole | Math with Mr. J,Math_with_Mr._J,Year 3_7-8_Spring__Fractions A_4_Understand the whole,Understand the whole,current_1,available,public,True,processed,Fractions Equal to 1 Whole | Math with Mr. J
mt9Hlws6UEs,Comparing Fractions with the Same Denominator Using Fraction Strips | Math with Mr. J,Math_with_Mr._J,Year 3_7-8_Spring__Fractions A_5_Compare and order Fractions with numerators greater than 1,Compare and order Fractions with numerators greater than 1,current_1,available,public,True,processed,Comparing Fractions with the Same Denominator Using Fraction Strips | Math with Mr. J
jUUrKRBrTIA,Comparing Fractions with the Same Numerator Using Models | Math with Mr. J,Math_with_Mr._J,Year 3_7-8_Spring__Fractions A_5_Compare and order Fractions with numerators greater than 1,Compare and order Fractions with numerators greater than 1,current_2,available,public,True,processed,Comparing Fractions with the Same Numerator Using Models | Math with Mr. J
YKP_4FMbMXY,Comparing Similar Fractions  #shorts,Mr._Tom_Teaches_Again,Year 3_7-8_Spring__Fractions A_5_Compare and order Fractions with numerators greater than 1,Compare and order Fractions with numerators greater than 1,current_3,available,public,True,processed,Comparing Similar Fractions  #shorts
coY1AT8ARHc,Fractions on a Number Line | Identifying and Drawing | Math with Mr. J,Math_with_Mr._J,Year 3_7-8_Spring__Fractions A_7_Fractions on a number line,Fractions on a number line,current_1,available,public,True,processed,Fractions on a Number Line | Identifying and Drawing | Math with Mr. J
CneHtPEtMxA,How to Identify Fractions on a Number Line (Practice Problems Included) | Math with Mr. J,Math_with_Mr._J,Year 3_7-8_Spring__Fractions A_7_Fractions on a number line,Fractions on a number line,current_2,available,public,True,processed,How to Identify Fractions on a Number Line (Practice Problems Included) | Math with Mr. J
xuO42S9baeg,Identifying Fractions on a Number Line | Math with Mr. J,Math_with_Mr._J,Year 3_7-8_Spring__Fractions A_7_Fractions on a number line,Fractions on a number line,current_3,available,public,True,processed,Identifying Fractions on a Number Line | Math with Mr. J
4NRpP2wiByM,Drawing Fractions on a Number Line | Math with Mr. J,Math_with_Mr._J,Year 3_7-8_Spring__Fractions A_8_Count in fractions on a number line,Count in fractions on a number line,current_2,available,public,True,processed,Drawing Fractions on a Number Line | Math with Mr. J
icIS-hIAK9c,Equivalent Fractions Using Number Lines (Practice Problems Included) | Math with Mr. J,Math_with_Mr._J,Year 3_7-8_Spring__Fractions A_9_Equivalent fractions on a number line,Equivalent fractions on a number line,current_1,available,public,True,processed,Equivalent Fractions Using Number Lines (Practice Problems Included) | Math with Mr. J
pSjhY3JlAjo,Identifying Equivalent Fractions (Practice Problems Included) | Math with Mr. J,Math_with_Mr._J,Year 3_7-8_Spring__Fractions A_9_Equivalent fractions on a number line,Equivalent fractions on a number line,current_2,available,public,True,processed,Identifying Equivalent Fractions (Practice Problems Included) | Math with Mr. J
1mF2Mctzx5A,What are equivalent fractions? | Fractions | Mathspace,Mathspace,Year 3_7-8_Spring__Fractions A_9_Equivalent fractions on a number line,Equivalent fractions on a number line,current_3,available,public,True,processed,What are equivalent fractions? | Fractions | Mathspace
kLK32POgOc0,Finding Perimeter by Counting Units | Math with Mr. J,Math_with_Mr._J,Year 3_7-8_Spring__Length and perimeter_10_What is perimeter?,What is perimeter?,current_1,available,public,True,processed,Finding Perimeter by Counting Units | Math with Mr. J
MTSlKifo4js,Perimeter for Kids | Math Lesson Video,Homeschool_Pop,Year 3_7-8_Spring__Length and perimeter_10_What is perimeter?,What is perimeter?,current_2,available,public,True,processed,Perimeter for Kids | Math Lesson Video
DwQZNQEtesY,How Do You Calculate the Perimeter of a Rectangle? | KS2 Maths Concept for Kids,Twinkl_Educational_Publishing,Year 3_7-8_Spring__Length and perimeter_11_Measure perimeter,Measure perimeter,current_1,available,public,True,processed,How Do You Calculate the Perimeter of a Rectangle? | KS2 Maths Concept for Kids
i1sUWP80cmA,Measurement/Length: mm cm m and km for Kids,Learn_and_Play_Online!,Year 3_7-8_Spring__Length and perimeter_1_Measure in metres and centimetres,Measure in metres and centimetres,current_1,available,public,True,processed,Measurement/Length: mm cm m and km for Kids
H8GJm1TeHDw,Learn Grade 3 - Maths - Introducing The Measuring Scale,KidsClassroom_-_Nursery_Rhymes_&_Kids_Songs,Year 3_7-8_Spring__Length and perimeter_1_Measure in metres and centimetres,Measure in metres and centimetres,current_2,available,public,True,processed,Learn Grade 3 - Maths - Introducing The Measuring Scale
GGliZ8tGLMg,Class 3 Maths Measuring Length (Chapter 7 Measurement),Learning_Notebook,Year 3_7-8_Spring__Length and perimeter_1_Measure in metres and centimetres,Measure in metres and centimetres,current_3,available,public,True,processed,Class 3 Maths Measuring Length (Chapter 7 Measurement)
xsHDxhnXoJI,"Year 3 Measuring and converting (cm, mm)",My_Virtual_Teacher,Year 3_7-8_Spring__Length and perimeter_2_Measure in millimetres,Measure in millimetres,current_1,available,public,True,processed,"Year 3 Measuring and converting (cm, mm)"
zxKNnMulCmg,Measuring in mm,Amber_Young,Year 3_7-8_Spring__Length and perimeter_2_Measure in millimetres,Measure in millimetres,current_2,available,public,True,processed,Measuring in mm
L8ITzZZQCJY,Measuring Line Segments Using Millimeters,Mrs._Mutschler,Year 3_7-8_Spring__Length and perimeter_2_Measure in millimetres,Measure in millimetres,current_3,available,public,True,processed,Measuring Line Segments Using Millimeters
MOpalJxpc_E,cm and mm math | math for kids | FUN & EASY 💪,Math4Champs,Year 3_7-8_Spring__Length and perimeter_3_Measure in centimetres and millimetres,Measure in centimetres and millimetres,current_1,available,public,True,processed,cm and mm math | math for kids | FUN & EASY 💪
F_26NdwzY04,Length - What units do we use to measure? (Primary School Maths Lesson),Kev_Maher,"Year 3_7-8_Spring__Length and perimeter_4_Metres, centimetres and millimetres","Metres, centimetres and millimetres",current_3,available,public,True,processed,Length - What units do we use to measure? (Primary School Maths Lesson)
4rwFDzZCV6o,"2nd Grade Math 9.5, Centimeters and Meters, Comparing",JoAnn's_School,Year 3_7-8_Spring__Length and perimeter_5_Equivalent lengths (metres and centimetres),Equivalent lengths (metres and centimetres),current_1,available,public,True,processed,"2nd Grade Math 9.5, Centimeters and Meters, Comparing"
gALZRL4v2NM,Meters and Centimeters | Converting m to cm and Converting cm to m | Math with Mr. J,Math_with_Mr._J,Year 3_7-8_Spring__Length and perimeter_5_Equivalent lengths (metres and centimetres),Equivalent lengths (metres and centimetres),current_2,available,public,True,processed,Meters and Centimeters | Converting m to cm and Converting cm to m | Math with Mr. J
s6Sbxfl5EN0,measuring centimeters,Jessica_Dunton,Year 3_7-8_Spring__Length and perimeter_6_Equivalent lengths (centimetres and millimetres),Equivalent lengths (centimetres and millimetres),current_2,available,public,True,processed,measuring centimeters
H-y3wWqI418,"Metric Measurement Conversions - How To Convert Grams, Liters, and Meters",Miacademy_&_MiaPrep_Learning_Channel,Year 3_7-8_Spring__Length and perimeter_6_Equivalent lengths (centimetres and millimetres),Equivalent lengths (centimetres and millimetres),current_3,available,public,True,processed,"Metric Measurement Conversions - How To Convert Grams, Liters, and Meters"
fRKa4oHHgDs,Comparing & Measuring Lengths | Math for 2nd Grade | Kids Academy,Kids_Academy,Year 3_7-8_Spring__Length and perimeter_7_Compare lengths,Compare lengths,current_2,available,public,True,processed,Comparing & Measuring Lengths | Math for 2nd Grade | Kids Academy
9f7qQkZ9yJ8,"2nd Grade Math 9.7, Measure and Compare Lengths in Centimeters",JoAnn's_School,Year 3_7-8_Spring__Length and perimeter_7_Compare lengths,Compare lengths,current_3,available,public,True,processed,"2nd Grade Math 9.7, Measure and Compare Lengths in Centimeters"
Yl3IPo8kzu0,Perimeter - Working Around Polygons,Miacademy_&_MiaPrep_Learning_Channel,Year 3_7-8_Spring__Length and perimeter_8_Add lengths,Add lengths,current_1,available,public,True,processed,Perimeter - Working Around Polygons
D8Ia_vTAcJA,Finding the Perimeter | How to Find Perimeter for Elementary Students,Math_with_Mr._J,Year 3_7-8_Spring__Length and perimeter_8_Add lengths,Add lengths,current_2,available,public,True,processed,Finding the Perimeter | How to Find Perimeter for Elementary Students
63YJ5XtRGfc,Grade 4 Mathematics Chapter 9 Class 4 Subtraction of Length,the_Garden_School,Year 3_7-8_Spring__Length and perimeter_9_Subtract lengths,Subtract lengths,current_1,available,public,True,processed,Grade 4 Mathematics Chapter 9 Class 4 Subtraction of Length
9GDze3p-3hU,Fri 5th Subtract lengths,Smithman_Year_3,Year 3_7-8_Spring__Length and perimeter_9_Subtract lengths,Subtract lengths,current_2,available,public,True,processed,Fri 5th Subtract lengths
rEb_P8ZGxd4,Maths - Reading Different Weighing Scales (Primary School Maths Lesson),Kev_Maher,Year 3_7-8_Spring__Mass and capacity_1_Use scales,Use scales,current_1,available,public,True,processed,Maths - Reading Different Weighing Scales (Primary School Maths Lesson)
IonropPEVLw,Year 2   Maths   10 02 21,Billingshurst_Primary_Academy,Year 3_7-8_Spring__Mass and capacity_1_Use scales,Use scales,current_2,available,public,True,processed,Year 2   Maths   10 02 21
NplCDFsuU5w,Maths: Week 4 Lesson 1- Measuring mass using grams,Mrs_Laudan,Year 3_7-8_Spring__Mass and capacity_1_Use scales,Use scales,current_3,available,public,True,processed,Maths: Week 4 Lesson 1- Measuring mass using grams
hR1XW_RUpyw,(MATH) How to Measure Mass in Grams and Kilograms? | #iQuestionPH,iQuestion_PH,Year 3_7-8_Spring__Mass and capacity_3_Measure mass in kilograms and grams,Measure mass in kilograms and grams,current_2,available,public,True,processed,(MATH) How to Measure Mass in Grams and Kilograms? | #iQuestionPH
4GX1t0BrtW4,Application of Metric Conversions - Real-World Metric Word Problems,Miacademy_&_MiaPrep_Learning_Channel,Year 3_7-8_Spring__Mass and capacity_4_Equivalent masses (kilograms and grams),Equivalent masses (kilograms and grams),current_1,available,public,True,processed,Application of Metric Conversions - Real-World Metric Word Problems
4VmSRk05Oq0,Learn about Metric Liquid Volume!,Mr._Tom_Teaches_Again,Year 3_7-8_Spring__Mass and capacity_7_Measure capacity and volume in millilitres,Measure capacity and volume in millilitres,current_3,available,public,True,processed,Learn about Metric Liquid Volume!
aZmolc8o4uQ,Scale Factor: How To Use Grid Lines To Calculate the Scale Factor,Miacademy_&_MiaPrep_Learning_Channel,Year 3_7-8_Spring__Multiplication and division B_10_Scaling,Scaling,current_1,available,public,True,processed,Scale Factor: How To Use Grid Lines To Calculate the Scale Factor
tapR925Q7aA,Identifying multiplication and division story problems | Multiplication and Division | Year 5,Mathspace,Year 3_7-8_Spring__Multiplication and division B_10_Scaling,Scaling,current_2,available,public,True,processed,Identifying multiplication and division story problems | Multiplication and Division | Year 5
2d4qPe7NvHQ,"4th Grade Math 2.1, Multiplication Comparisons",JoAnn's_School,Year 3_7-8_Spring__Multiplication and division B_10_Scaling,Scaling,current_3,available,public,True,processed,"4th Grade Math 2.1, Multiplication Comparisons"
3PFCuKv8Sug,"Working With Operations Wrap-Up - Review Addition, Subtraction, Multiplication, and Division",Miacademy_&_MiaPrep_Learning_Channel,Year 3_7-8_Spring__Multiplication and division B_11_Practise different ways to do multiplication and division,Practise different ways to do multiplication and division,current_2,available,public,True,processed,"Working With Operations Wrap-Up - Review Addition, Subtraction, Multiplication, and Division"
a_jBe_g9FYs,"3rd Grade Math 5.5, Multiply 1-Digit Numbers by Multiples of 10",JoAnn's_School,Year 3_7-8_Spring__Multiplication and division B_1_Multiples of 10,Multiples of 10,current_3,available,public,True,processed,"3rd Grade Math 5.5, Multiply 1-Digit Numbers by Multiples of 10"
dkBGWfiWjbc,How to solve story problems with multiplication and division | Multiplication and Division | Year 4,Mathspace,Year 3_7-8_Spring__Multiplication and division B_3_Reasoning about multiplication,Reasoning about multiplication,current_3,available,public,True,processed,How to solve story problems with multiplication and division | Multiplication and Division | Year 4
1MiOUwVrwy0,Multiplication Techniques: Partitioning of Numbers - Spark Learning,Spark_Learning,Year 3_7-8_Spring__Multiplication and division B_4_Multiply a 2-digit number by a 1-digit number – no exchange,Multiply a 2-digit number by a 1-digit number – no exchange,current_1,available,public,True,processed,Multiplication Techniques: Partitioning of Numbers - Spark Learning
-BV3HXcRRYI,"4th Grade Math 2.5, Multiply Using the Distributive Property",JoAnn's_School,Year 3_7-8_Spring__Multiplication and division B_4_Multiply a 2-digit number by a 1-digit number – no exchange,Multiply a 2-digit number by a 1-digit number – no exchange,current_2,available,public,True,processed,"4th Grade Math 2.5, Multiply Using the Distributive Property"
yxrQphJSfsg,Multiply By 1 Digit Numbers With Regroup,EdgeAll,Year 3_7-8_Spring__Multiplication and division B_4_Multiply a 2-digit number by a 1-digit number – no exchange,Multiply a 2-digit number by a 1-digit number – no exchange,current_3,available,public,True,processed,Multiply By 1 Digit Numbers With Regroup
6c8cpUqGcDY,"4th Grade Math 2.10, Multiply 2-digit Numbers by 1-digit Numbers with Regrouping",JoAnn's_School,Year 3_7-8_Spring__Multiplication and division B_5_Multiply a 2-digit number by a 1-digit number – with exchange,Multiply a 2-digit number by a 1-digit number – with exchange,current_2,available,public,True,processed,"4th Grade Math 2.10, Multiply 2-digit Numbers by 1-digit Numbers with Regrouping"
jryxKOt5rQI,"2-Digit × 2-Digit Multiplication - Area Models, Partial Products, and the Multiplication Algorithm",Miacademy_&_MiaPrep_Learning_Channel,Year 3_7-8_Spring__Multiplication and division B_5_Multiply a 2-digit number by a 1-digit number – with exchange,Multiply a 2-digit number by a 1-digit number – with exchange,current_3,available,public,True,processed,"2-Digit × 2-Digit Multiplication - Area Models, Partial Products, and the Multiplication Algorithm"
0u4NO1Wnytk,Short Division Stage - 1 Key Stage 1 & 2 - Maths,Miss_Educate,Year 3_7-8_Spring__Multiplication and division B_7_Divide a 2-digit number by a 1-digit number – no exchange,Divide a 2-digit number by a 1-digit number – no exchange,current_1,available,public,True,processed,Short Division Stage - 1 Key Stage 1 & 2 - Maths
McHo9PYYCTc,Divide a multiple of 10 by a single-digit number | Division | Year 3,Key_Stage_2_Maths,Year 3_7-8_Spring__Multiplication and division B_7_Divide a 2-digit number by a 1-digit number – no exchange,Divide a 2-digit number by a 1-digit number – no exchange,current_2,available,public,True,processed,Divide a multiple of 10 by a single-digit number | Division | Year 3
zJ250Pg1mpQ,What Is Short Division? | KS2 Maths Concept for Kids,Twinkl_Educational_Publishing,Year 3_7-8_Spring__Multiplication and division B_7_Divide a 2-digit number by a 1-digit number – no exchange,Divide a 2-digit number by a 1-digit number – no exchange,current_3,available,public,True,processed,What Is Short Division? | KS2 Maths Concept for Kids
wRqPjrZpyTw,y3 spring block 1 ts8 divide a 2 digit number by a 1 digit number   flexible partitioning 540p,Mr_Duggan-Smith,Year 3_7-8_Spring__Multiplication and division B_8_Divide a 2-digit number by a 1-digit number – flexible partitioning,Divide a 2-digit number by a 1-digit number – flexible partitioning,current_1,available,public,True,processed,y3 spring block 1 ts8 divide a 2 digit number by a 1 digit number   flexible partitioning 540p
vZ59GI_kfPM,"4th Grade Math 4.9, Model Division with Regrouping",JoAnn's_School,Year 3_7-8_Spring__Multiplication and division B_8_Divide a 2-digit number by a 1-digit number – flexible partitioning,Divide a 2-digit number by a 1-digit number – flexible partitioning,current_2,available,public,True,processed,"4th Grade Math 4.9, Model Division with Regrouping"
x_Q8j2y1UAQ,E2.8.1. Functional Skills Maths Entry 2: Divide two-digit whole numbers by one-digit whole numbers,Mars_Maths,Year 3_7-8_Spring__Multiplication and division B_8_Divide a 2-digit number by a 1-digit number – flexible partitioning,Divide a 2-digit number by a 1-digit number – flexible partitioning,current_3,available,public,True,processed,E2.8.1. Functional Skills Maths Entry 2: Divide two-digit whole numbers by one-digit whole numbers
EfU8kA1CWdw,Basic Division with Remainders,LaFountaine_of_Knowledge,Year 3_7-8_Spring__Multiplication and division B_9_Divide a 2-digit number by a 1-digit number – with remainders,Divide a 2-digit number by a 1-digit number – with remainders,current_1,available,public,True,processed,Basic Division with Remainders
b_DRUxNOqhk,"Grade 4 Math 4.2, What are Remainders",JoAnn's_School,Year 3_7-8_Spring__Multiplication and division B_9_Divide a 2-digit number by a 1-digit number – with remainders,Divide a 2-digit number by a 1-digit number – with remainders,current_2,available,public,True,processed,"Grade 4 Math 4.2, What are Remainders"
KGMf314LUc0,Math Antics - Basic Division,mathantics,Year 3_7-8_Spring__Multiplication and division B_9_Divide a 2-digit number by a 1-digit number – with remainders,Divide a 2-digit number by a 1-digit number – with remainders,current_3,available,public,True,processed,Math Antics - Basic Division
D_TBAl9eb9w,Add fractions with the same denominator within 1,Key_Stage_2_Maths,Year 3_7-8_Summer__Fractions B_1_Add fractions,Add fractions,current_1,available,public,True,processed,Add fractions with the same denominator within 1
GQlImD7Fl8E,"4th Grade Math 7.3, Add Fractions with Like Denominators Using Models",JoAnn's_School,Year 3_7-8_Summer__Fractions B_1_Add fractions,Add fractions,current_2,available,public,True,processed,"4th Grade Math 7.3, Add Fractions with Like Denominators Using Models"
xS0o04oZv_Y,"4th Grade Math 7.2, Write Fractions as Sums with the Same Denominator",JoAnn's_School,Year 3_7-8_Summer__Fractions B_1_Add fractions,Add fractions,current_3,available,public,True,processed,"4th Grade Math 7.2, Write Fractions as Sums with the Same Denominator"
Q_RrctYYCm4,Subtract Fractions With the Same Denominators Easily (Step-by-Step),Maths_with_Mrs_B,Year 3_7-8_Summer__Fractions B_2_Subtract fractions,Subtract fractions,current_1,available,public,True,processed,Subtract Fractions With the Same Denominators Easily (Step-by-Step)
KFdHetid008,Adding and Subtracting Fractions - Same Denominator - Math for Kids,Smile_and_Learn_-_English,Year 3_7-8_Summer__Fractions B_2_Subtract fractions,Subtract fractions,current_2,available,public,True,processed,Adding and Subtracting Fractions - Same Denominator - Math for Kids
ZO7VxCDRKok,"4th Grade Math 7.4, Subtract Fractions with Like Denominators Using Models",JoAnn's_School,Year 3_7-8_Summer__Fractions B_2_Subtract fractions,Subtract fractions,current_3,available,public,True,processed,"4th Grade Math 7.4, Subtract Fractions with Like Denominators Using Models"
nMCvhK42VfY,Dividing Whole Numbers by Fractions: Part 1 - Modeling With Unit Fractions,Miacademy_&_MiaPrep_Learning_Channel,Year 3_7-8_Summer__Fractions B_4_Unit fractions of a set of objects,Unit fractions of a set of objects,current_1,available,public,True,processed,Dividing Whole Numbers by Fractions: Part 1 - Modeling With Unit Fractions
k9JdKkuJS_U,Dividing Fractions by Whole Numbers: Part 1 - Modeling With Unit Fractions,Miacademy_&_MiaPrep_Learning_Channel,Year 3_7-8_Summer__Fractions B_4_Unit fractions of a set of objects,Unit fractions of a set of objects,current_2,available,public,True,processed,Dividing Fractions by Whole Numbers: Part 1 - Modeling With Unit Fractions
w56DTZT5gIw,How Do I Calculate Fractions of Amounts? | KS2 Maths Concept for Kids,Twinkl_Educational_Publishing,Year 3_7-8_Summer__Fractions B_5_Fractions with numerators greater than 1 of a set of objects,Fractions with numerators greater than 1 of a set of objects,current_1,available,public,True,processed,How Do I Calculate Fractions of Amounts? | KS2 Maths Concept for Kids
DPM6e40Pknw,How Do You Convert Money? | KS2 Maths Concept for Kids,Twinkl_Educational_Publishing,Year 3_7-8_Summer__Money_2_Convert pounds and pence,Convert pounds and pence,current_2,available,public,True,processed,How Do You Convert Money? | KS2 Maths Concept for Kids
KDG3AQ0n1QI,Converting Between Pounds And Pence,Mr_A,Year 3_7-8_Summer__Money_2_Convert pounds and pence,Convert pounds and pence,current_3,available,public,True,processed,Converting Between Pounds And Pence
io5wFTaRClE,Year 3 Maths Lesson 3 Add Money,Carlton_Junior_and_Infant_School,Year 3_7-8_Summer__Money_3_Add money,Add money,current_1,available,public,True,processed,Year 3 Maths Lesson 3 Add Money
aSHOYfHiYkQ,Year 3 Friday 12th February: Maths ~ Can I subtract in pounds and pence?,"St_Mary's,_Yate",Year 3_7-8_Summer__Money_4_Subtract money,Subtract money,current_1,available,public,True,processed,Year 3 Friday 12th February: Maths ~ Can I subtract in pounds and pence?
LA6HqfhHsDk,Year 3 Maths Lesson 6 Subtract Money,Carlton_Junior_and_Infant_School,Year 3_7-8_Summer__Money_4_Subtract money,Subtract money,current_2,available,public,True,processed,Year 3 Maths Lesson 6 Subtract Money
oLsf05YcbPs,Money: Calculating Change (part-part-whole),Primary_Maths_Lab,Year 3_7-8_Summer__Money_5_Find change,Find change,current_2,deleted,deleted,False,deleted,
xiT2QPImTKw,Right Angles as Quarter Turns Week 6 Miss Marks,Glenboi_Primary_Home_Learning_Channel,Year 3_7-8_Summer__Shape_1_Turns and angles,Turns and angles,current_2,available,public,True,processed,Right Angles as Quarter Turns Week 6 Miss Marks
ZnTMXVdnIjk,Turns and Right Angles,Christa_Perkins,Year 3_7-8_Summer__Shape_2_Right angles,Right angles,current_2,available,public,True,processed,Turns and Right Angles
FAlsjirhmLo,Year 3: Maths- Angles as a turn,English_Martyrs'_CVA_Long_Eaton,Year 3_7-8_Summer__Shape_2_Right angles,Right angles,current_3,available,public,True,processed,Year 3: Maths- Angles as a turn
IR8A9eIUyDU,"Angles - Acute, Obtuse, Right, Measuring With a Protractor",Miacademy_&_MiaPrep_Learning_Channel,Year 3_7-8_Summer__Shape_3_Compare angles,Compare angles,current_1,available,public,True,processed,"Angles - Acute, Obtuse, Right, Measuring With a Protractor"
teDRM3HKheY,Measuring length - whole centimeters - 1st grade math lesson,Math_Mammoth,Year 3_7-8_Summer__Shape_4_Measure and draw accurately,Measure and draw accurately,current_1,available,public,True,processed,Measuring length - whole centimeters - 1st grade math lesson
RP4rGRVL-_I,How Do You Draw Angles and Lines Accurately? | KS2 Maths Concept for Kids,Twinkl_Educational_Publishing,Year 3_7-8_Summer__Shape_4_Measure and draw accurately,Measure and draw accurately,current_2,available,public,True,processed,How Do You Draw Angles and Lines Accurately? | KS2 Maths Concept for Kids
hTjVMnPH-P4,Art Core: Horizontal & Vertical Lines - How To Draw A Pizza Restaurant,Art_for_Kids_Hub,Year 3_7-8_Summer__Shape_5_Horizontal and vertical,Horizontal and vertical,current_1,available,public,True,processed,Art Core: Horizontal & Vertical Lines - How To Draw A Pizza Restaurant
QJrEBIsVqG8,"Horizontal, Vertical and Diagonal Lines",Ms._Perna's_Class_aka_commax1969,Year 3_7-8_Summer__Shape_5_Horizontal and vertical,Horizontal and vertical,current_2,available,public,True,processed,"Horizontal, Vertical and Diagonal Lines"
z5l49mMsYuI,Horizontal and Vertical Line Exercise,Kristin_Clough,Year 3_7-8_Summer__Shape_5_Horizontal and vertical,Horizontal and vertical,current_3,available,public,True,processed,Horizontal and Vertical Line Exercise
kiiUM4bugwE,"Grade 3 Math #12.4d, Perpendicular and Parallel",JoAnn's_School,Year 3_7-8_Summer__Shape_6_Parallel and perpendicular,Parallel and perpendicular,current_1,available,public,True,processed,"Grade 3 Math #12.4d, Perpendicular and Parallel"
hzhBa_1OaKE,"Points, Lines, and Rays - Parallel, Perpendicular, and Intersecting Lines",Miacademy_&_MiaPrep_Learning_Channel,Year 3_7-8_Summer__Shape_6_Parallel and perpendicular,Parallel and perpendicular,current_2,available,public,True,processed,"Points, Lines, and Rays - Parallel, Perpendicular, and Intersecting Lines"
1yID0JzpVo8,Describing 2D Shapes,ClickView,Year 3_7-8_Summer__Shape_7_Recognise and describe 2-D shapes,Recognise and describe 2-D shapes,current_1,available,public,True,processed,Describing 2D Shapes
hyAYBL71Bqk,E2.20.1. Functional Skills Maths Entry 2: Describe the properties of common 2-D shapes,Mars_Maths,Year 3_7-8_Summer__Shape_7_Recognise and describe 2-D shapes,Recognise and describe 2-D shapes,current_2,available,public,True,processed,E2.20.1. Functional Skills Maths Entry 2: Describe the properties of common 2-D shapes
u28SZdypnVQ,"Polygons - Naming Polygons, Regular and Irregular Polygons",Miacademy_&_MiaPrep_Learning_Channel,Year 3_7-8_Summer__Shape_8_Draw polygons,Draw polygons,current_1,deleted,deleted,False,deleted,
fqhF9ZZIoCA,How Do You Draw 2D Shapes Accurately? | KS2 Maths Concept for Kids,Twinkl_Educational_Publishing,Year 3_7-8_Summer__Shape_8_Draw polygons,Draw polygons,current_2,available,public,True,processed,How Do You Draw 2D Shapes Accurately? | KS2 Maths Concept for Kids
cpNAvUyY4qw,Graph Part 2   | Creating Bar Chart | Fun Learn Explore,Fun_Learn_Explore,Year 3_7-8_Summer__Statistics_3_Interpret bar charts,Interpret bar charts,current_2,available,public,True,processed,Graph Part 2   | Creating Bar Chart | Fun Learn Explore
r4iZK2WBV3s,"Grade 1 Math 10.4, Make Bar Graphs",JoAnn's_School,Year 3_7-8_Summer__Statistics_4_Draw bar charts,Draw bar charts,current_2,embedding_disabled,public,False,processed,"Grade 1 Math 10.4, Make Bar Graphs"
oYXmY5axC2I,Bar Graphs for 2nd Grade Kids - Create your own Bar Graph,Math_&_Learning_Videos_4_Kids,Year 3_7-8_Summer__Statistics_5_Collect and represent data,Collect and represent data,current_3,available,public,True,processed,Bar Graphs for 2nd Grade Kids - Create your own Bar Graph
P439QqXddRU,How Do You Read and Interpret Two-Way Tables? | KS2 Maths Concept for Kids,Twinkl_Educational_Publishing,Year 3_7-8_Summer__Statistics_6_Two-way tables,Two-way tables,current_1,available,public,True,processed,How Do You Read and Interpret Two-Way Tables? | KS2 Maths Concept for Kids
aUwpxoaCV-w,Two-way tables,MrArnoldsMaths,Year 3_7-8_Summer__Statistics_6_Two-way tables,Two-way tables,current_2,available,public,True,processed,Two-way tables
BF0AWbgm2VY,Probability and Statistics - Two-Way Tables (Video 1),MME,Year 3_7-8_Summer__Statistics_6_Two-way tables,Two-way tables,current_3,available,public,True,processed,Probability and Statistics - Two-Way Tables (Video 1)
QU-XUmujbuM,Math Antics - Telling Time,mathantics,Year 3_7-8_Summer__Time_10_Minutes and seconds,Minutes and seconds,current_2,available,public,True,processed,Math Antics - Telling Time
2LgZnTuq0g8,"Grade 2 Math  7.1, Minutes",JoAnn's_School,Year 3_7-8_Summer__Time_10_Minutes and seconds,Minutes and seconds,current_3,available,public,True,processed,"Grade 2 Math  7.1, Minutes"
GSvQ4u0oBQE,"Grade 2 Math  7.2, Time, Use logical reasoning",JoAnn's_School,Year 3_7-8_Summer__Time_11_Units of time,Units of time,current_2,available,public,True,processed,"Grade 2 Math  7.2, Time, Use logical reasoning"
YHjJ8uC693k,"3rd Grade Math 10.5, Word Problem Solving, Time Intervals",JoAnn's_School,Year 3_7-8_Summer__Time_12_Solve problems with time,Solve problems with time,current_2,available,public,True,processed,"3rd Grade Math 10.5, Word Problem Solving, Time Intervals"
6bUucK8f96o,"4th Grade Math 12.8, Compare Units of Time",JoAnn's_School,Year 3_7-8_Summer__Time_12_Solve problems with time,Solve problems with time,current_3,available,public,True,processed,"4th Grade Math 12.8, Compare Units of Time"
EdRmQeiqQXE,"Grade 2 Math  7.11, Roman numerals on a clock",JoAnn's_School,Year 3_7-8_Summer__Time_1_Roman numerals to 12,Roman numerals to 12,current_1,available,public,True,processed,"Grade 2 Math  7.11, Roman numerals on a clock"
NrnXsKYpLJM,Roman Numerals For Kids | Elementary Math Lesson,Homeschool_Pop,Year 3_7-8_Summer__Time_1_Roman numerals to 12,Roman numerals to 12,current_2,available,public,True,processed,Roman Numerals For Kids | Elementary Math Lesson
TKwBAu6k2Ko,Roman Numerals Explained,Minity_Maths,Year 3_7-8_Summer__Time_1_Roman numerals to 12,Roman numerals to 12,current_3,available,public,True,processed,Roman Numerals Explained
rDF_uiji2vI,Telling Time to the Nearest 5 Minutes,Rachel_Bishop,Year 3_7-8_Summer__Time_2_Tell the time to 5 minutes,Tell the time to 5 minutes,current_3,available,public,True,processed,Telling Time to the Nearest 5 Minutes
njpsJUFX-Vk,Telling Time - to the minute,Adrienne_Welch,Year 3_7-8_Summer__Time_3_Tell the time to the minute,Tell the time to the minute,current_1,available,public,True,processed,Telling Time - to the minute
8AmyE0lRjSU,Time to the Minute. Grade 3,MATH-N-ROLL,Year 3_7-8_Summer__Time_3_Tell the time to the minute,Tell the time to the minute,current_2,available,public,True,processed,Time to the Minute. Grade 3
R3nxJWmHyLo,"3rd Grade Math 10.1, Time to the Minute",JoAnn's_School,Year 3_7-8_Summer__Time_3_Tell the time to the minute,Tell the time to the minute,current_3,available,public,True,processed,"3rd Grade Math 10.1, Time to the Minute"
Gm2SUj_sMCc,Telling Time: Matching Analog and Digital Clocks,IXL,Year 3_7-8_Summer__Time_4_Read time on a digital clock,Read time on a digital clock,current_3,available,public,True,processed,Telling Time: Matching Analog and Digital Clocks
Dcw0YPCCXbo,Telling Time | MightyOwl Math | 2nd Grade,MightyOwl,Year 3_7-8_Summer__Time_5_Use am and pm,Use am and pm,current_1,available,public,True,processed,Telling Time | MightyOwl Math | 2nd Grade
3HxI3iwQ7E8,"2nd Grade Math 7.11, A.M. and P.M.",JoAnn's_School,Year 3_7-8_Summer__Time_5_Use am and pm,Use am and pm,current_2,embedding_disabled,public,False,processed,"2nd Grade Math 7.11, A.M. and P.M."
17d16caBXMA,How Do You Solve Problems Involving Calendars? | KS2 Maths Concept for Kids,Twinkl_Educational_Publishing,"Year 3_7-8_Summer__Time_6_Years, months and days","Years, months and days",current_2,available,public,True,processed,How Do You Solve Problems Involving Calendars? | KS2 Maths Concept for Kids
3-Gz9_uRSJ4,"Grade 2 Math  7.9, Using a Calendar",JoAnn's_School,"Year 3_7-8_Summer__Time_6_Years, months and days","Years, months and days",current_3,available,public,True,processed,"Grade 2 Math  7.9, Using a Calendar"
v931qfvriDk,Measurement Of Time ⌚| Days Week Months Year | Practice Worksheet for Kids,RPS_Teaching,Year 3_7-8_Summer__Time_7_Days and hours,Days and hours,current_3,available,public,True,processed,Measurement Of Time ⌚| Days Week Months Year | Practice Worksheet for Kids 
Es8BzhzsJyU,How Do You Calculate Durations of Time? | KS2 Maths Concept for Kids,Twinkl_Educational_Publishing,Year 3_7-8_Summer__Time_8_Hours and minutes – use start and end times,Hours and minutes – use start and end times,current_1,available,public,True,processed,How Do You Calculate Durations of Time? | KS2 Maths Concept for Kids
6yAQl03UOx8,"3rd Grade Math 10.3, Measure Time Intervals, Elapsed Time in Minutes",JoAnn's_School,Year 3_7-8_Summer__Time_8_Hours and minutes – use start and end times,Hours and minutes – use start and end times,current_2,available,public,True,processed,"3rd Grade Math 10.3, Measure Time Intervals, Elapsed Time in Minutes"
yDuIAOYKtMY,"3rd Grade Math 10.4, Use Time Intervals, Find start and end times",JoAnn's_School,Year 3_7-8_Summer__Time_8_Hours and minutes – use start and end times,Hours and minutes – use start and end times,current_3,available,public,True,processed,"3rd Grade Math 10.4, Use Time Intervals, Find start and end times"
forUuc1R688,Time: Finding the Duration | Mathematics,CENTURY_Tech,Year 3_7-8_Summer__Time_9_Hours and minutes - use durations,Hours and minutes - use durations,current_1,available,public,True,processed,Finding the Duration of Time | KS2 Maths | Telling the Time
iErXy3IsgmQ,Addition to the Thousands - Understanding Regrouping and the Addition Algorithm,Miacademy_&_MiaPrep_Learning_Channel,"Year 4_8-9_Autumn__Addition and subtraction_1_Add and subtract 1s, 10s, 100s and 1,000s","Add and subtract 1s, 10s, 100s and 1,000s",current_3,available,public,True,processed,Addition to the Thousands - Understanding Regrouping and the Addition Algorithm
mAvuom42NyY,Math Antics - Multi-Digit Addition,mathantics,Year 4_8-9_Autumn__Addition and subtraction_2_Add up to two 4-digit numbers – no exchange,Add up to two 4-digit numbers – no exchange,current_2,available,public,True,processed,Math Antics - Multi-Digit Addition
oUlKOBIyO90,Simple Addition | Multi-Digit Addition with and without Regrouping | Grade 2,THE_MATH_PLANET,Year 4_8-9_Autumn__Addition and subtraction_2_Add up to two 4-digit numbers – no exchange,Add up to two 4-digit numbers – no exchange,current_3,available,public,True,processed,Simple Addition | Multi-Digit Addition with and without Regrouping | Grade 2
iy0HOfxsP9w,Addition and Subtraction to the Millions – How To Use the Addition and Subtraction Algorithms,Miacademy_&_MiaPrep_Learning_Channel,Year 4_8-9_Autumn__Addition and subtraction_3_Add two 4-digit numbers – one exchange,Add two 4-digit numbers – one exchange,current_2,available,public,True,processed,Addition and Subtraction to the Millions – How To Use the Addition and Subtraction Algorithms
WAluEPNn764,Add and Subtract Positive Integers - Prealgebra 1 for Kids and Teens!,Miacademy_&_MiaPrep_Learning_Channel,Year 4_8-9_Autumn__Addition and subtraction_5_Subtract two 4-digit numbers – no exchange,Subtract two 4-digit numbers – no exchange,current_1,available,public,True,processed,Add and Subtract Positive Integers - Prealgebra 1 for Kids and Teens!
cLHu-zuTPk8,Multi Digit Subtraction - Subtraction with Borrowing 4th Grade,Math_&_Learning_Videos_4_Kids,Year 4_8-9_Autumn__Addition and subtraction_5_Subtract two 4-digit numbers – no exchange,Subtract two 4-digit numbers – no exchange,current_2,available,public,True,processed,Multi Digit Subtraction - Subtraction with Borrowing 4th Grade
NszUX2x254M,How to Subtract Big Numbers – Simple Tricks for Fast Math!,Maths_with_Mrs_B,Year 4_8-9_Autumn__Addition and subtraction_5_Subtract two 4-digit numbers – no exchange,Subtract two 4-digit numbers – no exchange,current_3,available,public,True,processed,How to Subtract Big Numbers – Simple Tricks for Fast Math!
lkXjaNxMtoU,How Can I Learn Column Subtraction? | KS2 Maths Concept for Kids,Twinkl_Educational_Publishing,Year 4_8-9_Autumn__Addition and subtraction_6_Subtract two 4-digit numbers – one exchange,Subtract two 4-digit numbers – one exchange,current_1,available,public,True,processed,How Can I Learn Column Subtraction? | KS2 Maths Concept for Kids
cYU1-Yes8jc,Exchange across zero to subtract four-digit numbers using column subtraction | Subtraction | Year 4,Key_Stage_2_Maths,Year 4_8-9_Autumn__Addition and subtraction_7_Subtract two 4-digit numbers – more than one exchange,Subtract two 4-digit numbers – more than one exchange,current_1,available,public,True,processed,Exchange across zero to subtract four-digit numbers using column subtraction | Subtraction | Year 4
Ms4JN6cGGtk,Subtract four-digit numbers using column subtraction | Subtraction | Year 4,Key_Stage_2_Maths,Year 4_8-9_Autumn__Addition and subtraction_7_Subtract two 4-digit numbers – more than one exchange,Subtract two 4-digit numbers – more than one exchange,current_2,available,public,True,processed,Subtract four-digit numbers using column subtraction | Subtraction | Year 4
leF04J20OBw,Exchange across more than one place value with subtraction,Key_Stage_2_Maths,Year 4_8-9_Autumn__Addition and subtraction_7_Subtract two 4-digit numbers – more than one exchange,Subtract two 4-digit numbers – more than one exchange,current_3,available,public,True,processed,Exchange across more than one place value with subtraction
D8_fXV3eeGM,Making Subtraction Easier 1 Part A Subtraction Mental Strategy Ages 8+ 3rdNumOpAS,Improve_My_Maths,Year 4_8-9_Autumn__Addition and subtraction_8_Efficient subtraction,Efficient subtraction,current_1,available,public,True,processed,Making Subtraction Easier 1 Part A Subtraction Mental Strategy Ages 8+ 3rdNumOpAS
vvtB5vUXC-c,"3rd Grade Math 1.9, Mental math strategies for subtraction",JoAnn's_School,Year 4_8-9_Autumn__Addition and subtraction_8_Efficient subtraction,Efficient subtraction,current_2,available,public,True,processed,"3rd Grade Math 1.9, Mental math strategies for subtraction"
Ro_ufrK0Ok8,"2nd Grade Math 5.8, Add to Find Differences (Mental math)",JoAnn's_School,Year 4_8-9_Autumn__Addition and subtraction_8_Efficient subtraction,Efficient subtraction,current_3,embedding_disabled,public,False,processed,"2nd Grade Math 5.8, Add to Find Differences (Mental math)"
aCjPOoTWazg,An Intro to Area | Math with Mr. J,Math_with_Mr._J,Year 4_8-9_Autumn__Area_1_What is area?,What is area?,current_1,available,public,True,processed,An Intro to Area | Math with Mr. J
8cz_IB65pZM,Area for Kids - Full Lesson Video | Homeschool Pop Math,Homeschool_Pop,Year 4_8-9_Autumn__Area_1_What is area?,What is area?,current_2,available,public,True,processed,Area for Kids - Full Lesson Video | Homeschool Pop Math
rqz4tDVpJg0,Area of rectangles (grade 3),Maths_4_Kids,Year 4_8-9_Autumn__Area_1_What is area?,What is area?,current_3,available,public,True,processed,Area of rectangles (grade 3)
HYcqztMsNSQ,Finding Area by Counting Unit Squares | Math with Mr. J,Math_with_Mr._J,Year 4_8-9_Autumn__Area_2_Count squares,Count squares,current_1,available,public,True,processed,Finding Area by Counting Unit Squares | Math with Mr. J
NJnkVVx-XAk,Perimeter and Area of Rectangles,Miacademy_&_MiaPrep_Learning_Channel,Year 4_8-9_Autumn__Area_3_Make shapes,Make shapes,current_2,available,public,True,processed,Perimeter and Area of Rectangles
gyFU2rjEcr8,How Do You Identify Shapes with the Same Area? | KS2 Maths Concept for Kids,Twinkl_Educational_Publishing,Year 4_8-9_Autumn__Area_4_Compare areas,Compare areas,current_1,available,public,True,processed,How Do You Identify Shapes with the Same Area? | KS2 Maths Concept for Kids
0ZxOTHlbgRM,Area vs. Perimeter | MightyOwl Math | 3rd Grade,MightyOwl,Year 4_8-9_Autumn__Area_4_Compare areas,Compare areas,current_2,available,public,True,processed,Area vs. Perimeter | MightyOwl Math | 3rd Grade
11ftYcJxdOU,How To Find The Area Of A Rectangle Or Square,Minity_Maths,Year 4_8-9_Autumn__Area_4_Compare areas,Compare areas,current_3,available,public,True,processed,How To Find The Area Of A Rectangle Or Square
K4-SiSRAzZk,Learn  to multiply by twelve.,Mr._Tom_Teaches_Again,Year 4_8-9_Autumn__Multiplication and division A_10_12 times-table and division facts,12 times-table and division facts,current_2,available,public,True,processed,Learn  to multiply by twelve.
HSdVsnm7w84,Numberblocks Eleven And Twelve Times Tables | X11and X12 Multiplications | Big Numberblocks,Power_Of_Play,Year 4_8-9_Autumn__Multiplication and division A_10_12 times-table and division facts,12 times-table and division facts,current_3,available,public,True,processed,Numberblocks Eleven And Twelve Times Tables | X11and X12 Multiplications | Big Numberblocks
H42ahx5ChZU,Introduction to 0 and 1 times tables | Multiplication and Division | Mathspace,Mathspace,Year 4_8-9_Autumn__Multiplication and division A_11_Multiply by 1 and 0,Multiply by 1 and 0,current_2,available,public,True,processed,Introduction to 0 and 1 times tables | Multiplication and Division | Mathspace
8_aCOnRF6RU,Easy Multiplication | Basic Math Lessons with Homeschool Pop,Homeschool_Pop,Year 4_8-9_Autumn__Multiplication and division A_11_Multiply by 1 and 0,Multiply by 1 and 0,current_3,available,public,True,processed,Easy Multiplication | Basic Math Lessons with Homeschool Pop
2rww9o4ik3U,Dividing by 1 and itself,V_O'Gorman,Year 4_8-9_Autumn__Multiplication and division A_12_Divide a number by 1 and itself,Divide a number by 1 and itself,current_2,available,public,True,processed,Dividing by 1 and itself
N-SRbieuj4Q,Divide a number by 1 and itself,Emma_Blessing,Year 4_8-9_Autumn__Multiplication and division A_12_Divide a number by 1 and itself,Divide a number by 1 and itself,current_3,available,public,True,processed,Divide a number by 1 and itself
TGVGwrM-vdo,Multiplication Associative Property 3rd Grade - Math Videos for Kids,Math_&_Learning_Videos_4_Kids,Year 4_8-9_Autumn__Multiplication and division A_13_Multiply three numbers,Multiply three numbers,current_1,available,public,True,processed,Multiplication Associative Property 3rd Grade - Math Videos for Kids
ivxknf9zCLc,Associative Property of Multiplication #shorts  #maths,Mr._Tom_Teaches_Again,Year 4_8-9_Autumn__Multiplication and division A_13_Multiply three numbers,Multiply three numbers,current_2,available,public,True,processed,Associative Property of Multiplication #shorts  #maths
YxmdGj1fVWw,"3rd Grade Math 4.6, Associative Property of Multiplication",JoAnn's_School,Year 4_8-9_Autumn__Multiplication and division A_13_Multiply three numbers,Multiply three numbers,current_3,available,public,True,processed,"3rd Grade Math 4.6, Associative Property of Multiplication"
cB9vfeNQeTQ,Multiples of 3 | Math with Mr. J,Math_with_Mr._J,Year 4_8-9_Autumn__Multiplication and division A_1_Multiples of 3,Multiples of 3,current_1,available,public,True,processed,Multiples of 3 | Math with Mr. J
6RGVTehngRc,What Are Multiples and How To Find Them,LaFountaine_of_Knowledge,Year 4_8-9_Autumn__Multiplication and division A_1_Multiples of 3,Multiples of 3,current_2,available,public,True,processed,What Are Multiples and How To Find Them
tORjhOkSXVU,Connect the 3 and 6 times tables | Multiplication | Year 4,Key_Stage_2_Maths,Year 4_8-9_Autumn__Multiplication and division A_2_Multiply and divide by 6,Multiply and divide by 6,current_1,available,public,True,processed,Connect the 3 and 6 times tables | Multiplication | Year 4
Dm4BeQuBBsE,Multiplication x6 | Multiplication Strategies | Year 4,Mathspace,Year 4_8-9_Autumn__Multiplication and division A_2_Multiply and divide by 6,Multiply and divide by 6,current_3,available,public,True,processed,Multiplication x6 | Multiplication Strategies | Year 4
WqX6OIRSiEA,Connect the 3 and 6 times tables by doubling and halving,Key_Stage_2_Maths,Year 4_8-9_Autumn__Multiplication and division A_3_6 times-table and division facts,6 times-table and division facts,current_2,available,public,True,processed,Connect the 3 and 6 times tables by doubling and halving
3y4N_5_R8ME,Patterns in a multiplication table,Khan_Academy,Year 4_8-9_Autumn__Multiplication and division A_3_6 times-table and division facts,6 times-table and division facts,current_3,available,public,True,processed,Patterns in a multiplication table
-75p57FK6o8,"3rd Grade Math 4.9, Multiply with 9",JoAnn's_School,Year 4_8-9_Autumn__Multiplication and division A_4_Multiply and divide by 9,Multiply and divide by 9,current_2,available,public,True,processed,"3rd Grade Math 4.9, Multiply with 9"
2WxLTvxIbHs,"3rd Grade Math 7.9, Divide by 9",JoAnn's_School,Year 4_8-9_Autumn__Multiplication and division A_4_Multiply and divide by 9,Multiply and divide by 9,current_3,available,public,True,processed,"3rd Grade Math 7.9, Divide by 9"
CuExyOJTtoQ,Factor 9 Strategies and Patterns,Math_Grizz,Year 4_8-9_Autumn__Multiplication and division A_5_9 times-table and division facts,9 times-table and division facts,current_2,available,public,True,processed,Factor 9 Strategies and Patterns
sAejVprybiQ,Multiplying and Dividing by 3's - Fact Families,Miacademy_&_MiaPrep_Learning_Channel,"Year 4_8-9_Autumn__Multiplication and division A_6_The 3, 6 and 9 times-tables","The 3, 6 and 9 times-tables",current_1,available,public,True,processed,Multiplying and Dividing by 3's - Fact Families
CzteWBBsWLM,Multiplication x7 | Multiplication Strategies | Year 4,Mathspace,Year 4_8-9_Autumn__Multiplication and division A_7_Multiply and divide by 7,Multiply and divide by 7,current_1,available,public,True,processed,Multiplication x7 | Multiplication Strategies | Year 4
senFllpAHTk,"3rd Grade Math 7.7, Divide by 7",JoAnn's_School,Year 4_8-9_Autumn__Multiplication and division A_7_Multiply and divide by 7,Multiply and divide by 7,current_2,available,public,True,processed,"3rd Grade Math 7.7, Divide by 7"
pEgp9BoE3ws,skip counting by 7s by Peter Weatherall,Peter_Weatherall,Year 4_8-9_Autumn__Multiplication and division A_7_Multiply and divide by 7,Multiply and divide by 7,current_3,available,public,True,processed,skip counting by 7s by Peter Weatherall
Ia-qEJZFbp0,Learning the 7 Times Table!,Maths_with_Mum,Year 4_8-9_Autumn__Multiplication and division A_8_7 times-table and division facts,7 times-table and division facts,current_3,available,public,True,processed,Learning the 7 Times Table!
EIzcpUSxvxY,11 times table,Key_Stage_2_Maths,Year 4_8-9_Autumn__Multiplication and division A_9_11 times-table and division facts,11 times-table and division facts,current_1,available,public,True,processed,11 times table
DdcPMgKhsak,Learn to divide by eleven.  Use related facts and arrays!,Mr._Tom_Teaches_Again,Year 4_8-9_Autumn__Multiplication and division A_9_11 times-table and division facts,11 times-table and division facts,current_2,available,public,True,processed,Learn to divide by eleven.  Use related facts and arrays!
nSjIqliyxdw,Multiply by 11 using Patterns,Math_Grizz,Year 4_8-9_Autumn__Multiplication and division A_9_11 times-table and division facts,11 times-table and division facts,current_3,available,public,True,processed,Multiply by 11 using Patterns
LVGK_wA0z8s,Comparing Numbers to the Millions - How to Compare and Order Whole Numbers,Miacademy_&_MiaPrep_Learning_Channel,"Year 4_8-9_Autumn__Place value_11_Compare numbers to 10,000","Compare numbers to 10,000",current_1,available,public,True,processed,Comparing Numbers to the Millions - How to Compare and Order Whole Numbers
nrOA1U5jH6Q,Comparing multi-digit numbers | Math | 4th grade | Khan Academy,Khan_Academy,"Year 4_8-9_Autumn__Place value_11_Compare numbers to 10,000","Compare numbers to 10,000",current_2,available,public,True,processed,Comparing multi-digit numbers | Math | 4th grade | Khan Academy
T5Qf0qSSJFI,Math Antics - Place Value,mathantics,"Year 4_8-9_Autumn__Place value_12_Order numbers to 10,000","Order numbers to 10,000",current_3,available,public,True,processed,Math Antics - Place Value
4hUXH8hWezU,Read Roman Numerals to 100,Key_Stage_2_Maths,Year 4_8-9_Autumn__Place value_13_Roman numerals,Roman numerals,current_1,available,public,True,processed,Read Roman Numerals to 100
P_qD1GJ1dR8,Math Antics - Roman Numerals,mathantics,Year 4_8-9_Autumn__Place value_13_Roman numerals,Roman numerals,current_2,available,public,True,processed,Math Antics - Roman Numerals
MVRzKsFbhVc,How Do You Read and Write Roman Numerals? | KS2 Maths Concept for Kids,Twinkl_Educational_Publishing,Year 4_8-9_Autumn__Place value_13_Roman numerals,Roman numerals,current_3,available,public,True,processed,How Do You Read and Write Roman Numerals? | KS2 Maths Concept for Kids
8Qwugoey0dQ,Rounding Numbers for Kids | Place Value & Rounding,Homeschool_Pop,Year 4_8-9_Autumn__Place value_14_Round to the nearest 10,Round to the nearest 10,current_1,available,public,True,processed,Rounding Numbers for Kids | Place Value & Rounding
PEXx6N9vgeU,Rounding Off Numbers To The Nearest 10 For Grade 3 | Tutway,TutWay,Year 4_8-9_Autumn__Place value_14_Round to the nearest 10,Round to the nearest 10,current_2,available,public,True,processed,Rounding Off Numbers To The Nearest 10 For Grade 3 | Tutway
cS3YJ6MDfnA,"3rd Grade Math 1.2, Round to the nearest ten or hundred",JoAnn's_School,Year 4_8-9_Autumn__Place value_14_Round to the nearest 10,Round to the nearest 10,current_3,available,public,True,processed,"3rd Grade Math 1.2, Round to the nearest ten or hundred"
lcFFYzr_SvE,"Grade 3 Math #1.2b, Round to nearest Hundreds place",JoAnn's_School,Year 4_8-9_Autumn__Place value_15_Round to the nearest 100,Round to the nearest 100,current_1,available,public,True,processed,"Grade 3 Math #1.2b, Round to nearest Hundreds place"
X_A8kluwQt0,Round 3-digit Numbers to the Nearest Hundred,tenframe,Year 4_8-9_Autumn__Place value_15_Round to the nearest 100,Round to the nearest 100,current_2,available,public,True,processed,Round 3-digit Numbers to the Nearest Hundred
IqPnbzaBUu0,How Do You Round to the Nearest 100? | KS2 Maths Concept for Kids,Twinkl_Educational_Publishing,Year 4_8-9_Autumn__Place value_15_Round to the nearest 100,Round to the nearest 100,current_3,available,public,True,processed,How Do You Round to the Nearest 100? | KS2 Maths Concept for Kids
DUyLQJXqytI,How Do You Round to the Nearest 1000? | KS2 Maths Concept for Kids,Twinkl_Educational_Publishing,"Year 4_8-9_Autumn__Place value_16_Round to the nearest 1,000","Round to the nearest 1,000",current_1,available,public,True,processed,How Do You Round to the Nearest 1000? | KS2 Maths Concept for Kids
rGot5xCGNPA,Round to the nearest 1000 | Place Value | Year 4,Key_Stage_2_Maths,"Year 4_8-9_Autumn__Place value_16_Round to the nearest 1,000","Round to the nearest 1,000",current_2,available,public,True,processed,Round to the nearest 1000 | Place Value | Year 4
Q78Eg7OM9Xw,"Number lines to 10,000 27 01 2021",Miss_Whatmough's_Distance_Learning_Channel,"Year 4_8-9_Autumn__Place value_3_Number line to 1,000","Number line to 1,000",current_3,available,public,True,processed,"Number lines to 10,000 27 01 2021"
BMxhEy4_zYw,"Thousands, Hundreds, Tens and Ones | Place Value | Maths with Mrs B.",Maths_with_Mrs_B,Year 4_8-9_Autumn__Place value_4_Thousands,Thousands,current_1,available,public,True,processed,"Thousands, Hundreds, Tens and Ones | Place Value | Maths with Mrs B."
QS32l5WhSuY,"Place Values For Kids | Ones, Tens, Hundreds, Thousands",Homeschool_Pop,Year 4_8-9_Autumn__Place value_4_Thousands,Thousands,current_2,available,public,True,processed,"Place Values For Kids | Ones, Tens, Hundreds, Thousands"
Uqwn-mVhcJI,"Working With Place Value - Value of Whole Numbers, How To Rename Whole Numbers",Miacademy_&_MiaPrep_Learning_Channel,Year 4_8-9_Autumn__Place value_4_Thousands,Thousands,current_3,available,public,True,processed,"Working With Place Value - Value of Whole Numbers, How To Rename Whole Numbers"
eLRMI2ZX5Qw,Writing numbers in words and standard form,Khan_Academy,"Year 4_8-9_Autumn__Place value_5_Represent numbers to 10,000","Represent numbers to 10,000",current_1,available,public,True,processed,Writing numbers in words and standard form
P4Ycw0g43bo,Partition four-digit numbers | Place Value | Year 4,Key_Stage_2_Maths,"Year 4_8-9_Autumn__Place value_6_Partition numbers to 10,000","Partition numbers to 10,000",current_1,available,public,True,processed,Partition four-digit numbers | Place Value | Year 4
zSsWJztVeKs,Partition six-digit numbers | Place Value | Year 5,Key_Stage_2_Maths,"Year 4_8-9_Autumn__Place value_6_Partition numbers to 10,000","Partition numbers to 10,000",current_2,available,public,True,processed,Partition six-digit numbers | Place Value | Year 5
a8vPAC6ERe4,Breaking up a number | Number and Place Value | Year 3,Mathspace,"Year 4_8-9_Autumn__Place value_7_Flexible partitioning of numbers to 10,000","Flexible partitioning of numbers to 10,000",current_1,available,public,True,processed,Breaking up a number | Number and Place Value | Year 3
E47aEu2FCzE,Place Value to the Millions - Representing Whole Numbers to the Millions,Miacademy_&_MiaPrep_Learning_Channel,"Year 4_8-9_Autumn__Place value_8_Find 1, 10, 100, 1,000 more or less","Find 1, 10, 100, 1,000 more or less",current_3,available,public,True,processed,Place Value to the Millions - Representing Whole Numbers to the Millions
Qv5ooC8PTrc,Counting by 100's,Math_Grizz,"Year 4_8-9_Autumn__Place value_9_Number line to 10,000","Number line to 10,000",current_3,available,public,True,processed,Counting by 100's
MPzWu7ZsE2A,Dividing by 100 Explained Clearly (With Decimals),Maths_with_Mrs_B,Year 4_8-9_Spring__Decimals A_10_Divide a 1- or 2-digit number by 100,Divide a 1- or 2-digit number by 100,current_1,available,public,True,processed,Dividing by 100 Explained Clearly (With Decimals)
9BL6TFzfrDs,"How Do You Divide by 10, 100 and 1000? | KS2 Maths Concept for Kids",Twinkl_Educational_Publishing,Year 4_8-9_Spring__Decimals A_10_Divide a 1- or 2-digit number by 100,Divide a 1- or 2-digit number by 100,current_2,available,public,True,processed,"How Do You Divide by 10, 100 and 1000? | KS2 Maths Concept for Kids"
rQIu2JNrBhQ,"Divide one-, two- or three-digit numbers by 100 - Your Turn",Key_Stage_2_Maths,Year 4_8-9_Spring__Decimals A_10_Divide a 1- or 2-digit number by 100,Divide a 1- or 2-digit number by 100,current_3,available,public,True,processed,"Divide one-, two- or three-digit numbers by 100 - Your Turn"
YrDYCwLIwI0,Converting Decimals and Fractions - How To Change Between Decimals and Fractions,Miacademy_&_MiaPrep_Learning_Channel,Year 4_8-9_Spring__Decimals A_1_Tenths as fractions,Tenths as fractions,current_1,available,public,True,processed,Converting Decimals and Fractions - How To Change Between Decimals and Fractions
Qox6MWwLrCw,"Fractions, decimals. Year 3. Find tenths. Divide an object in 10 equal parts. National Curriculum.",Primary_School_Made_Easy,Year 4_8-9_Spring__Decimals A_1_Tenths as fractions,Tenths as fractions,current_2,available,public,True,processed,"Fractions, decimals. Year 3. Find tenths. Divide an object in 10 equal parts. National Curriculum."
KgN_8OjBZwY,How to connect tenths and hundredths using models | Fractions | Year 4,Mathspace,Year 4_8-9_Spring__Decimals A_1_Tenths as fractions,Tenths as fractions,current_3,available,public,True,processed,How to connect tenths and hundredths using models | Fractions | Year 4
Pb7Ws695tnI,"Place Value to the Tenths - How To Read, Write, and Represent Decimals to the Tenths Place",Miacademy_&_MiaPrep_Learning_Channel,Year 4_8-9_Spring__Decimals A_2_Tenths as decimals,Tenths as decimals,current_1,available,public,True,processed,"Place Value to the Tenths - How To Read, Write, and Represent Decimals to the Tenths Place"
-xyR-Cdugmg,Convert between fractional and decimal tenths,Key_Stage_2_Maths,Year 4_8-9_Spring__Decimals A_2_Tenths as decimals,Tenths as decimals,current_2,available,public,True,processed,Convert between fractional and decimal tenths
mDXcD2IrQqI,"4th Grade Math 9.1, Relate Tenths and Decimals",JoAnn's_School,Year 4_8-9_Spring__Decimals A_2_Tenths as decimals,Tenths as decimals,current_3,available,public,True,processed,"4th Grade Math 9.1, Relate Tenths and Decimals"
BsZJGMRWEK0,Place Value to the Thousandths - Representing Decimal Numbers,Miacademy_&_MiaPrep_Learning_Channel,Year 4_8-9_Spring__Decimals A_3_Tenths on a place value chart,Tenths on a place value chart,current_3,available,public,True,processed,Place Value to the Thousandths - Representing Decimal Numbers
GhcKVxWGh18,Convert between fractional and decimal tenths beyond 1,Key_Stage_2_Maths,Year 4_8-9_Spring__Decimals A_4_Tenths on a number line,Tenths on a number line,current_3,available,public,True,processed,Convert between fractional and decimal tenths beyond 1
5f86npri6G0,Divide one- or two-digit numbers by 10 to make tenths,Key_Stage_2_Maths,Year 4_8-9_Spring__Decimals A_5_Divide a 1-digit number by 10,Divide a 1-digit number by 10,current_1,available,public,True,processed,Divide one- or two-digit numbers by 10 to make tenths
LEOIdN08d10,How Do You Divide by 10?  | KS2 Maths Concept for Kids,Twinkl_Educational_Publishing,Year 4_8-9_Spring__Decimals A_5_Divide a 1-digit number by 10,Divide a 1-digit number by 10,current_2,available,public,True,processed,How Do You Divide by 10?  | KS2 Maths Concept for Kids
vC9tzJdK-DE,Place Value Patterns - Multiplying and Dividing by Powers of 10,Miacademy_&_MiaPrep_Learning_Channel,Year 4_8-9_Spring__Decimals A_5_Divide a 1-digit number by 10,Divide a 1-digit number by 10,current_3,available,public,True,processed,Place Value Patterns - Multiplying and Dividing by Powers of 10
spLJcghtrBk,Learn to Divide by 10 Fast! (Decimals Made Simple),Maths_with_Mrs_B,Year 4_8-9_Spring__Decimals A_6_Divide a 2-digit number by 10,Divide a 2-digit number by 10,current_1,available,public,True,processed,Learn to Divide by 10 Fast! (Decimals Made Simple)
_jcW-ZgpRbM,Math Antics - Converting Base-10 Fractions,mathantics,Year 4_8-9_Spring__Decimals A_7_Hundredths as fractions,Hundredths as fractions,current_2,available,public,True,processed,Math Antics - Converting Base-10 Fractions
ZzPLxoh3Fcg,"4th Grade Math 9.2, Relate Hundreths and Decimals",JoAnn's_School,Year 4_8-9_Spring__Decimals A_9_Hundredths on a place value chart,Hundredths on a place value chart,current_2,available,public,True,processed,"4th Grade Math 9.2, Relate Hundreths and Decimals"
SQ-L67OK6Mg,Equivalent Fractions Using Models | Math with Mr. J,Math_with_Mr._J,Year 4_8-9_Spring__Fractions_10_Equivalent fraction families,Equivalent fraction families,current_1,available,public,True,processed,Equivalent Fractions Using Models | Math with Mr. J
R6wT2nxajxA,Equivalent Fractions Using Fraction Strips (Practice Problems Included) | Math with Mr. J,Math_with_Mr._J,Year 4_8-9_Spring__Fractions_10_Equivalent fraction families,Equivalent fraction families,current_3,available,public,True,processed,Equivalent Fractions Using Fraction Strips (Practice Problems Included) | Math with Mr. J
vbcFZvIXMk8,Adding Fractions - Fractions for Kids - Common Denominator,Primary_School_Made_Easy,Year 4_8-9_Spring__Fractions_11_Add two or more fractions,Add two or more fractions,current_1,available,public,True,processed,Adding Fractions - Fractions for Kids - Common Denominator
pynfj2bYRms,Math Antics - Adding Mixed Numbers,mathantics,Year 4_8-9_Spring__Fractions_12_Add fractions and mixed numbers,Add fractions and mixed numbers,current_1,available,public,True,processed,Math Antics - Adding Mixed Numbers
viBeAiL3qBw,"Adding Fractions Greater Than 1 - Adding Mixed Numbers, Regrouping, and Simplifying Answers",Miacademy_&_MiaPrep_Learning_Channel,Year 4_8-9_Spring__Fractions_12_Add fractions and mixed numbers,Add fractions and mixed numbers,current_2,available,public,True,processed,"Adding Fractions Greater Than 1 - Adding Mixed Numbers, Regrouping, and Simplifying Answers"
4TBVB4hLQhY,Adding mixed numbers | Fractions | Pre-Algebra | Khan Academy,Khan_Academy,Year 4_8-9_Spring__Fractions_12_Add fractions and mixed numbers,Add fractions and mixed numbers,current_3,available,public,True,processed,Adding mixed numbers | Fractions | Pre-Algebra | Khan Academy
UbUdyE1_b9g,Subtracting fractions with like denominators | Fractions | Pre-Algebra | Khan Academy,Khan_Academy,Year 4_8-9_Spring__Fractions_13_Subtract two fractions,Subtract two fractions,current_1,available,public,True,processed,Subtracting fractions with like denominators | Fractions | Pre-Algebra | Khan Academy
4thRKrH4-JE,Adding and Subtracting Fractions - How To Add and Subtract Fractions With Common Denominators,Miacademy_&_MiaPrep_Learning_Channel,Year 4_8-9_Spring__Fractions_13_Subtract two fractions,Subtract two fractions,current_2,deleted,deleted,False,deleted,
YX7SkAfQncg,Subtracting Fractions Greater Than 1 - Subtracting Mixed Numbers and Regrouping,Miacademy_&_MiaPrep_Learning_Channel,Year 4_8-9_Spring__Fractions_14_Subtract from whole amounts,Subtract from whole amounts,current_1,available,public,True,processed,Subtracting Fractions Greater Than 1 - Subtracting Mixed Numbers and Regrouping
Roi6kEkQ9QU,Adding and Subtracting Fractions - Unlike Denominators for 6th Grade,Miacademy_&_MiaPrep_Learning_Channel,Year 4_8-9_Spring__Fractions_14_Subtract from whole amounts,Subtract from whole amounts,current_2,available,public,True,processed,Adding and Subtracting Fractions - Unlike Denominators for 6th Grade
ORyhjp3-HYI,Subtracting Mixed Numbers (Unlike Denominators) | Math with Mr. J,Math_with_Mr._J,Year 4_8-9_Spring__Fractions_15_Subtract from mixed numbers,Subtract from mixed numbers,current_1,available,public,True,processed,Subtracting Mixed Numbers (Unlike Denominators) | Math with Mr. J
qk2oP6FZ6HA,Math Antics - Mixed Numbers,mathantics,Year 4_8-9_Spring__Fractions_2_Count beyond 1,Count beyond 1,current_1,available,public,True,processed,Math Antics - Mixed Numbers
T2zgQnCnz8M,Improper Fractions on a Number Line | Concept and Examples,Cuemath_Academy,Year 4_8-9_Spring__Fractions_2_Count beyond 1,Count beyond 1,current_2,available,public,True,processed,Improper Fractions on a Number Line | Concept and Examples
t17klBcvEqY,What are improper fractions and mixed numbers? | Fractions | Mathspace,Mathspace,Year 4_8-9_Spring__Fractions_2_Count beyond 1,Count beyond 1,current_3,available,public,True,processed,What are improper fractions and mixed numbers? | Fractions | Mathspace
TPS3FKO7tI0,Mixed Numbers - How To Convert Mixed Numbers and Improper Fractions,Miacademy_&_MiaPrep_Learning_Channel,Year 4_8-9_Spring__Fractions_3_Partition a mixed number,Partition a mixed number,current_1,available,public,True,processed,Mixed Numbers - How To Convert Mixed Numbers and Improper Fractions
rmUh0BJjbio,"4th Grade Math 7.6, Rename Fractions and Mixed Numbers",JoAnn's_School,Year 4_8-9_Spring__Fractions_3_Partition a mixed number,Partition a mixed number,current_2,available,public,True,processed,"4th Grade Math 7.6, Rename Fractions and Mixed Numbers"
9iSJKS9Qb_4,Improper Fractions and Mixed Numbers - Represent and Convert Fractions Greater Than 1,Miacademy_&_MiaPrep_Learning_Channel,Year 4_8-9_Spring__Fractions_3_Partition a mixed number,Partition a mixed number,current_3,available,public,True,processed,Improper Fractions and Mixed Numbers - Represent and Convert Fractions Greater Than 1
fGo8tgHOX2w,Mixed Numbers on a Number Line,Christa_Perkins,Year 4_8-9_Spring__Fractions_4_Number lines with mixed numbers,Number lines with mixed numbers,current_1,available,public,True,processed,Mixed Numbers on a Number Line
urMzBIKPcWY,Math 38: Fractions and Mixed Numbers on a Number Line,Kelli_Juodikis,Year 4_8-9_Spring__Fractions_4_Number lines with mixed numbers,Number lines with mixed numbers,current_2,available,public,True,processed,Math 38: Fractions and Mixed Numbers on a Number Line
pY5paeuAzAk,1060.Representing Mixed Fraction on a Number Line,Arinjay_Academy,Year 4_8-9_Spring__Fractions_4_Number lines with mixed numbers,Number lines with mixed numbers,current_3,available,public,True,processed,1060.Representing Mixed Fraction on a Number Line
5pT9gVRxKJc,B.6.4 - Comparing Mixed Numbers,Math_055_-_Dr._Masaros,Year 4_8-9_Spring__Fractions_5_Compare and order mixed numbers,Compare and order mixed numbers,current_1,available,public,True,processed,B.6.4 - Comparing Mixed Numbers
K6G7QqI7RNk,Comparing and Ordering Fractions - Find Common Denominators to Sequence Fractions,Miacademy_&_MiaPrep_Learning_Channel,Year 4_8-9_Spring__Fractions_5_Compare and order mixed numbers,Compare and order mixed numbers,current_2,available,public,True,processed,Comparing and Ordering Fractions - Find Common Denominators to Sequence Fractions
oDtcFVOZR3c,How to Compare and Order Mixed Numbers with Ease| Math Dot Com,Math_Dot_Com,Year 4_8-9_Spring__Fractions_5_Compare and order mixed numbers,Compare and order mixed numbers,current_3,available,public,True,processed,How to Compare and Order Mixed Numbers with Ease| Math Dot Com
pWJzqTYS8no,Fractions on the Number Line - Math Antics,mathantics,Year 4_8-9_Spring__Fractions_6_Understand improper fractions,Understand improper fractions,current_2,available,public,True,processed,Fractions on the Number Line - Math Antics
UOqLF0UiLqs,Improper Fractions - Fractions Greater Than 1,Miacademy_&_MiaPrep_Learning_Channel,Year 4_8-9_Spring__Fractions_6_Understand improper fractions,Understand improper fractions,current_3,available,public,True,processed,Improper Fractions - Fractions Greater Than 1
n5JwML3Ge50,Convert a Mixed Number to an Improper Fraction | Fractions Made Simple for Students & Parents,Mr._Hall's_Math_&_Science,Year 4_8-9_Spring__Fractions_7_Convert mixed numbers to improper fractions,Convert mixed numbers to improper fractions,current_2,available,public,True,processed,Convert a Mixed Number to an Improper Fraction | Fractions Made Simple for Students & Parents
enk7J8uSIyU,Converting Improper Fractions and Mixed Numbers | Improper Fractions ⇄ Mixed Numbers,Math_with_Mr._J,Year 4_8-9_Spring__Fractions_8_Convert improper fractions to mixed numbers,Convert improper fractions to mixed numbers,current_1,available,public,True,processed,Converting Improper Fractions and Mixed Numbers | Improper Fractions ⇄ Mixed Numbers
BqYVSSieQCo,Equivalent Fractions on the Number Line | Easy Explanation for Kids,Cuemath_Academy,Year 4_8-9_Spring__Fractions_9_Equivalent fractions on a number line,Equivalent fractions on a number line,current_2,available,public,True,processed,Equivalent Fractions on the Number Line | Easy Explanation for Kids
CcrzyOqFmTU,"Common metric units of length: kilometers, meters, centimeters & millimeters (3rd grade math)",Math_Mammoth,Year 4_8-9_Spring__Length and perimeter_1_Measure in kilometres and metres,Measure in kilometres and metres,current_1,available,public,True,processed,"Common metric units of length: kilometers, meters, centimeters & millimeters (3rd grade math)"
A0MEl6aLSaM,"Metric Units of Length | Length Unit Conversion | Convert mm, cm, m and km | Math",TutWay,Year 4_8-9_Spring__Length and perimeter_2_Equivalent lengths (kilometres and metres),Equivalent lengths (kilometres and metres),current_2,available,public,True,processed,"Metric Units of Length | Length Unit Conversion | Convert mm, cm, m and km | Math"
CKhTsEBoYbQ,"3rd Grade Math 11.1, Model Perimeter",JoAnn's_School,Year 4_8-9_Spring__Length and perimeter_3_Perimeter on a grid,Perimeter on a grid,current_2,embedding_disabled,public,False,processed,"3rd Grade Math 11.1, Model Perimeter"
PUnimFre8Nc,How Do You Calculate the Perimeter of Rectilinear Shapes? | KS2 Maths Concept for Kids,Twinkl_Educational_Publishing,Year 4_8-9_Spring__Length and perimeter_6_Find missing lengths in rectilinear shapes,Find missing lengths in rectilinear shapes,current_1,available,public,True,processed,How Do You Calculate the Perimeter of Rectilinear Shapes? | KS2 Maths Concept for Kids
VLzQ_NFs0Sw,How Do You Find the Perimeter of a Polygon? | KS2 Maths Concept for Kids,Twinkl_Educational_Publishing,Year 4_8-9_Spring__Length and perimeter_8_Perimeter of regular polygons,Perimeter of regular polygons,current_2,available,public,True,processed,How Do You Find the Perimeter of a Polygon? | KS2 Maths Concept for Kids
FJ5qLWP3Fqo,Math Antics - Multi-Digit Multiplication Pt 1,mathantics,Year 4_8-9_Spring__Multiplication and division B_10_Multiply a 3-digit number by a 1-digit number,Multiply a 3-digit number by a 1-digit number,current_1,available,public,True,processed,Math Antics - Multi-Digit Multiplication Pt 1
3FPo7bFi4KI,Basic Math: Multiply 3 digits with 1 digit |  iken | ikenedu | ikenApp,Iken_Edu,Year 4_8-9_Spring__Multiplication and division B_10_Multiply a 3-digit number by a 1-digit number,Multiply a 3-digit number by a 1-digit number,current_3,available,public,True,processed,Basic Math: Multiply 3 digits with 1 digit |  iken | ikenedu | ikenApp
y_FDAv-9lXY,Divide using long division,Key_Stage_2_Maths,Year 4_8-9_Spring__Multiplication and division B_11_Divide a 2-digit number by a 1-digit number (1),Divide a 2-digit number by a 1-digit number (1),current_2,available,public,True,processed,Divide using long division
7bp6NK5UkQE,How Do You Calculate Short Division with Remainders? | KS2 Maths Concept for Kids,Twinkl_Educational_Publishing,Year 4_8-9_Spring__Multiplication and division B_12_Divide a 2-digit number by a 1-digit number (2),Divide a 2-digit number by a 1-digit number (2),current_1,available,public,True,processed,How Do You Calculate Short Division with Remainders? | KS2 Maths Concept for Kids
S_tLDYnI04c,Long Division With Multidigit Divisors: Part 2 - Interpret Remainders,Miacademy_&_MiaPrep_Learning_Channel,Year 4_8-9_Spring__Multiplication and division B_12_Divide a 2-digit number by a 1-digit number (2),Divide a 2-digit number by a 1-digit number (2),current_2,available,public,True,processed,Long Division With Multidigit Divisors: Part 2 - Interpret Remainders
-b6wQ5twMOo,Divide a three-digit number by a single-digit number using short division | Division | Year 4,Key_Stage_2_Maths,Year 4_8-9_Spring__Multiplication and division B_13_Divide a 3-digit number by a 1-digit number,Divide a 3-digit number by a 1-digit number,current_1,available,public,True,processed,Divide a three-digit number by a single-digit number using short division | Division | Year 4
bv3IiSXqBLQ,What Is Short Division without Exchanging? | KS2 Maths Concept for Kids,Twinkl_Educational_Publishing,Year 4_8-9_Spring__Multiplication and division B_13_Divide a 3-digit number by a 1-digit number,Divide a 3-digit number by a 1-digit number,current_2,available,public,True,processed,What Is Short Division without Exchanging? | KS2 Maths Concept for Kids
D7PelKmv-jI,Short division (bus stop method) 3 digits divided by 1 digit using place value counters,Maths_4_Kids,Year 4_8-9_Spring__Multiplication and division B_13_Divide a 3-digit number by a 1-digit number,Divide a 3-digit number by a 1-digit number,current_3,available,public,True,processed,Short division (bus stop method) 3 digits divided by 1 digit using place value counters
VU1JcEy0G-E,Single-Digit × Multidigit Multiplication - Strategies for Multiplying Bigger Numbers,Miacademy_&_MiaPrep_Learning_Channel,Year 4_8-9_Spring__Multiplication and division B_15_Efficient multiplication,Efficient multiplication,current_2,available,public,True,processed,Single-Digit × Multidigit Multiplication - Strategies for Multiplying Bigger Numbers
KcKOM7Degu0,Understanding factor pairs,Khan_Academy,Year 4_8-9_Spring__Multiplication and division B_1_Factor pairs,Factor pairs,current_1,available,public,True,processed,Understanding factor pairs
UG0wZ5C6D-0,Factor Pairs Explained | How to Find Factor Pairs of Numbers Step-by-Step for Beginners,Jonathan_Jay_Maths,Year 4_8-9_Spring__Multiplication and division B_1_Factor pairs,Factor pairs,current_2,available,public,True,processed,Factor Pairs Explained | How to Find Factor Pairs of Numbers Step-by-Step for Beginners
1EVXoK8pxqc,Learn what factors are and how to find them!,Mr._Tom_Teaches_Again,Year 4_8-9_Spring__Multiplication and division B_1_Factor pairs,Factor pairs,current_3,available,public,True,processed,Learn what factors are and how to find them!
FX-Z3bEzhDE,Finding factors | Multiplication and Division | Year 5,Mathspace,Year 4_8-9_Spring__Multiplication and division B_2_Use factor pairs,Use factor pairs,current_1,available,public,True,processed,Finding factors | Multiplication and Division | Year 5
rJcxEktyuRY,What are Factors and How Are They Used? | KS2 Maths Concept for Kids,Twinkl_Educational_Publishing,Year 4_8-9_Spring__Multiplication and division B_2_Use factor pairs,Use factor pairs,current_2,available,public,True,processed,What are Factors and How Are They Used? | KS2 Maths Concept for Kids
ndB3GJZe-tQ,How Do You Multiply by 10? | KS2 Maths Concept for Kids,Twinkl_Educational_Publishing,Year 4_8-9_Spring__Multiplication and division B_3_Multiply by 10,Multiply by 10,current_1,available,public,True,processed,How Do You Multiply by 10? | KS2 Maths Concept for Kids
v1G6PXayO3Q,"1: Not the Great Big Hen (multiplying integers by 10, 100).m4v",ScrivenTV,Year 4_8-9_Spring__Multiplication and division B_4_Multiply by 100,Multiply by 100,current_1,available,public,True,processed,"1: Not the Great Big Hen (multiplying integers by 10, 100).m4v"
E1nW9trAZbA,How Do You Multiply by 100? | KS2 Maths Concept for Kids,Twinkl_Educational_Publishing,Year 4_8-9_Spring__Multiplication and division B_4_Multiply by 100,Multiply by 100,current_2,available,public,True,processed,How Do You Multiply by 100? | KS2 Maths Concept for Kids
ECQAIfTyc00,Multiplying or dividing by 100 or 1000 | Number | Year 6,Mathspace,Year 4_8-9_Spring__Multiplication and division B_4_Multiply by 100,Multiply by 100,current_3,available,public,True,processed,Multiplying or dividing by 100 or 1000 | Number | Year 6
dmL1c3Dl_kU,"Year 5 Maths. Multiply and Divide Units by 10 | Decimals, place value, UK National Curriculum, KS2.",Primary_School_Made_Easy,Year 4_8-9_Spring__Multiplication and division B_6_Divide by 100,Divide by 100,current_2,available,public,True,processed,"Year 5 Maths. Multiply and Divide Units by 10 | Decimals, place value, UK National Curriculum, KS2."
gTIJ1yyeqvs,How Do You Divide by 100?  | KS2 Maths Concept for Kids,Twinkl_Educational_Publishing,Year 4_8-9_Spring__Multiplication and division B_6_Divide by 100,Divide by 100,current_3,available,public,True,processed,How Do You Divide by 100?  | KS2 Maths Concept for Kids
7tM2QBoQrtI,Multiplying and Dividing by 8's - Patterns and Fact Families,Miacademy_&_MiaPrep_Learning_Channel,Year 4_8-9_Spring__Multiplication and division B_7_Related facts – multiplication and division,Related facts – multiplication and division,current_1,available,public,True,processed,Multiplying and Dividing by 8's - Patterns and Fact Families
tm-TQKA85do,Multiply by a two-digit number using the column method | Multiplication | Year 3,Key_Stage_2_Maths,Year 4_8-9_Spring__Multiplication and division B_9_Multiply a 2-digit number by a 1-digit number,Multiply a 2-digit number by a 1-digit number,current_2,available,public,True,processed,Multiply by a two-digit number using the column method | Multiplication | Year 3
NOqvIXvjscI,How Do You Use Written Short Multiplication? | KS2 Maths Concept for Kids,Twinkl_Educational_Publishing,Year 4_8-9_Spring__Multiplication and division B_9_Multiply a 2-digit number by a 1-digit number,Multiply a 2-digit number by a 1-digit number,current_3,available,public,True,processed,How Do You Use Written Short Multiplication? | KS2 Maths Concept for Kids
e5sKcnfqTU4,Decimals: Make a whole one,Thomas_Brooks,Year 4_8-9_Summer__Decimals B_1_Make a whole with tenths,Make a whole with tenths,current_3,available,public,True,processed,Decimals: Make a whole one
7J33RRYnfRU,Adding and Subtracting Decimals - How To Use Algorithms to Solve Decimal Math Problems,Miacademy_&_MiaPrep_Learning_Channel,Year 4_8-9_Summer__Decimals B_2_Make a whole with hundredths,Make a whole with hundredths,current_3,available,public,True,processed,Adding and Subtracting Decimals - How To Use Algorithms to Solve Decimal Math Problems
3NUZbIwI4pY,Partition decimals into tenths and hundredths | Decimals | Year 4,Key_Stage_2_Maths,Year 4_8-9_Summer__Decimals B_3_Partition decimals,Partition decimals,current_2,available,public,True,processed,Partition decimals into tenths and hundredths | Decimals | Year 4
WQ24L3R9bx0,How to partition numbers with decimals | Decimals | Mathspace,Mathspace,Year 4_8-9_Summer__Decimals B_3_Partition decimals,Partition decimals,current_3,available,public,True,processed,How to partition numbers with decimals | Decimals | Mathspace
rALUd3wW29s,Comparing Decimal Numbers - Math Antics Extras,mathantics,Year 4_8-9_Summer__Decimals B_5_Compare decimals,Compare decimals,current_1,available,public,True,processed,Comparing Decimal Numbers - Math Antics Extras
O_o4sBDujy8,Comparing Decimals (Practice Problems Included) | Math with Mr. J,Math_with_Mr._J,Year 4_8-9_Summer__Decimals B_5_Compare decimals,Compare decimals,current_2,available,public,True,processed,Comparing Decimals | Step-by-Step Examples + Practice | Math with Mr. J
id1vc2etwNU,Comparing and Ordering Decimals and Fractions - Learn To Compare Numbers for Kids,Miacademy_&_MiaPrep_Learning_Channel,Year 4_8-9_Summer__Decimals B_5_Compare decimals,Compare decimals,current_3,available,public,True,processed,Comparing and Ordering Decimals and Fractions - Learn To Compare Numbers for Kids
7uswMjH8cVk,Ordering Decimals (Practice Problems Included) | Math with Mr. J,Math_with_Mr._J,Year 4_8-9_Summer__Decimals B_6_Order decimals,Order decimals,current_2,available,public,True,processed,Ordering Decimals (Practice Problems Included) | Math with Mr. J
lw-z4AGhzgU,How Do You Round Decimals? | KS2 Maths Concept for Kids,Twinkl_Educational_Publishing,Year 4_8-9_Summer__Decimals B_7_Round to the nearest whole number,Round to the nearest whole number,current_3,available,public,True,processed,How Do You Round Decimals? | KS2 Maths Concept for Kids
YqViY_4hWXk,"Write a quarter, a half or three quarters as a decimal",Key_Stage_2_Maths,Year 4_8-9_Summer__Decimals B_8_Halves and quarters as decimals,Halves and quarters as decimals,current_1,available,public,True,processed,"Write a quarter, a half or three quarters as a decimal"
4XXDN1Ykmrg,Write unit fractions as decimals,Key_Stage_2_Maths,Year 4_8-9_Summer__Decimals B_8_Halves and quarters as decimals,Halves and quarters as decimals,current_2,available,public,True,processed,Write unit fractions as decimals
y0KyPyLaQXo,"6th Grade Math 5.5b, Converting Fractions and Decimals to Solve Problems",JoAnn's_School,Year 4_8-9_Summer__Decimals B_8_Halves and quarters as decimals,Halves and quarters as decimals,current_3,available,public,True,processed,"6th Grade Math 5.5b, Converting Fractions and Decimals to Solve Problems"
Bez7808z8Wo,Week 2 Lesson 3 Pounds and pence,Year_4_EBP,Year 4_8-9_Summer__Money_1_Write money using decimals,Write money using decimals,current_3,available,public,True,processed,Week 2 Lesson 3 Pounds and pence
hhRG5ketnvM,Year 4 week 11 Maths 3 - Estimating Money,Harrison_primary,Year 4_8-9_Summer__Money_4_Estimate with money,Estimate with money,current_1,available,public,True,processed,Year 4 week 11 Maths 3 - Estimating Money
MxKEu-zb28E,Estimation In Maths,Minity_Maths,Year 4_8-9_Summer__Money_4_Estimate with money,Estimate with money,current_2,available,public,True,processed,Estimation In Maths
enJeVmqonyE,"G.E.D. Math  3a, Estimating to solve problems",JoAnn's_School,Year 4_8-9_Summer__Money_4_Estimate with money,Estimate with money,current_3,available,public,True,processed,"G.E.D. Math  3a, Estimating to solve problems"
Pp-1wLYZSn0,"4th Grade Math 9.5, Word Problem Solving, Money",JoAnn's_School,Year 4_8-9_Summer__Money_5_Calculate with money,Calculate with money,current_3,available,public,True,processed,"4th Grade Math 9.5, Word Problem Solving, Money"
vkuxGE4apaQ,"2nd Grade Math 7.7, Word Problem Solving, Money",JoAnn's_School,Year 4_8-9_Summer__Money_6_Solve problems with money,Solve problems with money,current_3,embedding_disabled,public,False,processed,"2nd Grade Math 7.7, Word Problem Solving, Money"
s9veiG_ZS8o,Introduction to the Coordinate Plane - Writing Ordered Pairs,Miacademy_&_MiaPrep_Learning_Channel,Year 4_8-9_Summer__Position and direction_1_Describe position using coordinates,Describe position using coordinates,current_1,available,public,True,processed,Introduction to the Coordinate Plane - Writing Ordered Pairs
viC3uKc1BU8,"5th Grade Math 9.2, Ordered Pairs, Identify & Plot Points on a Coordinate Grid",JoAnn's_School,Year 4_8-9_Summer__Position and direction_1_Describe position using coordinates,Describe position using coordinates,current_2,available,public,True,processed,"5th Grade Math 9.2, Ordered Pairs, Identify & Plot Points on a Coordinate Grid"
4OyC5g3mQVg,Coordinate Planes,Math_Grizz,Year 4_8-9_Summer__Position and direction_1_Describe position using coordinates,Describe position using coordinates,current_3,available,public,True,processed,Coordinate Planes
HmRe1-c6IB8,Plotting Points: Part 1 - How To Plot Points and Identify Quadrants,Miacademy_&_MiaPrep_Learning_Channel,Year 4_8-9_Summer__Position and direction_2_Plot coordinates,Plot coordinates,current_1,available,public,True,processed,Plotting Points: Part 1 - How To Plot Points and Identify Quadrants
-qXGJC5SifM,Plotting Points - Learn to Graph Coordinates,Miacademy_&_MiaPrep_Learning_Channel,Year 4_8-9_Summer__Position and direction_2_Plot coordinates,Plot coordinates,current_3,available,public,True,processed,Plotting Points - Learn to Graph Coordinates
rLY4x4Ou3cI,How Do You Find Missing Coordinates? | KS2 Maths Concept for Kids,Twinkl_Educational_Publishing,Year 4_8-9_Summer__Position and direction_3_Draw 2-D shapes on a grid,Draw 2-D shapes on a grid,current_1,available,public,True,processed,How Do You Find Missing Coordinates? | KS2 Maths Concept for Kids
l6-SZcVNWfM,Graphing: Distance in Coordinate Grid - Prealgebra 1 for Kids and Teens!,Miacademy_&_MiaPrep_Learning_Channel,Year 4_8-9_Summer__Position and direction_3_Draw 2-D shapes on a grid,Draw 2-D shapes on a grid,current_2,available,public,True,processed,Graphing: Distance in Coordinate Grid - Prealgebra 1 for Kids and Teens!
4CCIALkzkZ0,Four Quadrant Coordinates,David_Todd,Year 4_8-9_Summer__Position and direction_3_Draw 2-D shapes on a grid,Draw 2-D shapes on a grid,current_3,available,public,True,processed,Four Quadrant Coordinates
tuAbrWDpWAU,Translate a shape - Testbase questions,Key_Stage_2_Maths,Year 4_8-9_Summer__Position and direction_4_Translate on a grid,Translate on a grid,current_1,available,public,True,processed,Translate a shape - Testbase questions
epAjCVvwTQQ,Describing Translations – Learn To Describe and Perform Translations,Miacademy_&_MiaPrep_Learning_Channel,Year 4_8-9_Summer__Position and direction_4_Translate on a grid,Translate on a grid,current_2,available,public,True,processed,Describing Translations – Learn To Describe and Perform Translations
FAo_sfb_JZ8,"8th Grade Math 9.1c, Graphing Translations",JoAnn's_School,Year 4_8-9_Summer__Position and direction_4_Translate on a grid,Translate on a grid,current_3,available,public,True,processed,"8th Grade Math 9.1c, Graphing Translations"
xhiR6vsUcdY,Performing Translations - Geometry Transformations Practice,Miacademy_&_MiaPrep_Learning_Channel,Year 4_8-9_Summer__Position and direction_5_Describe translation on a grid,Describe translation on a grid,current_3,available,public,True,processed,Performing Translations - Geometry Transformations Practice
LSsv5lEvjuk,Learn Clockwise and Anticlockwise for Maths - Directions and positions,Learn_with_fun,Year 4_8-9_Summer__Shape_1_Understand angles as turns,Understand angles as turns,current_1,available,public,True,processed,Learn Clockwise and Anticlockwise for Maths - Directions and positions
Da5WXyRwuZw,Learn all about triangles!  Get the details triangles and what kinds there are.,Mr._Tom_Teaches_Again,Year 4_8-9_Summer__Shape_4_Triangles,Triangles,current_1,available,public,True,processed,Learn all about triangles!  Get the details triangles and what kinds there are.
EjyVTEALoeo,Triangles - Naming Triangles and Missing Angle Measurements,Miacademy_&_MiaPrep_Learning_Channel,Year 4_8-9_Summer__Shape_4_Triangles,Triangles,current_3,deleted,deleted,False,deleted,
Wzb6tpeo3uc,Quadrilaterals | MightyOwl Math | 3rd Grade,MightyOwl,Year 4_8-9_Summer__Shape_5_Quadrilaterals,Quadrilaterals,current_1,available,public,True,processed,Quadrilaterals | MightyOwl Math | 3rd Grade
PbSxDvT-Phs,"Quadrilaterals - Naming Quadrilaterals: Parallelograms, Trapezoids, Rectangles, and More!",Miacademy_&_MiaPrep_Learning_Channel,Year 4_8-9_Summer__Shape_5_Quadrilaterals,Quadrilaterals,current_2,available,public,True,processed,"Quadrilaterals - Naming Quadrilaterals: Parallelograms, Trapezoids, Rectangles, and More!"
IaoZhhx_I9s,Math Antics - Polygons,mathantics,Year 4_8-9_Summer__Shape_6_Polygons,Polygons,current_1,available,public,True,processed,Math Antics - Polygons
DLwRoUUS1_0,Polygons - Learn About 2D Shapes for 2nd-Grade Math,Miacademy_&_MiaPrep_Learning_Channel,Year 4_8-9_Summer__Shape_6_Polygons,Polygons,current_2,available,public,True,processed,Polygons - Learn About 2D Shapes for 2nd-Grade Math
mGrst2zkCl8,What is a Polygon? | An Introductory Guide,Math_with_Mr._J,Year 4_8-9_Summer__Shape_6_Polygons,Polygons,current_3,available,public,True,processed,What is a Polygon? | An Introductory Guide
gk_aNbgfjT8,How Do You Find Lines of Symmetry? | KS2 Maths Concept for Kids,Twinkl_Educational_Publishing,Year 4_8-9_Summer__Shape_7_Lines of symmetry,Lines of symmetry,current_3,available,public,True,processed,How Do You Find Lines of Symmetry? | KS2 Maths Concept for Kids
GN5wPBRNw0Q,Representing and Interpreting Data - How To Read a Graph,Miacademy_&_MiaPrep_Learning_Channel,Year 4_8-9_Summer__Statistics_1_Interpret charts,Interpret charts,current_1,available,public,True,processed,Representing and Interpreting Data - How To Read a Graph
dLXVJIo6ils,Find the difference between two single-digit numbers,Key_Stage_2_Maths,"Year 4_8-9_Summer__Statistics_2_Comparison, sum and difference","Comparison, sum and difference",current_1,available,public,True,processed,Find the difference between two single-digit numbers
1BHMQFEEnqI,"2nd Grade Math 10.2, Read Picture Graphs",JoAnn's_School,"Year 4_8-9_Summer__Statistics_2_Comparison, sum and difference","Comparison, sum and difference",current_3,available,public,True,processed,"2nd Grade Math 10.2, Read Picture Graphs"
p99utFBzGcU,Learn all about line graphs and how to make one!,Mr._Tom_Teaches_Again,Year 4_8-9_Summer__Statistics_3_Interpret line graphs,Interpret line graphs,current_1,available,public,True,processed,Learn all about line graphs and how to make one!
Ua3CmWiFZKI,"5th Grade Math 9.4, Line Graphs",JoAnn's_School,Year 4_8-9_Summer__Statistics_3_Interpret line graphs,Interpret line graphs,current_2,available,public,True,processed,"5th Grade Math 9.4, Line Graphs"
xpGfvClXhX0,How Do You Construct a Line Graph? | KS2 Maths Concept for Kids,Twinkl_Educational_Publishing,Year 4_8-9_Summer__Statistics_4_Draw line graphs,Draw line graphs,current_3,available,public,True,processed,How Do You Construct a Line Graph? | KS2 Maths Concept for Kids
MAwnrgyWZ30,"Grade 4 Math 12.8b, Weeks, Months, Years, Leap Year",JoAnn's_School,"Year 4_8-9_Summer__Time_1_Years, months, weeks and days","Years, months, weeks and days",current_2,available,public,True,processed,"Grade 4 Math 12.8b, Weeks, Months, Years, Leap Year"
XcMzyC2FITo,"Years, Months, Weeks And Days | Mathematics Grade 4 | Periwinkle",Periwinkle,"Year 4_8-9_Summer__Time_1_Years, months, weeks and days","Years, months, weeks and days",current_3,available,public,True,processed,"Years, Months, Weeks And Days | Mathematics Grade 4 | Periwinkle"
Ib84G7OQY1k,How Do You Convert Between Analogue and Digital 24 Hour Time? | KS2 Maths Concept for Kids,Twinkl_Educational_Publishing,Year 4_8-9_Summer__Time_3_Convert between analogue and digital times,Convert between analogue and digital times,current_2,available,public,True,processed,How Do You Convert Between Analogue and Digital 24 Hour Time? | KS2 Maths Concept for Kids
GIsD6Y8uosU,Tell Time to 5 minutes | Grade 2,THE_MATH_PLANET,Year 4_8-9_Summer__Time_3_Convert between analogue and digital times,Convert between analogue and digital times,current_3,available,public,True,processed,Tell Time to 5 minutes | Grade 2
5h2OMqAo4Pw,24 Hour Clock System | Mathematics | Grade 5 | Tutway,TutWay,Year 4_8-9_Summer__Time_4_Convert to the 24-hour clock,Convert to the 24-hour clock,current_2,available,public,True,processed,24 Hour Clock System | Mathematics | Grade 5 | Tutway
Lj4YxVZWLVU,The 24-Hour Clock | Mathematics Grade 5 | Periwinkle,Periwinkle,Year 4_8-9_Summer__Time_4_Convert to the 24-hour clock,Convert to the 24-hour clock,current_3,available,public,True,processed,The 24-Hour Clock | Mathematics Grade 5 | Periwinkle
gVaN7xhsnAU,Math Story : 12 Hour And 24 Hour Clock | Uncle Bad’s Time Bombs | Maths Home School,Uncle_Math_Lab,Year 4_8-9_Summer__Time_5_Convert from the 24-hour clock,Convert from the 24-hour clock,current_1,available,public,True,processed,Math Story : 12 Hour And 24 Hour Clock | Uncle Bad’s Time Bombs | Maths Home School
Bl_b7CJUESo,How Do You Read Timetables? | KS2 Maths Concept for Kids,Twinkl_Educational_Publishing,Year 4_8-9_Summer__Time_5_Convert from the 24-hour clock,Convert from the 24-hour clock,current_3,available,public,True,processed,How Do You Read Timetables? | KS2 Maths Concept for Kids
453DLU_rWis,Strategies for Addition and Subtraction,DSD_Advantage_Math,Year 5_9-10_Autumn__Addition and subtraction_1_Mental strategies,Mental strategies,current_2,available,public,True,processed,Strategies for Addition and Subtraction
KN1SKp7UIOg,"3rd Grade Math 1.4, Mental Math Strategies for Addition",JoAnn's_School,Year 5_9-10_Autumn__Addition and subtraction_1_Mental strategies,Mental strategies,current_3,available,public,True,processed,"3rd Grade Math 1.4, Mental Math Strategies for Addition"
7-W6YVX7pYs,How Can I Learn Column Addition? | KS2 Maths Concept for Kids,Twinkl_Educational_Publishing,Year 5_9-10_Autumn__Addition and subtraction_2_Add whole numbers with more than four digits,Add whole numbers with more than four digits,current_2,available,public,True,processed,How Can I Learn Column Addition? | KS2 Maths Concept for Kids
yqNK_DqiLNM,What Is Written Subtraction with Exchanging? | KS2 Maths Concept for Kids,Twinkl_Educational_Publishing,Year 5_9-10_Autumn__Addition and subtraction_3_Subtract whole numbers with more than four digits,Subtract whole numbers with more than four digits,current_2,available,public,True,processed,What Is Written Subtraction with Exchanging? | KS2 Maths Concept for Kids
oOgm6x6XakM,What are Inverse Operation: Addition And Subtraction | The Maths Guy,The_Maths_Guy!,Year 5_9-10_Autumn__Addition and subtraction_5_Inverse operations (addition and subtraction),Inverse operations (addition and subtraction),current_2,available,public,True,processed,What are Inverse Operation: Addition And Subtraction | The Maths Guy
fOqi2WfvzMw,Mixed Addition & Subtraction 🍎🍊🎬 Math Word Problems Made Easy with Lucas,Cute_Stories,Year 5_9-10_Autumn__Addition and subtraction_6_Multi-step addition and subtraction problems,Multi-step addition and subtraction problems,current_1,available,public,True,processed,Mixed Addition & Subtraction 🍎🍊🎬 Math Word Problems Made Easy with Lucas
clB07zQXL0Y,Addition and Subtraction to the Thousands Practice - Multidigit Word Problems & Choosing Operations,Miacademy_&_MiaPrep_Learning_Channel,Year 5_9-10_Autumn__Addition and subtraction_6_Multi-step addition and subtraction problems,Multi-step addition and subtraction problems,current_2,available,public,True,processed,Addition and Subtraction to the Thousands Practice - Multidigit Word Problems & Choosing Operations
oslylIwv6aE,"2nd Grade Math 5.11, Solve Multi-step Word Problems",JoAnn's_School,Year 5_9-10_Autumn__Addition and subtraction_6_Multi-step addition and subtraction problems,Multi-step addition and subtraction problems,current_3,embedding_disabled,public,False,processed,"2nd Grade Math 5.11, Solve Multi-step Word Problems"
fsDmyyXggG8,"2nd Grade Math 5.9, Word Problem Solving, 2-Digit Subtraction (Bar Models)",JoAnn's_School,Year 5_9-10_Autumn__Addition and subtraction_7_Compare calculations,Compare calculations,current_1,embedding_disabled,public,False,processed,"2nd Grade Math 5.9, Word Problem Solving, 2-Digit Subtraction (Bar Models)"
eqkK4kLfNzw,"2nd Grade Math 3.8, Use Drawings to Represent Problems, Bar Models",JoAnn's_School,Year 5_9-10_Autumn__Addition and subtraction_7_Compare calculations,Compare calculations,current_2,embedding_disabled,public,False,processed,"2nd Grade Math 3.8, Use Drawings to Represent Problems, Bar Models"
-ao7M5md2pY,"4th Grade Math 1.8, Word Problem Solving, Comparison Problems with Addition & Subtraction",JoAnn's_School,Year 5_9-10_Autumn__Addition and subtraction_7_Compare calculations,Compare calculations,current_3,available,public,True,processed,"4th Grade Math 1.8, Word Problem Solving, Comparison Problems with Addition & Subtraction"
qo4pZIBYYCM,Solving for Unknowns - Using Fact Families To Solve Three-Digit Problems,Miacademy_&_MiaPrep_Learning_Channel,Year 5_9-10_Autumn__Addition and subtraction_8_Find missing numbers,Find missing numbers,current_1,available,public,True,processed,Solving for Unknowns - Using Fact Families To Solve Three-Digit Problems
TGbS2_1CwCY,Solve missing number problems with three-digit numbers (column method),Key_Stage_2_Maths,Year 5_9-10_Autumn__Addition and subtraction_8_Find missing numbers,Find missing numbers,current_2,available,public,True,processed,Solve missing number problems with three-digit numbers (column method)
ziwrVF2vLbY,"Grade 3 Math #1.5c, Find the Unknown number",JoAnn's_School,Year 5_9-10_Autumn__Addition and subtraction_8_Find missing numbers,Find missing numbers,current_3,available,public,True,processed,"Grade 3 Math #1.5c, Find the Unknown number"
9AQXXu3a4RA,Adding Fractions with Unlike Denominators,Math_Grizz,Year 5_9-10_Autumn__Fractions A_10_Add fractions within 1,Add fractions within 1,current_1,available,public,True,processed,Adding Fractions with Unlike Denominators
E7qYVjcIQiw,"Adding and Subtracting Fractions - Solve, Regroup, and Simplify With Like and Unlike Denominators",Miacademy_&_MiaPrep_Learning_Channel,Year 5_9-10_Autumn__Fractions A_11_Add fractions with total greater than 1,Add fractions with total greater than 1,current_1,available,public,True,processed,"Adding and Subtracting Fractions - Solve, Regroup, and Simplify With Like and Unlike Denominators"
nh8o7J4YwPQ,"Add fractions with the same denominator beyond 1, writing the answer as a mixed number",Key_Stage_2_Maths,Year 5_9-10_Autumn__Fractions A_11_Add fractions with total greater than 1,Add fractions with total greater than 1,current_2,available,public,True,processed,"Add fractions with the same denominator beyond 1, writing the answer as a mixed number"
O-cb2K1WtpQ,Add fractions with the same denominator beyond 1 whole (mixed number answers) | Fractions | Year 5,Key_Stage_2_Maths,Year 5_9-10_Autumn__Fractions A_11_Add fractions with total greater than 1,Add fractions with total greater than 1,current_3,available,public,True,processed,Add fractions with the same denominator beyond 1 whole (mixed number answers) | Fractions | Year 5
YFRzDDsGyQU,How Do You Add to a Mixed Number? | KS2 Maths Concept for Kids,Twinkl_Educational_Publishing,Year 5_9-10_Autumn__Fractions A_12_Add to a mixed number,Add to a mixed number,current_1,available,public,True,processed,How Do You Add to a Mixed Number? | KS2 Maths Concept for Kids
mXuD6wPHjFA,How Do You Add Two Mixed Numbers? | KS2 Maths Concept for Kids,Twinkl_Educational_Publishing,Year 5_9-10_Autumn__Fractions A_12_Add to a mixed number,Add to a mixed number,current_2,available,public,True,processed,How Do You Add Two Mixed Numbers? | KS2 Maths Concept for Kids
_o4ByAccZ4c,"Subtract mixed numbers with the same denominator, without regrouping - Your Turn",Key_Stage_2_Maths,Year 5_9-10_Autumn__Fractions A_15_Subtract from a mixed number,Subtract from a mixed number,current_3,available,public,True,processed,"Subtract mixed numbers with the same denominator, without regrouping - Your Turn"
20TQ9olP09I,Subtract a fraction from a mixed number by converting to an improper fraction,Key_Stage_2_Maths,Year 5_9-10_Autumn__Fractions A_16_Subtract from a mixed number – breaking the whole,Subtract from a mixed number – breaking the whole,current_1,available,public,True,processed,Subtract a fraction from a mixed number by converting to an improper fraction
yOisqdecQTM,Subtract a fraction from a whole number,Key_Stage_2_Maths,Year 5_9-10_Autumn__Fractions A_16_Subtract from a mixed number – breaking the whole,Subtract from a mixed number – breaking the whole,current_2,available,public,True,processed,Subtract a fraction from a whole number
gj-vwpNWvPQ,Subtract a fraction from a mixed number by converting to an improper fraction - Your Turn,Key_Stage_2_Maths,Year 5_9-10_Autumn__Fractions A_16_Subtract from a mixed number – breaking the whole,Subtract from a mixed number – breaking the whole,current_3,available,public,True,processed,Subtract a fraction from a mixed number by converting to an improper fraction - Your Turn
0UDkTmCsZw4,Adding and Subtracting Mixed Numbers - Regroup and Solve With Like and Unlike Denominators,Miacademy_&_MiaPrep_Learning_Channel,Year 5_9-10_Autumn__Fractions A_17_Subtract two mixed numbers,Subtract two mixed numbers,current_2,available,public,True,processed,Adding and Subtracting Mixed Numbers - Regroup and Solve With Like and Unlike Denominators
GAZ4u2UYFyU,How Do You Subtract Two Mixed Numbers? | KS2 Maths Concept for Kids,Twinkl_Educational_Publishing,Year 5_9-10_Autumn__Fractions A_17_Subtract two mixed numbers,Subtract two mixed numbers,current_3,available,public,True,processed,How Do You Subtract Two Mixed Numbers? | KS2 Maths Concept for Kids
EpjDl2S2qRU,Equivalent Fractions for kids- NO VISUALS,Learn_and_Play_Online!,Year 5_9-10_Autumn__Fractions A_1_Find fractions equivalent to a unit fraction,Find fractions equivalent to a unit fraction,current_2,available,public,True,processed,Equivalent Fractions for kids- NO VISUALS
8lgZDcejZis,How to compare proper fractions | Concept and Practice,Cuemath_Academy,Year 5_9-10_Autumn__Fractions A_7_Order fractions less than 1,Order fractions less than 1,current_1,available,public,True,processed,How to compare proper fractions | Concept and Practice
nH7s9SIjwus,Comparing and Ordering Fractions with Different Denominators (fraction strips),Let's_Do_Math,Year 5_9-10_Autumn__Fractions A_7_Order fractions less than 1,Order fractions less than 1,current_2,available,public,True,processed,Comparing and Ordering Fractions with Different Denominators (fraction strips)
Rfr9AcYcRx4,"Ordering Fractions - How To Compare Fractions to Benchmark Fractions, Order Fractions",Miacademy_&_MiaPrep_Learning_Channel,Year 5_9-10_Autumn__Fractions A_7_Order fractions less than 1,Order fractions less than 1,current_3,available,public,True,processed,"Ordering Fractions - How To Compare Fractions to Benchmark Fractions, Order Fractions"
m27vULwRBxQ,How to compare improper fractions | Concept and Practice,Cuemath_Academy,Year 5_9-10_Autumn__Fractions A_8_Compare and order fractions greater than 1,Compare and order fractions greater than 1,current_1,available,public,True,processed,How to compare improper fractions | Concept and Practice
LIMEVd7FY0E,"3rd Grade Math 9.5, Compare and Order Fractions",JoAnn's_School,Year 5_9-10_Autumn__Fractions A_8_Compare and order fractions greater than 1,Compare and order fractions greater than 1,current_3,available,public,True,processed,"3rd Grade Math 9.5, Compare and Order Fractions"
fQUsUfwo1SE,How Do I Add and Subtract Fractions with the Same Denominator? | KS2 Maths Concept for Kids,Twinkl_Educational_Publishing,Year 5_9-10_Autumn__Fractions A_9_Add and subtract fractions with the same denominator,Add and subtract fractions with the same denominator,current_1,available,public,True,processed,How Do I Add and Subtract Fractions with the Same Denominator? | KS2 Maths Concept for Kids
RssSPp_3YTc,How To Multiply And Divide By 10 100 And 1000 MADE EASY!,The_Maths_Guy!,"Year 5_9-10_Autumn__Multiplication and division A_10_Multiples of 10, 100 and 1,000","Multiples of 10, 100 and 1,000",current_2,available,public,True,processed,How To Multiply And Divide By 10 100 And 1000 MADE EASY!
zQvXknlM-Q8,(4th Grade) Lesson 9-5 Common Multiples,Benjamin_Montgomery,Year 5_9-10_Autumn__Multiplication and division A_2_Common multiples,Common multiples,current_3,available,public,True,processed,(4th Grade) Lesson 9-5 Common Multiples
CUEOL3_Wm3Y,GCF: Greatest Common Factor - Math Antics Extras,mathantics,Year 5_9-10_Autumn__Multiplication and division A_4_Common factors,Common factors,current_1,available,public,True,processed,GCF: Greatest Common Factor - Math Antics Extras
3zhqRX7NQYs,How Do You Find Common Factors? | KS2 Maths Concept for Kids,Twinkl_Educational_Publishing,Year 5_9-10_Autumn__Multiplication and division A_4_Common factors,Common factors,current_2,available,public,True,processed,How Do You Find Common Factors? | KS2 Maths Concept for Kids
o5zGA1OH54o,"Grade 4 Math 5.3, Finding Common Factors",JoAnn's_School,Year 5_9-10_Autumn__Multiplication and division A_4_Common factors,Common factors,current_3,available,public,True,processed,"Grade 4 Math 5.3, Finding Common Factors"
mH6gAEEBrwQ,What Are Prime Numbers? Explained Clearly,Maths_with_Mrs_B,Year 5_9-10_Autumn__Multiplication and division A_5_Prime numbers,Prime numbers,current_1,available,public,True,processed,What Are Prime Numbers? Explained Clearly
L9BXWMQIZvk,Composite and Prime Numbers - How To Identify if a Number Is Prime or Composite,Miacademy_&_MiaPrep_Learning_Channel,Year 5_9-10_Autumn__Multiplication and division A_5_Prime numbers,Prime numbers,current_2,available,public,True,processed,Composite and Prime Numbers - How To Identify if a Number Is Prime or Composite
9SC4436v81Q,What Are the Prime Numbers up to 100 | KS2 Maths Concept for Kids,Twinkl_Educational_Publishing,Year 5_9-10_Autumn__Multiplication and division A_5_Prime numbers,Prime numbers,current_3,available,public,True,processed,What Are the Prime Numbers up to 100 | KS2 Maths Concept for Kids
RzKBvWBp_VI,Square Numbers Explained,Minity_Maths,Year 5_9-10_Autumn__Multiplication and division A_6_Square numbers,Square numbers,current_1,available,public,True,processed,Square Numbers Explained
mGzBeo1fhi0,What Is A Square Number? Key Stage 1 & 2 - Maths,Miss_Educate,Year 5_9-10_Autumn__Multiplication and division A_6_Square numbers,Square numbers,current_2,available,public,True,processed,What Is A Square Number? Key Stage 1 & 2 - Maths
IMGvWkAovsA,Square numbers | Number | Year 6,Mathspace,Year 5_9-10_Autumn__Multiplication and division A_6_Square numbers,Square numbers,current_3,available,public,True,processed,Square numbers | Number | Year 6
FosTRr7x9WI,Cube Numbers Explained Clearly,Maths_with_Mrs_B,Year 5_9-10_Autumn__Multiplication and division A_7_Cube numbers,Cube numbers,current_1,available,public,True,processed,Cube Numbers Explained Clearly
etMJFIYkTSc,How to make a cube number,Minity_Maths,Year 5_9-10_Autumn__Multiplication and division A_7_Cube numbers,Cube numbers,current_2,available,public,True,processed,How to make a cube number
PwBEfimGjTU,What Are Cube Numbers?  | KS2 Maths Concept for Kids,Twinkl_Educational_Publishing,Year 5_9-10_Autumn__Multiplication and division A_7_Cube numbers,Cube numbers,current_3,available,public,True,processed,What Are Cube Numbers?  | KS2 Maths Concept for Kids
wmyqPrkngjg,"How Do You Multiply by 10, 100 and 1000? | KS2 Maths Concept for Kids",Twinkl_Educational_Publishing,"Year 5_9-10_Autumn__Multiplication and division A_8_Multiply by 10, 100 and 1,000","Multiply by 10, 100 and 1,000",current_2,available,public,True,processed,"How Do You Multiply by 10, 100 and 1000? | KS2 Maths Concept for Kids"
ToqaLe33geU,Place Value to the Millions - Places and Values of Numbers to the Millions Place,Miacademy_&_MiaPrep_Learning_Channel,"Year 5_9-10_Autumn__Place value_10_Compare and order numbers to 100,000","Compare and order numbers to 100,000",current_3,available,public,True,processed,Place Value to the Millions - Places and Values of Numbers to the Millions Place
7ebm7Ep-jmA,Working With Numbers: Thousandths to Millions - Decimal and Whole Number Place Value,Miacademy_&_MiaPrep_Learning_Channel,"Year 5_9-10_Autumn__Place value_12_Round to the nearest 10, 100 or 1,000","Round to the nearest 10, 100 or 1,000",current_2,available,public,True,processed,Working With Numbers: Thousandths to Millions - Decimal and Whole Number Place Value
j21X53Rwqt4,Rounding to Estimate Sums 2,Khan_Academy,"Year 5_9-10_Autumn__Place value_13_Round within 100,000","Round within 100,000",current_3,available,public,True,processed,Rounding to Estimate Sums 2
M14nePRmNXo,Place Value Wrap-Up - Applying Principles of Place Value,Miacademy_&_MiaPrep_Learning_Channel,"Year 5_9-10_Autumn__Place value_14_Round within 1,000,000","Round within 1,000,000",current_2,available,public,True,processed,Place Value Wrap-Up - Applying Principles of Place Value
gLG6oHIcVFM,"4th Grade Math 13.6, Roman Numerals (Extra lesson)",JoAnn's_School,"Year 5_9-10_Autumn__Place value_1_Roman numerals to 1,000","Roman numerals to 1,000",current_2,available,public,True,processed,"4th Grade Math 13.6, Roman Numerals (Extra lesson)"
0vP9VobiCCY,Understand what place value means! #shorts,Mr._Tom_Teaches_Again,"Year 5_9-10_Autumn__Place value_2_Numbers to 10,000","Numbers to 10,000",current_2,available,public,True,processed,Understand what place value means! #shorts
QJ7jC41mX54,"Grade 4 Math 13.6 (#126), Roman Numerals",JoAnn's_School,"Year 5_9-10_Autumn__Place value_2_Numbers to 10,000","Numbers to 10,000",current_3,available,public,True,processed,"Grade 4 Math 13.6 (#126), Roman Numerals"
b4qVmYYCTE8,HOW TO READ & WRITE NUMBERS UP TO 1 MILLION | GRADE 4,Sheena_Doria,"Year 5_9-10_Autumn__Place value_3_Numbers to 100,000","Numbers to 100,000",current_2,available,public,True,processed,HOW TO READ & WRITE NUMBERS UP TO 1 MILLION | GRADE 4
MWRvFNrL4K4,Partitioning numbers | Number and Place Value | Year 5,Mathspace,"Year 5_9-10_Autumn__Place value_9_Number line to 1,000,000","Number line to 1,000,000",current_3,available,public,True,processed,Partitioning numbers | Number and Place Value | Year 5
AWieLNN7nCU,Round decimal numbers with 1 decimal place to the nearest whole number,Key_Stage_2_Maths,Year 5_9-10_Spring__Decimals and percentages_10_Round to the nearest whole number,Round to the nearest whole number,current_2,available,public,True,processed,Round decimal numbers with 1 decimal place to the nearest whole number
_MIn3zFkEcc,Rounding decimals: to the nearest tenth | Decimals | Pre-Algebra | Khan Academy,Khan_Academy,Year 5_9-10_Spring__Decimals and percentages_11_Round to 1 decimal place,Round to 1 decimal place,current_1,available,public,True,processed,Rounding decimals: to the nearest tenth | Decimals | Pre-Algebra | Khan Academy
y-qf_h_LmY0,"5th Grade Math 3.4, Round Decimals Using Place Value or Place-value Chart",JoAnn's_School,Year 5_9-10_Spring__Decimals and percentages_11_Round to 1 decimal place,Round to 1 decimal place,current_2,available,public,True,processed,"5th Grade Math 3.4, Round Decimals Using Place Value or Place-value Chart"
T-DKppTXnFo,Round decimals to the nearest tenth,Key_Stage_2_Maths,Year 5_9-10_Spring__Decimals and percentages_11_Round to 1 decimal place,Round to 1 decimal place,current_3,available,public,True,processed,Round decimals to the nearest tenth
W70LfQmJszk,Percentages Made Simple (Beginner’s Guide),Maths_with_Mrs_B,Year 5_9-10_Spring__Decimals and percentages_12_Understand percentages,Understand percentages,current_1,available,public,True,processed,Percentages Made Simple (Beginner’s Guide)
lZrrXq6_os0,Introduction to Percents - Percent Basics for Sixth Grade,Miacademy_&_MiaPrep_Learning_Channel,Year 5_9-10_Spring__Decimals and percentages_12_Understand percentages,Understand percentages,current_2,available,public,True,processed,Introduction to Percents - Percent Basics for Sixth Grade
JeVSmq1Nrpw,Math Antics - What Are Percentages?,mathantics,Year 5_9-10_Spring__Decimals and percentages_12_Understand percentages,Understand percentages,current_3,available,public,True,processed,Math Antics - What Are Percentages?
0AITcfW7nFo,"Fraction, Decimal, Percent Equivalents",Let's_Do_Math,Year 5_9-10_Spring__Decimals and percentages_13_Percentages as fractions,Percentages as fractions,current_1,available,public,True,processed,"Fraction, Decimal, Percent Equivalents"
7xUkMakLBN0,"Fractions, Decimals and Percentages Equivalence | KS2 Maths",Twinkl_Educational_Publishing,Year 5_9-10_Spring__Decimals and percentages_13_Percentages as fractions,Percentages as fractions,current_3,available,public,True,processed,"Fractions, Decimals and Percentages Equivalence | KS2 Maths"
MwNBXtmckiM,How to Convert Percents to Decimals | Practice Problems Included,Math_with_Mr._J,Year 5_9-10_Spring__Decimals and percentages_14_Percentages as decimals,Percentages as decimals,current_1,available,public,True,processed,How to Convert Percents to Decimals | Practice Problems Included
AR-rscegM7I,Converting Percents to Decimals,Math_Grizz,Year 5_9-10_Spring__Decimals and percentages_14_Percentages as decimals,Percentages as decimals,current_3,available,public,True,processed,Converting Percents to Decimals
-Xt4UDk7Kzw,"Converting Between Fractions, Decimals, and Percentages",Professor_Dave_Explains,"Year 5_9-10_Spring__Decimals and percentages_15_Equivalent fractions, decimals and percentages","Equivalent fractions, decimals and percentages",current_1,available,public,True,processed,"Converting Between Fractions, Decimals, and Percentages"
u0mREOY0xso,Decimal Place Value. Grade 5,MATH-N-ROLL,Year 5_9-10_Spring__Decimals and percentages_1_Decimals up to 2 decimal places,Decimals up to 2 decimal places,current_2,available,public,True,processed,Decimal Place Value. Grade 5
E5kyVvDFejg,"How to Count in Tenths. Year 3. Fractions, count, decimals, tenths. National Curriculum, KS2 maths.",Primary_School_Made_Easy,Year 5_9-10_Spring__Decimals and percentages_2_Equivalent fractions and decimals (tenths),Equivalent fractions and decimals (tenths),current_2,available,public,True,processed,"How to Count in Tenths. Year 3. Fractions, count, decimals, tenths. National Curriculum, KS2 maths."
TnRSzBftM-k,Recognise equivalent fractions with tenths and hundredths | Decimals | Year 4,Key_Stage_2_Maths,Year 5_9-10_Spring__Decimals and percentages_2_Equivalent fractions and decimals (tenths),Equivalent fractions and decimals (tenths),current_3,available,public,True,processed,Recognise equivalent fractions with tenths and hundredths | Decimals | Year 4
DSApMSNYr18,Recognise tenths and hundredths | Decimals | Year 4,Key_Stage_2_Maths,Year 5_9-10_Spring__Decimals and percentages_3_Equivalent fractions and decimals (hundredths),Equivalent fractions and decimals (hundredths),current_1,available,public,True,processed,Recognise tenths and hundredths | Decimals | Year 4
3lvZdQtR5yE,Introduction to equivalent fractions (tenths and hundredths) | Fractions | Year 5,Mathspace,Year 5_9-10_Spring__Decimals and percentages_3_Equivalent fractions and decimals (hundredths),Equivalent fractions and decimals (hundredths),current_3,available,public,True,processed,Introduction to equivalent fractions (tenths and hundredths) | Fractions | Year 5
apkY62HrJtU,Connecting Fractions and Decimals - How To Convert Between Them,Miacademy_&_MiaPrep_Learning_Channel,Year 5_9-10_Spring__Decimals and percentages_4_Equivalent fractions and decimals,Equivalent fractions and decimals,current_2,available,public,True,processed,Connecting Fractions and Decimals - How To Convert Between Them
wTLzQEdl73k,Fraction and Decimal Conversions - Practice for 6th Grade Math,Miacademy_&_MiaPrep_Learning_Channel,Year 5_9-10_Spring__Decimals and percentages_4_Equivalent fractions and decimals,Equivalent fractions and decimals,current_3,available,public,True,processed,Fraction and Decimal Conversions - Practice for 6th Grade Math
U2mh1LcnwLU,"5th Grade Math 3.1, Thousandths & Place Value",JoAnn's_School,Year 5_9-10_Spring__Decimals and percentages_5_Thousandths as fractions,Thousandths as fractions,current_3,available,public,True,processed,"5th Grade Math 3.1, Thousandths & Place Value"
_mT4y7aS2tA,"Recognise tenths, hundredths and thousandths",Key_Stage_2_Maths,Year 5_9-10_Spring__Decimals and percentages_7_Thousandths on a place value chart,Thousandths on a place value chart,current_1,available,public,True,processed,"Recognise tenths, hundredths and thousandths"
KId9xbWRbrg,"5th Grade Math 3.3, Compare and Order Decimals with Place Value",JoAnn's_School,Year 5_9-10_Spring__Decimals and percentages_8_Order and compare decimals (same number of decimal places),Order and compare decimals (same number of decimal places),current_3,available,public,True,processed,"5th Grade Math 3.3, Compare and Order Decimals with Place Value"
g7yPUSmub8s,How Do You Multiply Fractions by Integers? | KS2 Maths Concept for Kids,Twinkl_Educational_Publishing,Year 5_9-10_Spring__Fractions B_1_Multiply a unit fraction by an integer,Multiply a unit fraction by an integer,current_1,available,public,True,processed,How Do You Multiply Fractions by Integers? | KS2 Maths Concept for Kids
7y-kcBoWBnM,"4th Grade Math 8.1, Multiples of Unit Fractions",JoAnn's_School,Year 5_9-10_Spring__Fractions B_1_Multiply a unit fraction by an integer,Multiply a unit fraction by an integer,current_2,available,public,True,processed,"4th Grade Math 8.1, Multiples of Unit Fractions"
Cr5_gQpAXYM,Multiplying Fractions - Multiply Fractions by Whole Numbers,Miacademy_&_MiaPrep_Learning_Channel,Year 5_9-10_Spring__Fractions B_2_Multiply a non-unit fraction by an integer,Multiply a non-unit fraction by an integer,current_2,available,public,True,processed,Multiplying Fractions - Multiply Fractions by Whole Numbers
TUm03V5Iufo,Year 5   Maths Day 3   Multiplying non unit fractions,Charlton_Primary_School,Year 5_9-10_Spring__Fractions B_2_Multiply a non-unit fraction by an integer,Multiply a non-unit fraction by an integer,current_3,embedding_disabled,public,False,processed,Year 5   Maths Day 3   Multiplying non unit fractions
6j8uXaTmaP0,Multiplying Mixed Numbers and Whole Numbers | Math with Mr. J,Math_with_Mr._J,Year 5_9-10_Spring__Fractions B_3_Multiply a mixed number by an integer,Multiply a mixed number by an integer,current_1,available,public,True,processed,Multiplying Mixed Numbers and Whole Numbers | Math with Mr. J
lj6ApYHiaWg,"5th Grade Math 7.9, Multiply Mixed Numbers",JoAnn's_School,Year 5_9-10_Spring__Fractions B_3_Multiply a mixed number by an integer,Multiply a mixed number by an integer,current_3,available,public,True,processed,"5th Grade Math 7.9, Multiply Mixed Numbers"
IYLdskIiGQU,Introduction to non-unit fractions of a quantity | Fractions | Mathspace,Mathspace,Year 5_9-10_Spring__Fractions B_4_Calculate a fraction of a quantity,Calculate a fraction of a quantity,current_3,available,public,True,processed,Introduction to non-unit fractions of a quantity | Fractions | Mathspace
c-_yrA-GUow,Understanding fractions as division | Fractions | 5th grade | Khan Academy,Khan_Academy,Year 5_9-10_Spring__Fractions B_7_Use fractions as operators,Use fractions as operators,current_1,available,public,True,processed,Understanding fractions as division | Fractions | 5th grade | Khan Academy
gXotbzp5D0M,Fractions as division | MightyOwl Math | 5th Grade,MightyOwl,Year 5_9-10_Spring__Fractions B_7_Use fractions as operators,Use fractions as operators,current_2,available,public,True,processed,Fractions as division | MightyOwl Math | 5th Grade
dY3QIMlnsl0,"5th Grade Math 2.3, Model Division of 2-digit Divisors with Base 10 Blocks",JoAnn's_School,Year 5_9-10_Spring__Multiplication and division B_10_Efficient division,Efficient division,current_1,available,public,True,processed,"5th Grade Math 2.3, Model Division of 2-digit Divisors with Base 10 Blocks"
R0vi84DBkgs,"Dividing Multidigit Numbers - Partial Quotients Strategy, How To Divide Large Numbers",Miacademy_&_MiaPrep_Learning_Channel,Year 5_9-10_Spring__Multiplication and division B_10_Efficient division,Efficient division,current_2,available,public,True,processed,"Dividing Multidigit Numbers - Partial Quotients Strategy, How To Divide Large Numbers"
0-z1Tk-s9Es,Use factor pairs in mental calculations for division,Key_Stage_2_Maths,Year 5_9-10_Spring__Multiplication and division B_10_Efficient division,Efficient division,current_3,available,public,True,processed,Use factor pairs in mental calculations for division
5vjDKLW0BdI,"5th Grade Math 2.9, Word Problem Solving, Division Using Bar Models",JoAnn's_School,Year 5_9-10_Spring__Multiplication and division B_11_Solve problems with multiplication and division,Solve problems with multiplication and division,current_1,available,public,True,processed,"5th Grade Math 2.9, Word Problem Solving, Division Using Bar Models"
Uv7l96KzAGc,Using Bar Models to Solve Division Comparison Word Problems,Math_Maniac,Year 5_9-10_Spring__Multiplication and division B_11_Solve problems with multiplication and division,Solve problems with multiplication and division,current_2,available,public,True,processed,Using Bar Models to Solve Division Comparison Word Problems
6oZsR5-hbhA,Box Method Multiplication | 3-Digits x 1-Digit | Math with Mr. J,Math_with_Mr._J,Year 5_9-10_Spring__Multiplication and division B_1_Multiply up to a 4-digit number by a 1-digit number,Multiply up to a 4-digit number by a 1-digit number,current_3,available,public,True,processed,Box Method Multiplication | 3-Digits x 1-Digit | Math with Mr. J
FUy7ZGiIX90,How to multiply 2 digit numbers by 2 digit numbers | Multiplication and Division | Year 5,Mathspace,Year 5_9-10_Spring__Multiplication and division B_2_Multiply a 2-digit number by a 2-digit number (area model),Multiply a 2-digit number by a 2-digit number (area model),current_1,available,public,True,processed,How to multiply 2 digit numbers by 2 digit numbers | Multiplication and Division | Year 5
1IwH2zh6_Nc,"4th Grade Math 3.3, Area Models and Partial Products for 2-digit Factors",JoAnn's_School,Year 5_9-10_Spring__Multiplication and division B_2_Multiply a 2-digit number by a 2-digit number (area model),Multiply a 2-digit number by a 2-digit number (area model),current_3,available,public,True,processed,"4th Grade Math 3.3, Area Models and Partial Products for 2-digit Factors"
RVYwunbpMHA,Math Antics - Multi-Digit Multiplication Pt 2,mathantics,Year 5_9-10_Spring__Multiplication and division B_4_Multiply a 3-digit number by a 2-digit number,Multiply a 3-digit number by a 2-digit number,current_1,available,public,True,processed,Math Antics - Multi-Digit Multiplication Pt 2
zfYG9lzMmUo,Box Method Multiplication | 3-Digits x 2-Digits | Math with Mr. J,Math_with_Mr._J,Year 5_9-10_Spring__Multiplication and division B_4_Multiply a 3-digit number by a 2-digit number,Multiply a 3-digit number by a 2-digit number,current_2,available,public,True,processed,Box Method Multiplication | 3-Digits x 2-Digits | Math with Mr. J
09WIuZEVado,Multiply a three-digit number by a two-digit number using the grid method,Key_Stage_2_Maths,Year 5_9-10_Spring__Multiplication and division B_4_Multiply a 3-digit number by a 2-digit number,Multiply a 3-digit number by a 2-digit number,current_3,available,public,True,processed,Multiply a three-digit number by a two-digit number using the grid method
juS_FMtK96s,"Grade 5 Math #1.7, Multiply by 2 Digit Numbers",JoAnn's_School,Year 5_9-10_Spring__Multiplication and division B_5_Multiply a 4-digit number by a 2-digit number,Multiply a 4-digit number by a 2-digit number,current_1,available,public,True,processed,"Grade 5 Math #1.7, Multiply by 2 Digit Numbers"
auDLbutvfM4,4-Digit by 4-Digit Multiplication | Practice Problems Included,Math_with_Mr._J,Year 5_9-10_Spring__Multiplication and division B_5_Multiply a 4-digit number by a 2-digit number,Multiply a 4-digit number by a 2-digit number,current_2,available,public,True,processed,4-Digit by 4-Digit Multiplication | Practice Problems Included
qal51EhbmiY,Solve multiplication problems with missing digits | Multiplication | Year 5,Key_Stage_2_Maths,Year 5_9-10_Spring__Multiplication and division B_5_Multiply a 4-digit number by a 2-digit number,Multiply a 4-digit number by a 2-digit number,current_3,available,public,True,processed,Solve multiplication problems with missing digits | Multiplication | Year 5
bbbpWS3R5Bw,Multiply by a single digit,Let's_Do_Math,Year 5_9-10_Spring__Multiplication and division B_6_Solve problems with multiplication,Solve problems with multiplication,current_1,available,public,True,processed,Multiply by a single digit
Bii5uVEsjpU,"Mental Math Tricks, Multiply by Breaking Apart a Factor",JoAnn's_School,Year 5_9-10_Spring__Multiplication and division B_6_Solve problems with multiplication,Solve problems with multiplication,current_2,embedding_disabled,public,False,processed,"Mental Math Tricks, Multiply by Breaking Apart a Factor"
4p-3WmyDvLE,What Is Short Division with Exchanging? | KS2 Maths Concept for Kids,Twinkl_Educational_Publishing,Year 5_9-10_Spring__Multiplication and division B_7_Short division,Short division,current_2,available,public,True,processed,What Is Short Division with Exchanging? | KS2 Maths Concept for Kids
UTjQDzySWUc,How to use Short Division to Divide by One-Digit Numbers,The_Cambridge_Tutor_Service__Maths_Made_Easy,Year 5_9-10_Spring__Multiplication and division B_7_Short division,Short division,current_3,available,public,True,processed,How to use Short Division to Divide by One-Digit Numbers
Ekfqe1XstIQ,how to do long division with 4 digit numbers| math anthem  4th grade,Klong_Maths,Year 5_9-10_Spring__Multiplication and division B_8_Divide a 4-digit number by a 1-digit number,Divide a 4-digit number by a 1-digit number,current_2,available,public,True,processed,how to do long division with 4 digit numbers| klong maths  4th grade
LGqBQrUYua4,Math Antics - Long Division,mathantics,Year 5_9-10_Spring__Multiplication and division B_8_Divide a 4-digit number by a 1-digit number,Divide a 4-digit number by a 1-digit number,current_3,available,public,True,processed,Math Antics - Long Division
xOrSMLo8A_8,"Divide by 2, 3, 4, 5, 8 and 10 with remainders | Division | Year 4",Key_Stage_2_Maths,Year 5_9-10_Spring__Multiplication and division B_9_Divide with remainders,Divide with remainders,current_1,available,public,True,processed,"Divide by 2, 3, 4, 5, 8 and 10 with remainders | Division | Year 4"
dRIziHsq3_4,"Long Division With Remainders - What Is a Remainder, Introduction to Remainders",Miacademy_&_MiaPrep_Learning_Channel,Year 5_9-10_Spring__Multiplication and division B_9_Divide with remainders,Divide with remainders,current_3,available,public,True,processed,"Long Division With Remainders - What Is a Remainder, Introduction to Remainders"
q4_dDKg3RHA,"G.E.D. Math 15a, Perimeter",JoAnn's_School,Year 5_9-10_Spring__Perimeter and area_2_Perimeter of rectilinear shapes,Perimeter of rectilinear shapes,current_3,available,public,True,processed,"G.E.D. Math 15a, Perimeter"
DKinqq3HwYk,How Do You Calculate Area of Compound Shapes? | KS2 Maths Concept for Kids,Twinkl_Educational_Publishing,Year 5_9-10_Spring__Perimeter and area_5_Area of compound shapes,Area of compound shapes,current_2,available,public,True,processed,How Do You Calculate Area of Compound Shapes? | KS2 Maths Concept for Kids
U25OYoLYtVM,How To Find The Area Of Compound Shapes,Minity_Maths,Year 5_9-10_Spring__Perimeter and area_5_Area of compound shapes,Area of compound shapes,current_3,available,public,True,processed,How To Find The Area Of Compound Shapes
THrgM1V9XXk,How Do You Calculate The Area of a Triangle by Counting Squares? | KS2 Maths Concept for Kids,Twinkl_Educational_Publishing,Year 5_9-10_Spring__Perimeter and area_6_Estimate area,Estimate area,current_1,available,public,True,processed,How Do You Calculate The Area of a Triangle by Counting Squares? | KS2 Maths Concept for Kids
gL5K4Qj492Q,Graph Analysis - How To Solve Problems Using Graphs and Charts,Miacademy_&_MiaPrep_Learning_Channel,Year 5_9-10_Spring__Statistics_2_Read and interpret line graphs,Read and interpret line graphs,current_1,available,public,True,processed,Graph Analysis - How To Solve Problems Using Graphs and Charts
N-WE4uB0Zr4,How Do I Read and Interpret Tables? | KS2 Maths Concept for Kids,Twinkl_Educational_Publishing,Year 5_9-10_Spring__Statistics_3_Read and interpret tables,Read and interpret tables,current_1,available,public,True,processed,How Do I Read and Interpret Tables? | KS2 Maths Concept for Kids
g_pyxyJjgM8,How to Read a Frequency Table (Qualitative Data) | Frequency Tables Explained | Math with Mr. J,Math_with_Mr._J,Year 5_9-10_Spring__Statistics_3_Read and interpret tables,Read and interpret tables,current_2,available,public,True,processed,How to Read a Frequency Table (Qualitative Data) | Frequency Tables Explained | Math with Mr. J
e6vEA06_3D8,Working with Two-Way Frequency Tables,numberninja,Year 5_9-10_Spring__Statistics_4_Two-way tables,Two-way tables,current_2,available,public,True,processed,Working with Two-Way Frequency Tables
SZv_a0fjDfE,How to Read Timetables | Maths Education | EasyTeaching,EasyTeaching,Year 5_9-10_Spring__Statistics_5_Read and interpret timetables,Read and interpret timetables,current_1,available,public,True,processed,How to Read Timetables | Maths Education | EasyTeaching
n7dhPxgOpwc,Reading and interpreting timetables,Smashing_Math_With_Mr_Hurford,Year 5_9-10_Spring__Statistics_5_Read and interpret timetables,Read and interpret timetables,current_2,available,public,True,processed,Reading and interpreting timetables
VhExaAQHVLM,Y6  Maths - Interpreting Bus Timetables,Begbrook_Primary_Academy,Year 5_9-10_Spring__Statistics_5_Read and interpret timetables,Read and interpret timetables,current_3,available,public,True,processed,Y6  Maths - Interpreting Bus Timetables
ptrKThVQwh4,"Metric Units of Mass | Convert mg, g, and kg",Math_with_Mr._J,Year 5_9-10_Summer__Converting units_1_Kilograms and kilometres,Kilograms and kilometres,current_3,available,public,True,processed,"Metric Units of Mass | Convert mg, g, and kg"
nNd3dqEN7X0,"Customary Length Measurements - How To Measure and Convert Inches, Feet, Yards, and Miles",Miacademy_&_MiaPrep_Learning_Channel,Year 5_9-10_Summer__Converting units_4_Convert between metric and imperial units,Convert between metric and imperial units,current_1,available,public,True,processed,"Customary Length Measurements - How To Measure and Convert Inches, Feet, Yards, and Miles"
r8s1uoih5iU,How Do You Convert Metric to Imperial? | KS2 Maths Concept for Kids,Twinkl_Educational_Publishing,Year 5_9-10_Summer__Converting units_4_Convert between metric and imperial units,Convert between metric and imperial units,current_2,available,public,True,processed,How Do You Convert Metric to Imperial? | KS2 Maths Concept for Kids
3WcItkA6xio,"6th Grade Math 7.4a, Converting Inches to Centimeters, Customary to Metric",JoAnn's_School,Year 5_9-10_Summer__Converting units_4_Convert between metric and imperial units,Convert between metric and imperial units,current_3,available,public,True,processed,"6th Grade Math 7.4a, Converting Inches to Centimeters, Customary to Metric"
uIBjRvoifes,How Do You Convert Units of Time? | KS2 Maths Concept for Kids,Twinkl_Educational_Publishing,Year 5_9-10_Summer__Converting units_5_Convert units of time,Convert units of time,current_1,available,public,True,processed,How Do You Convert Units of Time? | KS2 Maths Concept for Kids
KkM9Mc5x9fM,"Grade 5 Math 10.7, Solve Elapsed Time Problems",JoAnn's_School,Year 5_9-10_Summer__Converting units_5_Convert units of time,Convert units of time,current_2,available,public,True,processed,"Grade 5 Math 10.7, Solve Elapsed Time Problems"
EbNgZIs-bOw,Reading Timetables,Mr_Howarth_Teaches,Year 5_9-10_Summer__Converting units_6_Calculate with timetables,Calculate with timetables,current_2,available,public,True,processed,Reading Timetables
z0orumNrA3k,"Dividing by 10, 100 and 1000 Made Simple (With Decimals)",Maths_with_Mrs_B,"Year 5_9-10_Summer__Decimals_11_Divide by 10, 100 and 1,000","Divide by 10, 100 and 1,000",current_2,available,public,True,processed,"Dividing by 10, 100 and 1000 Made Simple (With Decimals)"
o_Fz0pH7Y5o,Solve missing number problems for decimal multiplication / division by 10 or 100 | Decimals | Year 4,Key_Stage_2_Maths,Year 5_9-10_Summer__Decimals_12_Multiply and divide decimals – missing values,Multiply and divide decimals – missing values,current_2,available,public,True,processed,Solve missing number problems for decimal multiplication / division by 10 or 100 | Decimals | Year 4
k1qdEaNcxq4,DECIMAL ADDITION AND SUBTRACTION🚀 Operations with Decimals for Kids✨,Smile_and_Learn_-_English,Year 5_9-10_Summer__Decimals_1_Use known facts to add and subtract decimals within 1,Use known facts to add and subtract decimals within 1,current_1,available,public,True,processed,DECIMAL ADDITION AND SUBTRACTION🚀 Operations with Decimals for Kids✨
03KO46_QWXg,"5th Grade Math 3.8, Add Decimals",JoAnn's_School,Year 5_9-10_Summer__Decimals_1_Use known facts to add and subtract decimals within 1,Use known facts to add and subtract decimals within 1,current_2,available,public,True,processed,"5th Grade Math 3.8, Add Decimals"
-SUKE9oibIo,Decimals - Add and Subtract in Sixth-Grade Math,Miacademy_&_MiaPrep_Learning_Channel,Year 5_9-10_Summer__Decimals_1_Use known facts to add and subtract decimals within 1,Use known facts to add and subtract decimals within 1,current_3,available,public,True,processed,Decimals - Add and Subtract in Sixth-Grade Math
tLEzrvEqeak,Year 5 - Complements to 1,Emily_Dempsey,Year 5_9-10_Summer__Decimals_2_Complements to 1,Complements to 1,current_1,available,public,True,processed,Year 5 - Complements to 1
lzhk1KayVyw,Make decimal number bonds to 1 - Your Turn,Key_Stage_2_Maths,Year 5_9-10_Summer__Decimals_2_Complements to 1,Complements to 1,current_2,available,public,True,processed,Make decimal number bonds to 1 - Your Turn
4dX2-b2bCck,Adding and Subtracting Decimals,Mometrix_Academy,Year 5_9-10_Summer__Decimals_3_Add and subtract decimals across 1,Add and subtract decimals across 1,current_2,available,public,True,processed,Adding and Subtracting Decimals
qoy0M1Ie7tY,How to Subtract Decimals (Decimals with Decimals & Decimals with Whole Numbers),Math_with_Mr._J,Year 5_9-10_Summer__Decimals_5_Subtract decimals with the same number of decimal places,Subtract decimals with the same number of decimal places,current_1,available,public,True,processed,How to Subtract Decimals (Decimals with Decimals & Decimals with Whole Numbers)
SD5BnB-iLDs,Subtracting Decimals to the Thousandths: Part 1 - Learn Decimal Subtraction for Fifth Grade,Miacademy_&_MiaPrep_Learning_Channel,Year 5_9-10_Summer__Decimals_5_Subtract decimals with the same number of decimal places,Subtract decimals with the same number of decimal places,current_2,available,public,True,processed,Subtracting Decimals to the Thousandths: Part 1 - Learn Decimal Subtraction for Fifth Grade
u3mpHc1i3k0,Subtract numbers with 2 decimal places,Key_Stage_2_Maths,Year 5_9-10_Summer__Decimals_5_Subtract decimals with the same number of decimal places,Subtract decimals with the same number of decimal places,current_3,available,public,True,processed,Subtract numbers with 2 decimal places
csE-ZdIMqWo,Adding Decimals to the Thousandths: Part 1 - Learn Decimal Addition for Fifth Grade,Miacademy_&_MiaPrep_Learning_Channel,Year 5_9-10_Summer__Decimals_6_Add decimals with different numbers of decimal places,Add decimals with different numbers of decimal places,current_1,available,public,True,processed,Adding Decimals to the Thousandths: Part 1 - Learn Decimal Addition for Fifth Grade
X0ZrIiy-dMY,Add numbers with up to three decimal places | Decimals | Year 5,Key_Stage_2_Maths,Year 5_9-10_Summer__Decimals_6_Add decimals with different numbers of decimal places,Add decimals with different numbers of decimal places,current_3,available,public,True,processed,Add numbers with up to three decimal places | Decimals | Year 5
AC9gBD1A7ks,Subtract numbers with up to 3 decimal places,Key_Stage_2_Maths,Year 5_9-10_Summer__Decimals_7_Subtract decimals with different numbers of decimal places,Subtract decimals with different numbers of decimal places,current_2,available,public,True,processed,Subtract numbers with up to 3 decimal places
86xnFVqSEGQ,"5th Grade Math 3.12, Choose a Method to Add or Subtract Decimals",JoAnn's_School,Year 5_9-10_Summer__Decimals_8_Efficient strategies for adding and subtracting decimals,Efficient strategies for adding and subtracting decimals,current_1,available,public,True,processed,"5th Grade Math 3.12, Choose a Method to Add or Subtract Decimals"
1C7Y0vdvVQs,Add and subtract decimals by adjusting,Key_Stage_2_Maths,Year 5_9-10_Summer__Decimals_8_Efficient strategies for adding and subtracting decimals,Efficient strategies for adding and subtracting decimals,current_2,available,public,True,processed,Add and subtract decimals by adjusting
JOz00WbsVZo,"Grade 5 Math #3.10, Sequence and Term Patterns with Decimals",JoAnn's_School,Year 5_9-10_Summer__Decimals_9_Decimal sequences,Decimal sequences,current_1,available,public,True,processed,"Grade 5 Math #3.10, Sequence and Term Patterns with Decimals"
82hDg_RVq_I,5/6 - Counting in tenths,RiverviewSS,Year 5_9-10_Summer__Decimals_9_Decimal sequences,Decimal sequences,current_3,available,public,True,processed,5/6 - Counting in tenths
N0uUWCyCYcQ,Introduction to Negative Numbers - What Are Negative Numbers?,Miacademy_&_MiaPrep_Learning_Channel,Year 5_9-10_Summer__Negative numbers_1_Understand negative numbers,Understand negative numbers,current_1,available,public,True,processed,Introduction to Negative Numbers - What Are Negative Numbers?
uzE76nZmubg,Positive and Negative Numbers for Kids | Homeschool Pop,Homeschool_Pop,Year 5_9-10_Summer__Negative numbers_1_Understand negative numbers,Understand negative numbers,current_2,available,public,True,processed,Positive and Negative Numbers for Kids | Homeschool Pop
Hlal9ME2Aig,Negative numbers introduction | Negative numbers and absolute value | Pre-Algebra | Khan Academy,Khan_Academy,Year 5_9-10_Summer__Negative numbers_1_Understand negative numbers,Understand negative numbers,current_3,available,public,True,processed,Negative numbers introduction | Negative numbers and absolute value | Pre-Algebra | Khan Academy
7iEtyGUgE28,What Are Negative Integers? | KS2 Maths Concept for Kids,Twinkl_Educational_Publishing,Year 5_9-10_Summer__Negative numbers_3_Count through zero in multiples,Count through zero in multiples,current_1,available,public,True,processed,What Are Negative Integers? | KS2 Maths Concept for Kids
X2bZIZ-08sc,Complete number sequences involving negative numbers,Key_Stage_2_Maths,Year 5_9-10_Summer__Negative numbers_3_Count through zero in multiples,Count through zero in multiples,current_2,available,public,True,processed,Complete number sequences involving negative numbers
b7QC4MzzzTs,The Number Line: Part 1 - Learn How To Construct and Use a Number Line,Miacademy_&_MiaPrep_Learning_Channel,Year 5_9-10_Summer__Negative numbers_3_Count through zero in multiples,Count through zero in multiples,current_3,available,public,True,processed,The Number Line: Part 1 - Learn How To Construct and Use a Number Line
2FbafvAGhZ0,Comparing and Ordering Integers | Positives and Negatives | Math with Mr. J,Math_with_Mr._J,Year 5_9-10_Summer__Negative numbers_4_Compare and order negative numbers,Compare and order negative numbers,current_1,available,public,True,processed,How to Compare and Order Integers (Positives & Negatives) | Math with Mr. J
OAoLCXpao6s,Math Antics - Negative Numbers,mathantics,Year 5_9-10_Summer__Negative numbers_4_Compare and order negative numbers,Compare and order negative numbers,current_2,available,public,True,processed,Math Antics - Negative Numbers
ShLq1zh3sAM,Introduction to the Number System - Prealgebra 1 for Kids and Teens!,Miacademy_&_MiaPrep_Learning_Channel,Year 5_9-10_Summer__Negative numbers_4_Compare and order negative numbers,Compare and order negative numbers,current_3,available,public,True,processed,Introduction to the Number System - Prealgebra 1 for Kids and Teens!
k1XrN1hkIfQ,Subtracting Integers Part 2 - Using Number Lines and Opposites,Miacademy_&_MiaPrep_Learning_Channel,Year 5_9-10_Summer__Negative numbers_5_Find the difference,Find the difference,current_1,deleted,deleted,False,deleted,
SzRNlrXypag,Read a scale to calculate across 0,Key_Stage_2_Maths,Year 5_9-10_Summer__Negative numbers_5_Find the difference,Find the difference,current_2,available,public,True,processed,Read a scale to calculate across 0
G4rvXjw35m0,"7th Grade Math 3.3d, Finding the Difference Between Two Numbers on a Number Line",JoAnn's_School,Year 5_9-10_Summer__Negative numbers_5_Find the difference,Find the difference,current_3,available,public,True,processed,"7th Grade Math 3.3d, Finding the Difference Between Two Numbers on a Number Line"
bZQkSjEzIEo,How to Plot Points on a Coordinate Plane (Quadrant 1) | Positive Coordinates | Math with Mr. J,Math_with_Mr._J,Year 5_9-10_Summer__Position and direction_1_Read and plot coordinates,Read and plot coordinates,current_2,available,public,True,processed,How to Plot Points on a Coordinate Plane (Quadrant 1) | Positive Coordinates | Math with Mr. J
-D54y4AmrY8,"Coordinate Plane with Ordered Pairs (0,y) or (x,0)",Math_Grizz,Year 5_9-10_Summer__Position and direction_1_Read and plot coordinates,Read and plot coordinates,current_3,available,public,True,processed,"Coordinate Plane with Ordered Pairs (0,y) or (x,0)"
SnmKvIwj9V4,How Do You Translate Shapes on a Coordinate Grid? | KS2 Maths Concept for Kids,Twinkl_Educational_Publishing,Year 5_9-10_Summer__Position and direction_3_Translation,Translation,current_2,available,public,True,processed,How Do You Translate Shapes on a Coordinate Grid? | KS2 Maths Concept for Kids
j87gj_KH9pA,Geometry Translations Explained!,Mashup_Math,Year 5_9-10_Summer__Position and direction_4_Translation with coordinates,Translation with coordinates,current_3,available,public,True,processed,Geometry Translations Explained!
l-21ciN_2XE,Describing Reflections - Learn To Describe and Perform Reflections,Miacademy_&_MiaPrep_Learning_Channel,Year 5_9-10_Summer__Position and direction_6_Reflection in horizontal and vertical lines,Reflection in horizontal and vertical lines,current_1,available,public,True,processed,Describing Reflections - Learn To Describe and Perform Reflections
_n3KZR1DSEo,Math Antics - Angles & Degrees,mathantics,Year 5_9-10_Summer__Shape_1_Understand and use degrees,Understand and use degrees,current_1,available,public,True,processed,Math Antics - Angles & Degrees
jh7Itc8Wn4A,Learn Angles Fast: Types & Protractor Tips,Maths_with_Mrs_B,Year 5_9-10_Summer__Shape_1_Understand and use degrees,Understand and use degrees,current_2,available,public,True,processed,Learn Angles Fast: Types & Protractor Tips
uaT3GcXsEsI,What Are Angles? | KS2 Maths Concept for Kids,Twinkl_Educational_Publishing,Year 5_9-10_Summer__Shape_1_Understand and use degrees,Understand and use degrees,current_3,available,public,True,processed,What Are Angles? | KS2 Maths Concept for Kids
euLZVoATH-c,Types Of Angles In Math,Minity_Maths,Year 5_9-10_Summer__Shape_2_Classify angles,Classify angles,current_2,available,public,True,processed,Types Of Angles In Math
2on99N5jBJ4,How to Use a Protractor | Measuring and Drawing Angles with a Protractor |  Math with Mr. J,Math_with_Mr._J,Year 5_9-10_Summer__Shape_5_Draw lines and angles accurately,Draw lines and angles accurately,current_2,available,public,True,processed,How to Use a Protractor | Measuring and Drawing Angles with a Protractor |  Math with Mr. J
NFPm3TaYwhY,"4th Grade Math 11.3, Measure Angles, Draw Angles",JoAnn's_School,Year 5_9-10_Summer__Shape_5_Draw lines and angles accurately,Draw lines and angles accurately,current_3,available,public,True,processed,"4th Grade Math 11.3, Measure Angles, Draw Angles"
jgaCONuOtOM,Angle relationships: supplementary angles (7th grade math),Maths_4_Kids,Year 5_9-10_Summer__Shape_7_Calculate angles on a straight line,Calculate angles on a straight line,current_3,available,public,True,processed,Angle relationships: supplementary angles (7th grade math)
rBpsauKXPfs,Finding the Perimeter and Area of a Composite Shape | L-Shaped Example | Geometry | Math with Mr. J,Math_with_Mr._J,Year 5_9-10_Summer__Shape_8_Lengths and angles in shapes,Lengths and angles in shapes,current_2,available,public,True,processed,Finding the Perimeter and Area of a Composite Shape | L-Shaped Example | Geometry | Math with Mr. J
osr-fLanREs,How Do You Identify Regular and Irregular Polygons? | KS2 Maths Concept for Kids,Twinkl_Educational_Publishing,Year 5_9-10_Summer__Shape_9_Regular and irregular polygons,Regular and irregular polygons,current_2,available,public,True,processed,How Do You Identify Regular and Irregular Polygons? | KS2 Maths Concept for Kids
9UoF-5j0VNw,Polygons: Names of Polygons | Shapes,Minity_Maths,Year 5_9-10_Summer__Shape_9_Regular and irregular polygons,Regular and irregular polygons,current_3,available,public,True,processed,Polygons: Names of Polygons | Shapes
7kYu1_52-PI,Introduction to Volume: Part 1 - Cubic Measurement,Miacademy_&_MiaPrep_Learning_Channel,Year 5_9-10_Summer__Volume_2_Compare volume,Compare volume,current_1,available,public,True,processed,Introduction to Volume: Part 1 - Cubic Measurement
SBpp_KVab4w,How Do You Calculate Volume by Counting Cubes? | KS2 Maths Concept for Kids,Twinkl_Educational_Publishing,Year 5_9-10_Summer__Volume_2_Compare volume,Compare volume,current_2,available,public,True,processed,How Do You Calculate Volume by Counting Cubes? | KS2 Maths Concept for Kids
6-48sZLy4E8,Understanding volume in solid shapes | MightyOwl Math | 5th Grade,MightyOwl,Year 5_9-10_Summer__Volume_2_Compare volume,Compare volume,current_3,available,public,True,processed,Understanding volume in solid shapes | MightyOwl Math | 5th Grade
wM2LKKtkITI,Use factor pairs in mental calculations for division,Key_Stage_2_Maths,Year 6_10-11_Autumn__Addition subtraction multiplication and division_10_Division using factors,Division using factors,current_1,available,public,True,processed,Use factor pairs in mental calculations for division
JOuk5SDh7EM,Multiplying and Dividing by 4's - Doubling Strategies and Fact Families,Miacademy_&_MiaPrep_Learning_Channel,Year 6_10-11_Autumn__Addition subtraction multiplication and division_10_Division using factors,Division using factors,current_3,available,public,True,processed,Multiplying and Dividing by 4's - Doubling Strategies and Fact Families
J15nbHRpSiQ,Long Division for Kids | Step-by-Step Math Lesson,Homeschool_Pop,Year 6_10-11_Autumn__Addition subtraction multiplication and division_11_Introduction to long division,Introduction to long division,current_1,available,public,True,processed,Long Division for Kids | Step-by-Step Math Lesson
RfGzqD1a3-Y,"Long Division - Dividing Four-Digit Numbers by One-Digit Numbers, How To Divide Large Numbers",Miacademy_&_MiaPrep_Learning_Channel,Year 6_10-11_Autumn__Addition subtraction multiplication and division_11_Introduction to long division,Introduction to long division,current_3,available,public,True,processed,"Long Division - Dividing Four-Digit Numbers by One-Digit Numbers, How To Divide Large Numbers"
IHUHDogMx90,"4th Grade Math 4.3, Interpret the Remainder in Division Problems",JoAnn's_School,Year 6_10-11_Autumn__Addition subtraction multiplication and division_12_Long division with remainders,Long division with remainders,current_3,available,public,True,processed,"4th Grade Math 4.3, Interpret the Remainder in Division Problems"
Kq4Gyoh7lGg,"4th Grade Math 4.12, Word Problem Solving, Multi-Step Division Problems",JoAnn's_School,Year 6_10-11_Autumn__Addition subtraction multiplication and division_13_Solve problems with division,Solve problems with division,current_2,available,public,True,processed,"4th Grade Math 4.12, Word Problem Solving, Multi-Step Division Problems"
8Wk304ZvZgE,"5th Grade Math 1.9, Word Problem Solving, Multiplication & Division, Partial Quotients",JoAnn's_School,Year 6_10-11_Autumn__Addition subtraction multiplication and division_13_Solve problems with division,Solve problems with division,current_3,available,public,True,processed,"5th Grade Math 1.9, Word Problem Solving, Multiplication & Division, Partial Quotients"
37WiS3uC0YM,"G.E.D. Math  4b, Solving multi-step problems",JoAnn's_School,Year 6_10-11_Autumn__Addition subtraction multiplication and division_14_Solve multi-step problems,Solve multi-step problems,current_1,available,public,True,processed,"G.E.D. Math  4b, Solving multi-step problems"
dAgfnK528RA,Math Antics - Order Of Operations,mathantics,Year 6_10-11_Autumn__Addition subtraction multiplication and division_15_Order of operations,Order of operations,current_2,available,public,True,processed,Math Antics - Order Of Operations
ClYdw4d4OmA,Introduction to order of operations | Arithmetic properties | Pre-Algebra | Khan Academy,Khan_Academy,Year 6_10-11_Autumn__Addition subtraction multiplication and division_15_Order of operations,Order of operations,current_3,available,public,True,processed,Introduction to order of operations | Arithmetic properties | Pre-Algebra | Khan Academy
g2ZZgv6P_Eo,"Solve missing number problems with knowledge of the 2, 3, 4, 5 and 10 times tables",Key_Stage_2_Maths,Year 6_10-11_Autumn__Addition subtraction multiplication and division_17_Reason from known facts,Reason from known facts,current_2,available,public,True,processed,"Solve missing number problems with knowledge of the 2, 3, 4, 5 and 10 times tables"
_BgblvF90UE,Math Antics - Adding & Subtracting Integers,mathantics,Year 6_10-11_Autumn__Addition subtraction multiplication and division_1_Add and subtract integers,Add and subtract integers,current_2,available,public,True,processed,Math Antics - Adding & Subtracting Integers
J42t50DvQtk,Top 4 Maths Skills You MUST Know for High School,Maths_with_Mrs_B,Year 6_10-11_Autumn__Addition subtraction multiplication and division_1_Add and subtract integers,Add and subtract integers,current_3,available,public,True,processed,Top 4 Maths Skills You MUST Know for High School
0NvLtTwnUHs,Math Antics - Factoring,mathantics,Year 6_10-11_Autumn__Addition subtraction multiplication and division_2_Common factors,Common factors,current_3,available,public,True,processed,Math Antics - Factoring
8ChliL7qqWs,How Do You Find Common Multiples? | KS2 Maths Concept for Kids,Twinkl_Educational_Publishing,Year 6_10-11_Autumn__Addition subtraction multiplication and division_3_Common multiples,Common multiples,current_2,available,public,True,processed,How Do You Find Common Multiples? | KS2 Maths Concept for Kids
PEMuDlfW0Ig,"Grade 4 Math 5.2, Factors and Divisibility",JoAnn's_School,Year 6_10-11_Autumn__Addition subtraction multiplication and division_4_Rules of divisibility,Rules of divisibility,current_1,available,public,True,processed,"Grade 4 Math 5.2, Factors and Divisibility"
vcn2ruTOwFo,Finding factors of a number | Factors and multiples | Pre-Algebra | Khan Academy,Khan_Academy,Year 6_10-11_Autumn__Addition subtraction multiplication and division_4_Rules of divisibility,Rules of divisibility,current_3,available,public,True,processed,Finding factors of a number | Factors and multiples | Pre-Algebra | Khan Academy
onBB1h5DyfY,How Do I Calculate Square and Cube Numbers? | KS2 Maths Concept for Kids,Twinkl_Educational_Publishing,Year 6_10-11_Autumn__Addition subtraction multiplication and division_6_Square and cube numbers,Square and cube numbers,current_1,available,public,True,processed,How Do I Calculate Square and Cube Numbers? | KS2 Maths Concept for Kids
XEnGlK9bUdw,4-Digit by 2-Digit Multiplication | Practice Problems Included,Math_with_Mr._J,Year 6_10-11_Autumn__Addition subtraction multiplication and division_7_Multiply up to a 4-digit number by a 2-digit number,Multiply up to a 4-digit number by a 2-digit number,current_3,available,public,True,processed,4-Digit by 2-Digit Multiplication | Practice Problems Included
6GpIuiVIkKA,Short Division | Mathematics,CENTURY_Tech,Year 6_10-11_Autumn__Addition subtraction multiplication and division_9_Short division,Short division,current_2,available,public,True,processed,Short Division | Mathematics
oEnQnvv4rcs,What Are Metric Measures? | KS2 Maths Concept for Kids,Twinkl_Educational_Publishing,Year 6_10-11_Autumn__Converting units_1_Metric measures,Metric measures,current_1,available,public,True,processed,What Are Metric Measures? | KS2 Maths Concept for Kids
2fvvPmAxe5w,How Do You Convert Between Miles and Kilometres? | KS2 Maths Concept for Kids,Twinkl_Educational_Publishing,Year 6_10-11_Autumn__Converting units_4_Miles and kilometres,Miles and kilometres,current_1,available,public,True,processed,How Do You Convert Between Miles and Kilometres? | KS2 Maths Concept for Kids
U_Cr_7MBLmA,Convert Meters to Feet Using Multiple Conversions | m to ft | Dimensional Analysis | Eat Pi,Eat_Pi,Year 6_10-11_Autumn__Converting units_5_Imperial measures,Imperial measures,current_2,available,public,True,processed,Convert Meters to Feet Using Multiple Conversions | m to ft | Dimensional Analysis | Eat Pi
PC_w4ccMaYI,"Grade 5 Math #10.3, Convert Customary Weights",JoAnn's_School,Year 6_10-11_Autumn__Converting units_5_Imperial measures,Imperial measures,current_3,available,public,True,processed,"Grade 5 Math #10.3, Convert Customary Weights"
OyWZN5h96Hk,Simplifying Fractions - How to Simply Fractions,Miacademy_&_MiaPrep_Learning_Channel,Year 6_10-11_Autumn__Fractions A_1_Equivalent fractions and simplifying,Equivalent fractions and simplifying,current_1,available,public,True,processed,Simplifying Fractions - How to Simply Fractions
pccNZ9CKm4g,"4th Grade Math 6.3, Fractions in Simplest Form, a.k.a. Reducing",JoAnn's_School,Year 6_10-11_Autumn__Fractions A_1_Equivalent fractions and simplifying,Equivalent fractions and simplifying,current_3,available,public,True,processed,"4th Grade Math 6.3, Fractions in Simplest Form, a.k.a. Reducing"
sG74ANsvcm4,Comparing and Ordering Fractions by Finding a Common Denominator | KS2 Maths,Twinkl_Educational_Publishing,Year 6_10-11_Autumn__Fractions A_3_Compare and order (denominator),Compare and order (denominator),current_2,available,public,True,processed,Comparing and Ordering Fractions by Finding a Common Denominator | KS2 Maths
yQpFL8NZF4w,Comparing Fractions with the same Numerator | Concept and Practice,Cuemath_Academy,Year 6_10-11_Autumn__Fractions A_4_Compare and order (numerator),Compare and order (numerator),current_2,available,public,True,processed,Comparing Fractions with the same Numerator | Concept and Practice
N-Y0Kvcnw8g,Math Antics - Common Denominator ECD,mathantics,Year 6_10-11_Autumn__Fractions A_6_Add and subtract any two fractions,Add and subtract any two fractions,current_3,available,public,True,processed,Math Antics - Common Denominator ECD
o7hdfTULD2M,How to Add Mixed Numbers For Kids!,Doodles_and_Digits___Educational_Math_Videos,Year 6_10-11_Autumn__Fractions A_7_Add mixed numbers,Add mixed numbers,current_3,available,public,True,processed,How to Add Mixed Numbers For Kids!
KB-GCx9NcCM,"Subtracting Mixed Numbers - 3 Strategies for Kids (Number Line, Models & Equations!)",Doodles_and_Digits___Educational_Math_Videos,Year 6_10-11_Autumn__Fractions A_8_Subtract mixed numbers,Subtract mixed numbers,current_3,available,public,True,processed,"Subtracting Mixed Numbers - 3 Strategies for Kids (Number Line, Models & Equations!)"
qmfXyR7Z6Lk,Math Antics - Multiplying Fractions,mathantics,Year 6_10-11_Autumn__Fractions B_2_Multiply fractions by fractions,Multiply fractions by fractions,current_1,available,public,True,processed,Math Antics - Multiplying Fractions
FPhadAYVwbc,"5th Grade Math 7.4, Model Multiplying Fractions By Fractions",JoAnn's_School,Year 6_10-11_Autumn__Fractions B_2_Multiply fractions by fractions,Multiply fractions by fractions,current_2,available,public,True,processed,"5th Grade Math 7.4, Model Multiplying Fractions By Fractions"
XpDw-M0wZRU,Year 2: Maths Solving Problems with the four operations (Unit 12 - Lesson 12),KS1,Year 6_10-11_Autumn__Fractions B_5_Mixed questions with fractions,Mixed questions with fractions,current_3,available,public,True,processed,Year 2: Maths Solving Problems with the four operations (Unit 12 - Lesson 12)
UZJ70OyCknY,"4th Grade Math 8.3, Multiply a Fraction to a Whole Number Using MODELS",JoAnn's_School,Year 6_10-11_Autumn__Fractions B_6_Fraction of an amount,Fraction of an amount,current_2,available,public,True,processed,"4th Grade Math 8.3, Multiply a Fraction to a Whole Number Using MODELS"
Ju3kQjmcH5g,Place Value for Kids | What Is Place Value? Place Value for 1st Graders,Learn_Bright,"Year 6_10-11_Autumn__Place value_1_Numbers to 1,000,000","Numbers to 1,000,000",current_3,available,public,True,processed,Place Value for Kids | What Is Place Value? Place Value for 1st Graders
-GT-bIYr0RI,"Grade 4 Math, 1.1a, Place Values to One Million",JoAnn's_School,"Year 6_10-11_Autumn__Place value_2_Numbers to 10,000,000","Numbers to 10,000,000",current_1,available,public,True,processed,"Grade 4 Math, 1.1a, Place Values to One Million"
5mACJSOWSTw,Multiplication and division by 10 and 100 | Number and Place Value | Year 5,Mathspace,Year 6_10-11_Autumn__Place value_4_Powers of 10,Powers of 10,current_3,available,public,True,processed,Multiplication and division by 10 and 100 | Number and Place Value | Year 5
OkA4UUEaVSU,How Do You Use Place Value for Numbers up to 10 000 000? | KS2 Maths Concept for Kids,Twinkl_Educational_Publishing,"Year 6_10-11_Autumn__Place value_5_Number line to 10,000,000","Number line to 10,000,000",current_3,available,public,True,processed,How Do You Use Place Value for Numbers up to 10 000 000? | KS2 Maths Concept for Kids
lRn2ECAIUlw,How Do You Compare and Order Positive Integers? | KS2 Maths Concept for Kids,Twinkl_Educational_Publishing,Year 6_10-11_Autumn__Place value_6_Compare and order any integers,Compare and order any integers,current_1,available,public,True,processed,How Do You Compare and Order Positive Integers? | KS2 Maths Concept for Kids
26-SgHwkFf0,How Do You Solve Algebraic Problems with Two Unknowns? | KS2 Maths Concept for Kids,Twinkl_Educational_Publishing,Year 6_10-11_Spring__Algebra_10_Solve problems with two unknowns,Solve problems with two unknowns,current_1,available,public,True,processed,How Do You Solve Algebraic Problems with Two Unknowns? | KS2 Maths Concept for Kids
7XIyvKV7hME,"6th Grade Math 10.1b, Model Algebraic Expressions and Compare Expressions Using Models",JoAnn's_School,Year 6_10-11_Spring__Algebra_10_Solve problems with two unknowns,Solve problems with two unknowns,current_3,available,public,True,processed,"6th Grade Math 10.1b, Model Algebraic Expressions and Compare Expressions Using Models"
WVcDtCYLqI4,"8th Grade Math 6.1a, Understanding Relationships as Input and Output, Functions",JoAnn's_School,Year 6_10-11_Spring__Algebra_1_1-step function machines,1-step function machines,current_2,embedding_disabled,public,False,processed,"8th Grade Math 6.1a, Understanding Relationships as Input and Output, Functions"
-5dNI0YYlJs,Can you solve one step function machines?,MRMAHeritage,Year 6_10-11_Spring__Algebra_1_1-step function machines,1-step function machines,current_3,available,public,True,processed,Can you solve one step function machines?
qswlPb8640A,Function Machines (1) C1-F2,Battersea_Classroom,Year 6_10-11_Spring__Algebra_2_2-step function machines,2-step function machines,current_2,available,public,True,processed,Function Machines (1) C1-F2
31Vl8SmvVFM,How Do You Form Algebraic Expressions? | KS2 Maths Concept for Kids,Twinkl_Educational_Publishing,Year 6_10-11_Spring__Algebra_3_Form expressions,Form expressions,current_1,available,public,True,processed,How Do You Form Algebraic Expressions? | KS2 Maths Concept for Kids
E-EfBy-Pgno,"Parts of Algebraic Expressions – Identifying Variables, Terms, and More",Miacademy_&_MiaPrep_Learning_Channel,Year 6_10-11_Spring__Algebra_3_Form expressions,Form expressions,current_2,available,public,True,processed,"Parts of Algebraic Expressions – Identifying Variables, Terms, and More"
Xfn3EVub-eo,"6th Grade Math 10.1a, Writing Algebraic Expressions",JoAnn's_School,Year 6_10-11_Spring__Algebra_3_Form expressions,Form expressions,current_3,available,public,True,processed,"6th Grade Math 10.1a, Writing Algebraic Expressions"
WHOb5yJUUDY,What Is Substitution in Algebra? | KS2 Maths Concept for Kids,Twinkl_Educational_Publishing,Year 6_10-11_Spring__Algebra_4_Substitution,Substitution,current_1,available,public,True,processed,What Is Substitution in Algebra? | KS2 Maths Concept for Kids
ABWiUiwTM-Q,"Evaluating Expressions - Variables, Substitution, and Evaluation",Miacademy_&_MiaPrep_Learning_Channel,Year 6_10-11_Spring__Algebra_4_Substitution,Substitution,current_2,available,public,True,processed,"Evaluating Expressions - Variables, Substitution, and Evaluation"
xYI0DFglhe0,What Is Algebraic Formula? | KS2 Maths Concept for Kids,Twinkl_Educational_Publishing,Year 6_10-11_Spring__Algebra_5_Formulae,Formulae,current_1,available,public,True,processed,What Is Algebraic Formula? | KS2 Maths Concept for Kids
1Ugk12y7TQM,Finding the Area of a Rectangle Using the Formula | Math with Mr. J,Math_with_Mr._J,Year 6_10-11_Spring__Algebra_5_Formulae,Formulae,current_2,available,public,True,processed,Finding the Area of a Rectangle Using the Formula | Math with Mr. J
1QFo9mKyihE,"6th Grade Math 10.2c, Evaluating Real World Expressions",JoAnn's_School,Year 6_10-11_Spring__Algebra_5_Formulae,Formulae,current_3,available,public,True,processed,"6th Grade Math 10.2c, Evaluating Real World Expressions"
Qa-MCLDrSlI,"Variables, Expressions, and Equations | Math with Mr. J",Math_with_Mr._J,Year 6_10-11_Spring__Algebra_6_Form equations,Form equations,current_1,available,public,True,processed,"Variables, Expressions, and Equations | Math with Mr. J"
wX8b0hdmRao,How Do You Solve One Step Equations in Algebra? | KS2 Maths Concept for Kids,Twinkl_Educational_Publishing,Year 6_10-11_Spring__Algebra_6_Form equations,Form equations,current_2,available,public,True,processed,How Do You Solve One Step Equations in Algebra? | KS2 Maths Concept for Kids
qg5hCaZlKEY,Solving Equations Using Substitution - What Does It Mean To Solve an Equation?,Miacademy_&_MiaPrep_Learning_Channel,Year 6_10-11_Spring__Algebra_6_Form equations,Form equations,current_3,available,public,True,processed,Solving Equations Using Substitution - What Does It Mean To Solve an Equation?
7nUXDF4co_w,Two-Step Equations: Part 1 - Solving With Inverse Operations,Miacademy_&_MiaPrep_Learning_Channel,Year 6_10-11_Spring__Algebra_8_Solve 2-step equations,Solve 2-step equations,current_3,available,public,True,processed,Two-Step Equations: Part 1 - Solving With Inverse Operations
v9cojqqo13I,How Do You Find Pairs of Values in Algebra? | KS2 Maths Concept for Kids,Twinkl_Educational_Publishing,Year 6_10-11_Spring__Algebra_9_Find pairs of values,Find pairs of values,current_1,available,public,True,processed,How Do You Find Pairs of Values in Algebra? | KS2 Maths Concept for Kids
Goi6QIJ9VTE,"Algebra I #7.2a, Solutions for equations with Two variables",JoAnn's_School,Year 6_10-11_Spring__Algebra_9_Find pairs of values,Find pairs of values,current_3,available,public,True,processed,"Algebra I #7.2a, Solutions for equations with Two variables"
5UXH9d0JIi0,"3rd Grade Math 11.10, Same Areas,  Different Perimeters",JoAnn's_School,Year 6_10-11_Spring__Area perimeter and volume_2_Area and perimeter,Area and perimeter,current_2,available,public,True,processed,"3rd Grade Math 11.10, Same Areas,  Different Perimeters"
sHgw7cbIUSM,Triangles - Calculating Perimeter and Area,Miacademy_&_MiaPrep_Learning_Channel,Year 6_10-11_Spring__Area perimeter and volume_3_Area of a triangle – counting squares,Area of a triangle – counting squares,current_3,available,public,True,processed,Triangles - Calculating Perimeter and Area
45vTQOfYmbQ,How Do You Calculate the Area of a Right-Angled Triangle? | KS2 Maths Concept for Kids,Twinkl_Educational_Publishing,Year 6_10-11_Spring__Area perimeter and volume_4_Area of a right-angled triangle,Area of a right-angled triangle,current_1,available,public,True,processed,How Do You Calculate the Area of a Right-Angled Triangle? | KS2 Maths Concept for Kids
dIb8vG-yVdk,Area of Polygons: Part 2 - Applying Formulas to the Real World,Miacademy_&_MiaPrep_Learning_Channel,Year 6_10-11_Spring__Area perimeter and volume_4_Area of a right-angled triangle,Area of a right-angled triangle,current_2,available,public,True,processed,Area of Polygons: Part 2 - Applying Formulas to the Real World
hNVadxm1yjw,How Do You Calculate the Area of Any Triangle? | KS2 Maths Concept for Kids,Twinkl_Educational_Publishing,Year 6_10-11_Spring__Area perimeter and volume_5_Area of any triangle,Area of any triangle,current_1,available,public,True,processed,How Do You Calculate the Area of Any Triangle? | KS2 Maths Concept for Kids
hm17lVaor0Q,Area of parallelograms intuition | Algebra I | High School Math | Khan Academy,Khan_Academy,Year 6_10-11_Spring__Area perimeter and volume_6_Area of a parallelogram,Area of a parallelogram,current_1,available,public,True,processed,Area of parallelograms intuition | Algebra I | High School Math | Khan Academy
pNnZ-WgK0fs,"6th Grade Math 13.1a, Area of a Parallelogram",JoAnn's_School,Year 6_10-11_Spring__Area perimeter and volume_6_Area of a parallelogram,Area of a parallelogram,current_2,available,public,True,processed,"6th Grade Math 13.1a, Area of a Parallelogram"
cqUSiAT6mV8,Parallelograms and Trapezoids Part 2 - Area Practice,Miacademy_&_MiaPrep_Learning_Channel,Year 6_10-11_Spring__Area perimeter and volume_6_Area of a parallelogram,Area of a parallelogram,current_3,available,public,True,processed,Parallelograms and Trapezoids Part 2 - Area Practice
2TJ2AT_EHtw,"Grade 5 Math #11.7, Find Volume with cube units (Rectangular prism)",JoAnn's_School,Year 6_10-11_Spring__Area perimeter and volume_7_Volume – counting cubes,Volume – counting cubes,current_3,available,public,True,processed,"Grade 5 Math #11.7, Find Volume with cube units (Rectangular prism)"
itg5KfKNwaU,How Do You Calculate the Volume of a Cuboid? | KS2 Maths Concept for Kids,Twinkl_Educational_Publishing,Year 6_10-11_Spring__Area perimeter and volume_8_Volume of a cuboid,Volume of a cuboid,current_1,available,public,True,processed,How Do You Calculate the Volume of a Cuboid? | KS2 Maths Concept for Kids
C3FFjSvV1IM,Working With Volume - Volume Formulas for Rectangular Prisms,Miacademy_&_MiaPrep_Learning_Channel,Year 6_10-11_Spring__Area perimeter and volume_8_Volume of a cuboid,Volume of a cuboid,current_2,available,public,True,processed,Working With Volume - Volume Formulas for Rectangular Prisms
UHUx5ygYlCM,Easy Way to Learn to calculate volume and capacity,Zaaxa_com,Year 6_10-11_Spring__Area perimeter and volume_8_Volume of a cuboid,Volume of a cuboid,current_3,available,public,True,processed,Easy Way to Learn to calculate volume and capacity
GfL0s6tCNV4,"Multiplying Decimals by 10, 100, 1000",Let's_Do_Math,"Year 6_10-11_Spring__Decimals_5_Multiply by 10, 100 and 1,000","Multiply by 10, 100 and 1,000",current_1,available,public,True,processed,"Multiplying Decimals by 10, 100, 1000"
rMyX0STdnEY,How Do You Multiply by 1000? | KS2 Maths Concept for Kids,Twinkl_Educational_Publishing,"Year 6_10-11_Spring__Decimals_5_Multiply by 10, 100 and 1,000","Multiply by 10, 100 and 1,000",current_3,available,public,True,processed,How Do You Multiply by 1000? | KS2 Maths Concept for Kids
JSRU83Dqr5o,"5th Grade Math 4.2, Model Multiplying Decimals by Whole Numbers",JoAnn's_School,Year 6_10-11_Spring__Decimals_7_Multiply decimals by integers,Multiply decimals by integers,current_1,available,public,True,processed,"5th Grade Math 4.2, Model Multiplying Decimals by Whole Numbers"
7Tel3EXcs5A,Multiply numbers with tenths by 10 | Decimals | Year 3,Key_Stage_2_Maths,Year 6_10-11_Spring__Decimals_7_Multiply decimals by integers,Multiply decimals by integers,current_2,available,public,True,processed,Multiply numbers with tenths by 10 | Decimals | Year 3
Rp1jwUZlJpg,Divide a decimal number by a single digit number (applying times table facts),Key_Stage_2_Maths,Year 6_10-11_Spring__Decimals_8_Divide decimals by integers,Divide decimals by integers,current_1,available,public,True,processed,Divide a decimal number by a single digit number (applying times table facts)
yIx-yi23Kro,"5th Grade Math 5.2, Model Dividing Decimals by Whole Numbers",JoAnn's_School,Year 6_10-11_Spring__Decimals_8_Divide decimals by integers,Divide decimals by integers,current_2,available,public,True,processed,"5th Grade Math 5.2, Model Dividing Decimals by Whole Numbers"
XsC44myIzSk,"5th Grade Math 4.7, Multiply Decimals, Placing the Decimal Point",JoAnn's_School,Year 6_10-11_Spring__Decimals_9_Multiply and divide decimals in context,Multiply and divide decimals in context,current_2,available,public,True,processed,"5th Grade Math 4.7, Multiply Decimals, Placing the Decimal Point"
KDWcLYGqgBI,Decimals quarters and halves,Thomas_Brooks,Year 6_10-11_Spring__Fractions decimals and percentages_1_Decimal and fraction equivalents,Decimal and fraction equivalents,current_2,available,public,True,processed,Decimals quarters and halves
Tceuvg9vjyc,Math Antics - Converting Any Fraction,mathantics,Year 6_10-11_Spring__Fractions decimals and percentages_2_Fractions as division,Fractions as division,current_1,available,public,True,processed,Math Antics - Converting Any Fraction
LglTfyDP9V0,"4th Grade Math 9.3, Equivalent Fractions and Decimals",JoAnn's_School,Year 6_10-11_Spring__Fractions decimals and percentages_2_Fractions as division,Fractions as division,current_2,available,public,True,processed,"4th Grade Math 9.3, Equivalent Fractions and Decimals"
h8XZVJ_UF84,"Find a percentage of a number by first finding 1, 5, 10 or 50 percent",Key_Stage_2_Maths,Year 6_10-11_Spring__Fractions decimals and percentages_3_Understand percentages,Understand percentages,current_2,available,public,True,processed,"Find a percentage of a number by first finding 1, 5, 10 or 50 percent"
yEsLNpHGsfY,"Grade 6 Math #3.2, How to put fractions and decimals into size order",JoAnn's_School,"Year 6_10-11_Spring__Fractions decimals and percentages_6_Order fractions, decimals and percentages","Order fractions, decimals and percentages",current_2,available,public,True,processed,"Grade 6 Math #3.2, How to put fractions and decimals into size order"
KlwFm-5r9Y0,How Do You Find a Percentage of an Amount with a Single Step? | KS2 Maths Concept for Kids,Twinkl_Educational_Publishing,Year 6_10-11_Spring__Fractions decimals and percentages_7_Percentage of an amount – one step,Percentage of an amount – one step,current_1,available,public,True,processed,How Do You Find a Percentage of an Amount with a Single Step? | KS2 Maths Concept for Kids
7Jl1BRhXls4,Percentages of an Amount - GCSE Maths,1st_Class_Maths,Year 6_10-11_Spring__Fractions decimals and percentages_7_Percentage of an amount – one step,Percentage of an amount – one step,current_2,available,public,True,processed,Percentages of an Amount - GCSE Maths
W1Ke82kaLCo,How to Use 1% and 10% to Find Percentages (Step-by-Step),Maths_with_Mrs_B,Year 6_10-11_Spring__Fractions decimals and percentages_7_Percentage of an amount – one step,Percentage of an amount – one step,current_3,available,public,True,processed,How to Use 1% and 10% to Find Percentages (Step-by-Step)
f9bBk5mweeU,"Learn to Calculate 25%, 50% and 75% of a Number Fast!",Maths_with_Mrs_B,Year 6_10-11_Spring__Fractions decimals and percentages_8_Percentage of an amount – multi-step,Percentage of an amount – multi-step,current_1,available,public,True,processed,"Learn to Calculate 25%, 50% and 75% of a Number Fast!"
0qjxiUEBJK4,Percent of a Number,Math_Grizz,Year 6_10-11_Spring__Fractions decimals and percentages_8_Percentage of an amount – multi-step,Percentage of an amount – multi-step,current_2,available,public,True,processed,Percent of a Number
ftYuX7-jNzk,How Do You Calculate Missing Values in Percentages? | KS2 Maths Concept for Kids,Twinkl_Educational_Publishing,Year 6_10-11_Spring__Fractions decimals and percentages_9_Percentages – missing values,Percentages – missing values,current_1,available,public,True,processed,How Do You Calculate Missing Values in Percentages? | KS2 Maths Concept for Kids
VWO1m0S-a9Y,Ratios for recipes,Khan_Academy,Year 6_10-11_Spring__Ratio_10_Recipes,Recipes,current_1,available,public,True,processed,Ratios for recipes
sTSdaZTV4bA,Sugar to Water Ratio 2:5 — How Much Water for 8 Parts?,TabletClass_Math,Year 6_10-11_Spring__Ratio_10_Recipes,Recipes,current_2,available,public,True,processed,Sugar to Water Ratio 2:5 — How Much Water for 8 Parts?
C-MFChpghEk,Ratio & Proportion - Key Stage 2 Maths,Miss_Educate,Year 6_10-11_Spring__Ratio_10_Recipes,Recipes,current_3,available,public,True,processed,Ratio & Proportion - Key Stage 2 Maths
RQ2nYUBVvqI,Math Antics - Ratios And Rates,mathantics,Year 6_10-11_Spring__Ratio_1_Add or multiply?,Add or multiply?,current_3,available,public,True,processed,Math Antics - Ratios And Rates
3eJDRmHlfvs,What Is Ratio? | KS2 Maths Concept for Kids,Twinkl_Educational_Publishing,Year 6_10-11_Spring__Ratio_2_Use ratio language,Use ratio language,current_1,available,public,True,processed,What Is Ratio? | KS2 Maths Concept for Kids
Vo7QdUUEjf0,What is Ratio Language? | KS2 Maths Concept for Kids,Twinkl_Educational_Publishing,Year 6_10-11_Spring__Ratio_2_Use ratio language,Use ratio language,current_3,available,public,True,processed,What is Ratio Language? | KS2 Maths Concept for Kids
cZTcn9ENO20,Introduction to Ratios - Expressing Ratios in Three Forms,Miacademy_&_MiaPrep_Learning_Channel,Year 6_10-11_Spring__Ratio_3_Introduction to the ratio symbol,Introduction to the ratio symbol,current_3,available,public,True,processed,Introduction to Ratios - Expressing Ratios in Three Forms
9FUYLC8v3Wk,Ratios vs. Fractions,Go_M-A-D_4_Learning,Year 6_10-11_Spring__Ratio_4_Ratio and fractions,Ratio and fractions,current_3,available,public,True,processed,Ratios vs. Fractions
a_ZlnD3N-Ik,Scaling Refresher - How To Find Scale Factor and Missing Sides,Miacademy_&_MiaPrep_Learning_Channel,Year 6_10-11_Spring__Ratio_5_Scale drawing,Scale drawing,current_1,available,public,True,processed,Scaling Refresher - How To Find Scale Factor and Missing Sides
H2k7r64KPic,Scale drawings 1 (7th grade math),Maths_4_Kids,Year 6_10-11_Spring__Ratio_5_Scale drawing,Scale drawing,current_3,available,public,True,processed,Scale drawings 1 (7th grade math)
ecc9qXeLegU,How Do I Use Scale Factors? | KS2 Maths Concept for Kids,Twinkl_Educational_Publishing,Year 6_10-11_Spring__Ratio_6_Use scale factors,Use scale factors,current_2,available,public,True,processed,How Do I Use Scale Factors? | KS2 Maths Concept for Kids
6ItURzd64WE,Art of Problem Solving: Introducing Ratios,Art_of_Problem_Solving,Year 6_10-11_Spring__Ratio_8_Ratio problems,Ratio problems,current_2,available,public,True,processed,Art of Problem Solving: Introducing Ratios
s6vNggGjHXI,Solving Proportions - Geometry Practice With Proportions,Miacademy_&_MiaPrep_Learning_Channel,Year 6_10-11_Spring__Ratio_9_Proportion problems,Proportion problems,current_2,available,public,True,processed,Solving Proportions - Geometry Practice With Proportions
0qtIHdda19s,Ratios and measurement,Khan_Academy,Year 6_10-11_Spring__Ratio_9_Proportion problems,Proportion problems,current_3,available,public,True,processed,Ratios and measurement
p5cCyxKBMsI,What are Dual Bar Charts? | KS2 Maths Concept for Kids,Twinkl_Educational_Publishing,Year 6_10-11_Spring__Statistics_2_Dual bar charts,Dual bar charts,current_1,available,public,True,processed,What are Dual Bar Charts? | KS2 Maths Concept for Kids
Tn8CP1siR9w,"Grade 6 Math #7.1, Double Bar graphs and Double line graphs",JoAnn's_School,Year 6_10-11_Spring__Statistics_2_Dual bar charts,Dual bar charts,current_2,available,public,True,processed,"Grade 6 Math #7.1, Double Bar graphs and Double line graphs"
5bCxydTPfe0,How to Calculate the Mean Average,Clever_Clogs_Academy,Year 6_10-11_Spring__Statistics_6_The mean,The mean,current_1,available,public,True,processed,How to Calculate the Mean Average
B1HEzNTGeZ4,"Math Antics - Mean, Median and Mode",mathantics,Year 6_10-11_Spring__Statistics_6_The mean,The mean,current_2,available,public,True,processed,"Math Antics - Mean, Median and Mode"
iXBlpfusswM,Finding the Mean - Calculating and Interpreting Averages,Miacademy_&_MiaPrep_Learning_Channel,Year 6_10-11_Spring__Statistics_6_The mean,The mean,current_3,available,public,True,processed,Finding the Mean - Calculating and Interpreting Averages
4O_LHYxfaWA,Reflecting shapes on a coordinate grid and across mirror lines | Geometry,The_Maths_Man,Year 6_10-11_Summer__Position and direction_5_Reflections,Reflections,current_1,available,public,True,processed,Reflecting shapes on a coordinate grid and across mirror lines | Geometry
4yrxRAp8OeU,"6th Grade Math 14.1a, Reflecting in the Coordinate Plane",JoAnn's_School,Year 6_10-11_Summer__Position and direction_5_Reflections,Reflections,current_2,available,public,True,processed,"6th Grade Math 14.1a, Reflecting in the Coordinate Plane"
2BoAC4HeEts,This art lesson can help you teach 3D shapes! How to draw three dimensional objects the easy way.,ArtJohn,Year 6_10-11_Summer__Shape_10_Draw shapes accurately,Draw shapes accurately,current_2,available,public,True,processed,This art lesson can help you teach 3D shapes! How to draw three dimensional objects the easy way.
TFQDFd4pGU8,"Kindergarten Math 9.12, Problem Solving, Draw to Join Shapes",JoAnn's_School,Year 6_10-11_Summer__Shape_10_Draw shapes accurately,Draw shapes accurately,current_3,embedding_disabled,public,False,processed,"Kindergarten Math 9.12, Problem Solving, Draw to Join Shapes"
cnySNeoPx50,Nets - Corbettmaths,corbettmaths,Year 6_10-11_Summer__Shape_11_Nets of 3-D shapes,Nets of 3-D shapes,current_3,available,public,True,processed,Nets - Corbettmaths
0qP6DW0WYCY,How Do You Measure Angles with a Protractor? | KS2 Maths Concept for Kids,Twinkl_Educational_Publishing,Year 6_10-11_Summer__Shape_1_Measure and classify angles,Measure and classify angles,current_1,available,public,True,processed,How Do You Measure Angles with a Protractor? | KS2 Maths Concept for Kids
aF8Yqs6hlGU,"Grade 4 Math 11.4, Join and Separate Angles",JoAnn's_School,Year 6_10-11_Summer__Shape_2_Calculate angles,Calculate angles,current_3,available,public,True,processed,"Grade 4 Math 11.4, Join and Separate Angles"
btu5YpCFlVA,How Do You Calculate Opposite Angles? | KS2 Maths Concept for Kids,Twinkl_Educational_Publishing,Year 6_10-11_Summer__Shape_3_Vertically opposite angles,Vertically opposite angles,current_1,available,public,True,processed,How Do You Calculate Opposite Angles? | KS2 Maths Concept for Kids
ECw8rZA-4gQ,Angle relationships: vertical angles (7th grade math),Maths_4_Kids,Year 6_10-11_Summer__Shape_3_Vertically opposite angles,Vertically opposite angles,current_2,available,public,True,processed,Angle relationships: vertical angles (7th grade math)
QR6F7MvCr9Q,Vertical Angles & Intersecting Lines | 7.G.B.5 💚💙,The_Magic_of_Math,Year 6_10-11_Summer__Shape_3_Vertically opposite angles,Vertically opposite angles,current_3,available,public,True,processed,Vertical Angles & Intersecting Lines | 7.G.B.5 💚💙
yCg1JDpXIM0,"8th Grade Math 11.2a, Sum of the Angle Measures in a Triangle",JoAnn's_School,Year 6_10-11_Summer__Shape_4_Angles in a triangle,Angles in a triangle,current_3,available,public,True,processed,"8th Grade Math 11.2a, Sum of the Angle Measures in a Triangle"
nY0M_ZhEncY,Learn all about Quadrilaterals!,Mr._Tom_Teaches_Again,Year 6_10-11_Summer__Shape_7_Angles in a quadrilateral,Angles in a quadrilateral,current_3,available,public,True,processed,Learn all about Quadrilaterals!
jvlnV6yplEk,"5th Grade Math 11.1, Polygons, Sides, Angles, Vertices, Congruence",JoAnn's_School,Year 6_10-11_Summer__Shape_8_Angles in polygons,Angles in polygons,current_2,available,public,True,processed,"5th Grade Math 11.1, Polygons, Sides, Angles, Vertices, Congruence"
04N79tItPEA,"Labeling parts of a circle | Perimeter, area, and volume | Geometry | Khan Academy",Khan_Academy,Year 6_10-11_Summer__Shape_9_Circles,Circles,current_1,available,public,True,processed,"Labeling parts of a circle | Perimeter, area, and volume | Geometry | Khan Academy"
Uvm9P1Cs8a4,"Introduction to Circles - Identifying Radius, Diameter, Center & Circumference",Miacademy_&_MiaPrep_Learning_Channel,Year 6_10-11_Summer__Shape_9_Circles,Circles,current_2,available,public,True,processed,"Introduction to Circles - Identifying Radius, Diameter, Center & Circumference"
ZRQJGecu1fs,Function Notation - GCSE Higher Maths,1st_Class_Maths,Year 7_11-12_Autumn__Algebraic notation_2_1-step function machines (algebra),1-step function machines (algebra),current_2,available,public,True,processed,Function Notation - GCSE Higher Maths
WZdZhuUSmpM,Introduction to Algebra: Using Variables,Professor_Dave_Explains,Year 7_11-12_Autumn__Algebraic notation_4_Substitution (one step),Substitution (one step),current_2,available,public,True,processed,Introduction to Algebra: Using Variables
6YmTFcBZJoo,Translating to Create Expressions – Learn How to Translate Between Words and Algebra,Miacademy_&_MiaPrep_Learning_Channel,Year 7_11-12_Autumn__Algebraic notation_7_Find a function (two step),Find a function (two step),current_3,available,public,True,processed,Translating to Create Expressions – Learn How to Translate Between Words and Algebra
S_OX3ByvBSc,How to evaluate expressions with two variables | 6th grade | Khan Academy,Khan_Academy,Year 7_11-12_Autumn__Algebraic notation_8_Substitution (two step),Substitution (two step),current_1,available,public,True,processed,How to evaluate expressions with two variables | 6th grade | Khan Academy
gf93G4qJna8,"6th Grade Math 16.1b, Measures of Center, Finding the Median",JoAnn's_School,Year 7_11-12_Autumn__Averages and range_3_Median,Median,current_3,available,public,True,processed,"6th Grade Math 16.1b, Measures of Center, Finding the Median"
xF_oQb34Za0,What is the Range? | Example Question | Math with Mr. J,Math_with_Mr._J,Year 7_11-12_Autumn__Averages and range_4_Range,Range,current_1,available,public,True,processed,What is the Range? | Example Question | Math with Mr. J
gEGKvx1wlFg,Equal sign | Addition and subtraction within 20 | Early Math | Khan Academy,Khan_Academy,Year 7_11-12_Autumn__Expressions and equations_1_Equality and equivalence,Equality and equivalence,current_1,available,public,True,processed,Equal sign | Addition and subtraction within 20 | Early Math | Khan Academy
4fH7Ev8rgqk,Understanding the Equals Symbol: Addition and Subtraction within/to 6,Highland_Numeracy_and_Mathematics,Year 7_11-12_Autumn__Expressions and equations_1_Equality and equivalence,Equality and equivalence,current_2,available,public,True,processed,Understanding the Equals Symbol: Addition and Subtraction within/to 6
IK8qjqG98jc,Introduction to Expressions - Interpreting and Evaluating Numerical Expressions,Miacademy_&_MiaPrep_Learning_Channel,Year 7_11-12_Autumn__Expressions and equations_1_Equality and equivalence,Equality and equivalence,current_3,available,public,True,processed,Introduction to Expressions - Interpreting and Evaluating Numerical Expressions
yG9fA1fAD2k,"3rd Grade Math 6.8, Write Related Multiplication & Division Facts",JoAnn's_School,Year 7_11-12_Autumn__Expressions and equations_2_Related facts,Related facts,current_1,available,public,True,processed,"3rd Grade Math 6.8, Write Related Multiplication & Division Facts"
VJWc9UdxwA4,Combining Like Terms - How To Identify and Combine Like Terms in Algebra,Miacademy_&_MiaPrep_Learning_Channel,Year 7_11-12_Autumn__Expressions and equations_3_Like and unlike terms,Like and unlike terms,current_1,available,public,True,processed,Combining Like Terms - How To Identify and Combine Like Terms in Algebra
XlwbH6kd7aE,"Intro Algebra Word Problems #4a - Combining ""like terms"" in word problems",JoAnn's_School,Year 7_11-12_Autumn__Expressions and equations_3_Like and unlike terms,Like and unlike terms,current_3,available,public,True,processed,"Intro Algebra Word Problems #4a - Combining ""like terms"" in word problems"
zJ8EF9bmiBo,"Algebra I #1.5c, Collecting / Combining like terms",JoAnn's_School,Year 7_11-12_Autumn__Expressions and equations_4_Collect like terms,Collect like terms,current_3,available,public,True,processed,"Algebra I #1.5c, Collecting / Combining like terms"
SyLepUEWX4g,What Is the Order of Operations? | KS2 Maths Concept for Kids,Twinkl_Educational_Publishing,Year 7_11-12_Autumn__Four operations_10_Order of operations,Order of operations,current_1,available,public,True,processed,What Is the Order of Operations? | KS2 Maths Concept for Kids
y8fGoZjb67c,"3rd Grade Math 7.11, Order of Operations, Multiply or Divide then Add or Subtract",JoAnn's_School,Year 7_11-12_Autumn__Four operations_10_Order of operations,Order of operations,current_2,available,public,True,processed,"3rd Grade Math 7.11, Order of Operations, Multiply or Divide then Add or Subtract"
UlVnnmGcHWI,Evaluating Expressions - Apply the Order of Operations,Miacademy_&_MiaPrep_Learning_Channel,Year 7_11-12_Autumn__Four operations_10_Order of operations,Order of operations,current_3,available,public,True,processed,Evaluating Expressions - Apply the Order of Operations
DpybWOgghc4,"6th Grade Math 5.2, Adding and Subtracting Decimals",JoAnn's_School,Year 7_11-12_Autumn__Four operations_2_Add and subtract decimals,Add and subtract decimals,current_3,available,public,True,processed,"6th Grade Math 5.2, Adding and Subtracting Decimals"
qJB19dAZPpY,Multiply and Divide by Powers of 10 - Math Antics Extras,mathantics,Year 7_11-12_Autumn__Four operations_4_Multiply by 0.1 and 0.01 E,Multiply by 0.1 and 0.01 E,current_1,available,public,True,processed,Multiply and Divide by Powers of 10 - Math Antics Extras
pAeeFvMT-bE,Dividing Decimals - Decimal Dividends and Whole Number Divisors,Miacademy_&_MiaPrep_Learning_Channel,Year 7_11-12_Autumn__Four operations_6_Divide integers,Divide integers,current_3,available,public,True,processed,Dividing Decimals - Decimal Dividends and Whole Number Divisors
cikGV-gh-ig,Multiplying Decimals | Math with Mr. J,Math_with_Mr._J,Year 7_11-12_Autumn__Four operations_7_Multiply decimals,Multiply decimals,current_1,available,public,True,processed,Multiplying Decimals | Math with Mr. J
kwh4SD1ToFc,Math Antics - Decimal Arithmetic,mathantics,Year 7_11-12_Autumn__Four operations_7_Multiply decimals,Multiply decimals,current_2,available,public,True,processed,Math Antics - Decimal Arithmetic
v-QomDXscEI,How to Divide a Decimal by a Whole Number | Math with Mr. J,Math_with_Mr._J,Year 7_11-12_Autumn__Four operations_8_Divide decimals by integers,Divide decimals by integers,current_1,available,public,True,processed,How to Divide a Decimal by a Whole Number | Math with Mr. J
fI4GmoUchxE,"Grade 6 Math #2.4b, Divide a decimal by a whole number",JoAnn's_School,Year 7_11-12_Autumn__Four operations_8_Divide decimals by integers,Divide decimals by integers,current_2,available,public,True,processed,"Grade 6 Math #2.4b, Divide a decimal by a whole number"
NM3jjQfAGJs,"5th Grade Math 5.5, Model Dividing a Decimal by a Decimal",JoAnn's_School,Year 7_11-12_Autumn__Four operations_9_Divide by a decimal E,Divide by a decimal E,current_1,available,public,True,processed,"5th Grade Math 5.5, Model Dividing a Decimal by a Decimal"
XoAirfnKexY,Decimal Division - Divide With Decimal Divisors in Sixth Grade,Miacademy_&_MiaPrep_Learning_Channel,Year 7_11-12_Autumn__Four operations_9_Divide by a decimal E,Divide by a decimal E,current_2,available,public,True,processed,Decimal Division - Divide With Decimal Divisors in Sixth Grade
dt3xveUOlf4,How to Divide a Decimal by a Decimal | Math with Mr. J,Math_with_Mr._J,Year 7_11-12_Autumn__Four operations_9_Divide by a decimal E,Divide by a decimal E,current_3,available,public,True,processed,How to Divide a Decimal by a Decimal | Math with Mr. J
bXkewQ7WEdI,Math Antics - Scientific Notation,mathantics,Year 7_11-12_Autumn__Place value ordering and rounding_12_Negative powers of 10 E,Negative powers of 10 E,current_2,available,public,True,processed,Math Antics - Scientific Notation
GKKQocFG0zs,"8th Grade Math 2.3b, Writing a Small Number in Scientific Notation",JoAnn's_School,Year 7_11-12_Autumn__Place value ordering and rounding_12_Negative powers of 10 E,Negative powers of 10 E,current_3,available,public,True,processed,"8th Grade Math 2.3b, Writing a Small Number in Scientific Notation"
w5tUbLETOzM,Learn how to estimate when multiplying! #shorts,Mr._Tom_Teaches_Again,Year 7_11-12_Autumn__Rounding and estimation_3_Estimate answers to calculations,Estimate answers to calculations,current_3,available,public,True,processed,Learn how to estimate when multiplying! #shorts
EYBy8Jrsy68,"Grade 6 Math #10.7, Patterns and Sequences",JoAnn's_School,Year 7_11-12_Autumn__Sequences_1_Describe and continue sequences,Describe and continue sequences,current_2,available,public,True,processed,"Grade 6 Math #10.7, Patterns and Sequences"
MYFvAj7DFHA,"5th Grade Math 9.5, Numerical Patterns",JoAnn's_School,Year 7_11-12_Autumn__Sequences_2_Find the next term(s),Find the next term(s),current_2,available,public,True,processed,"5th Grade Math 9.5, Numerical Patterns"
6JvIA6JrdqA,"5th Grade Math 3.10, Patterns with Decimals, Sequence & Terms of a Pattern",JoAnn's_School,Year 7_11-12_Autumn__Sequences_4_Continue linear sequences,Continue linear sequences,current_3,available,public,True,processed,"5th Grade Math 3.10, Patterns with Decimals, Sequence & Terms of a Pattern"
ydjsZhX2NU8,Nonlinear Sequences (With Examples),Ben_Maths_Tutor,Year 7_11-12_Autumn__Sequences_5_Continue non-linear sequences,Continue non-linear sequences,current_1,available,public,True,processed,Nonlinear Sequences (With Examples)
pLC_GqWxU2s,Sequences (Term-to-term Rule) - GCSE Maths,1st_Class_Maths,Year 7_11-12_Autumn__Sequences_6_Term-to-term rules,Term-to-term rules,current_1,available,public,True,processed,Sequences (Term-to-term Rule) - GCSE Maths
JI4i1PqY4HM,Generate sequences given a rule in words,Lianne_Lauder,Year 7_11-12_Autumn__Sequences_6_Term-to-term rules,Term-to-term rules,current_2,available,public,True,processed,Generate sequences given a rule in words
WnjrqpKqsPk,Finding Missing Terms in Arithmetic Sequences,numberninja,Year 7_11-12_Autumn__Sequences_7_Find missing terms E,Find missing terms E,current_1,available,public,True,processed,Finding Missing Terms in Arithmetic Sequences
iRIDdMRxju8,Sequences & Series - Find The Missing Terms In The Arithmetic Sequence,Algebra_Jedi,Year 7_11-12_Autumn__Sequences_7_Find missing terms E,Find missing terms E,current_2,available,public,True,processed,Sequences & Series - Find The Missing Terms In The Arithmetic Sequence
q9XCrpLPfGk,"Perimeter and unit conversion | Ratios, proportions, units, and rates | Pre-Algebra | Khan Academy",Khan_Academy,Year 7_11-12_Spring__Convert metric units of length_1_Convert metric units of length,Convert metric units of length,current_2,available,public,True,processed,"Perimeter and unit conversion | Ratios, proportions, units, and rates | Pre-Algebra | Khan Academy"
V44Jxn3ZupQ,Ordering Rational Numbers - Ascending and Descending Order,Miacademy_&_MiaPrep_Learning_Channel,Year 7_11-12_Spring__Directed number_2_Compare and order directed numbers,Compare and order directed numbers,current_2,available,public,True,processed,Ordering Rational Numbers - Ascending and Descending Order
GUFQEwGcDUE,"6th Grade Math 1.2a, Comparing Positive and Negative Integers",JoAnn's_School,Year 7_11-12_Spring__Directed number_2_Compare and order directed numbers,Compare and order directed numbers,current_3,available,public,True,processed,"6th Grade Math 1.2a, Comparing Positive and Negative Integers"
pl2wMAfd3J4,"7th Grade Math 1.2a, Adding Integers with Different Signs on a Number Line",JoAnn's_School,Year 7_11-12_Spring__Directed number_3_Calculations that cross zero,Calculations that cross zero,current_1,available,public,True,processed,"7th Grade Math 1.2a, Adding Integers with Different Signs on a Number Line"
dFmO8SFTUJc,Add and Subtract Negative Integers Part 2 - Prealgebra 1 for Kids and Teens!,Miacademy_&_MiaPrep_Learning_Channel,Year 7_11-12_Spring__Directed number_3_Calculations that cross zero,Calculations that cross zero,current_3,available,public,True,processed,Add and Subtract Negative Integers Part 2 - Prealgebra 1 for Kids and Teens!
LQvYfMsqbEQ,"7th Grade Math 1.2b, Modeling Sums of Integers with Different Signs",JoAnn's_School,Year 7_11-12_Spring__Directed number_4_Directed number and zero pairs,Directed number and zero pairs,current_1,available,public,True,processed,"7th Grade Math 1.2b, Modeling Sums of Integers with Different Signs"
EaygIOiSfDI,"Grade 6 Math #9.2b, More about Integer Addition",JoAnn's_School,Year 7_11-12_Spring__Directed number_4_Directed number and zero pairs,Directed number and zero pairs,current_2,available,public,True,processed,"Grade 6 Math #9.2b, More about Integer Addition"
gjWySCvt2hw,"Grade 6 Math #9.2a, Integer Addition",JoAnn's_School,Year 7_11-12_Spring__Directed number_4_Directed number and zero pairs,Directed number and zero pairs,current_3,available,public,True,processed,"Grade 6 Math #9.2a, Integer Addition"
Dfytkh_lYME,Subtracting Integers Using a Number Line | Math with Mr. J,Math_with_Mr._J,Year 7_11-12_Spring__Directed number_6_Subtract directed numbers,Subtract directed numbers,current_1,available,public,True,processed,Subtracting Integers Using a Number Line | Math with Mr. J
4CGpDNuK_4s,Multiplying Integers - Rules and Practice for Positive and Negative Products,Miacademy_&_MiaPrep_Learning_Channel,Year 7_11-12_Spring__Directed number_7_Multiply and divide directed numbers,Multiply and divide directed numbers,current_1,deleted,deleted,False,deleted,
K_tPbVPfHgk,Math Antics - Integer Multiplication & Division,mathantics,Year 7_11-12_Spring__Directed number_7_Multiply and divide directed numbers,Multiply and divide directed numbers,current_2,available,public,True,processed,Math Antics - Integer Multiplication & Division
bQ-KR3clFgs,Dividing positive and negative numbers | Pre-Algebra | Khan Academy,Khan_Academy,Year 7_11-12_Spring__Directed number_7_Multiply and divide directed numbers,Multiply and divide directed numbers,current_3,available,public,True,processed,Dividing positive and negative numbers | Pre-Algebra | Khan Academy
HhFWP3zsVXY,Negative Numbers with a Calculator,Mr_McMahon_Maths,Year 7_11-12_Spring__Directed number_9_Use a calculator with negative and postive numbers,Use a calculator with negative and postive numbers,current_1,available,public,True,processed,Negative Numbers with a Calculator
i02slmSL9Jk,Video 1- Solving One-Step Equations by Using Inverse Operations - Negatives,Andrew_Kurth,Year 7_11-12_Spring__Directed number_9_Use a calculator with negative and postive numbers,Use a calculator with negative and postive numbers,current_2,available,public,True,processed,Video 1- Solving One-Step Equations by Using Inverse Operations - Negatives
cYmeTzWhtG0,Calculator How to 3 - how to type negative number.,shawnkoon,Year 7_11-12_Spring__Directed number_9_Use a calculator with negative and postive numbers,Use a calculator with negative and postive numbers,current_3,available,public,True,processed,Calculator How to 3 - how to type negative number.
GgcHtoVMs6Y,Find a percentage of a number by changing to a simplified fraction | Percentages | Year 6,Key_Stage_2_Maths,Year 7_11-12_Spring__Fractions and percentages of amounts_6_Use a percentage to find the whole E,Use a percentage to find the whole E,current_1,available,public,True,processed,Find a percentage of a number by changing to a simplified fraction | Percentages | Year 6
WImHIZiWkNg,Comparing and Ordering Fractions by Finding a Common Numerator | KS2 Maths,Twinkl_Educational_Publishing,Year 7_11-12_Spring__Fractions decimals and percentages_10_Compare and order fractions,Compare and order fractions,current_3,available,public,True,processed,Comparing and Ordering Fractions by Finding a Common Numerator | KS2 Maths
V7xU1NIHuek,The Conversion Compass: Edexcel GCSE Maths Revision,Math_Revision_LM,"Year 7_11-12_Spring__Fractions decimals and percentages_12_Convert fractions, decimals and percentages","Convert fractions, decimals and percentages",current_2,available,public,True,processed,The Conversion Compass: Edexcel GCSE Maths Revision
KrAQneGhyuE,An Introduction to Decimals | Decimal Place Value for Kids,Doodles_and_Digits___Educational_Math_Videos,Year 7_11-12_Spring__Fractions decimals and percentages_1_Represent tenths and hundredths,Represent tenths and hundredths,current_3,available,public,True,processed,An Introduction to Decimals | Decimal Place Value for Kids
I0CbQn5Wa4M,The Number Line: Part 2 - Learn How To Plot Fractions and Decimals,Miacademy_&_MiaPrep_Learning_Channel,Year 7_11-12_Spring__Fractions decimals and percentages_2_Number lines with fractions and decimals,Number lines with fractions and decimals,current_2,available,public,True,processed,The Number Line: Part 2 - Learn How To Plot Fractions and Decimals
cX7UfC3qd74,Percent Decimal Fraction (Simplifying Math),Buffington,"Year 7_11-12_Spring__Fractions decimals and percentages_6_Convert simple fractions, decimals and percentages","Convert simple fractions, decimals and percentages",current_3,available,public,True,processed,Percent Decimal Fraction (Simplifying Math)
oo2fWNuHwAQ,Classify Graphs & Equations as Linear or Nonlinear | 8.F.A.3 | Grade 8 Math 💗,The_Magic_of_Math,Year 7_11-12_Spring__Graphing data_10_Non-linear relationships,Non-linear relationships,current_2,available,public,True,processed,Classify Graphs & Equations as Linear or Nonlinear | 8.F.A.3 | Grade 8 Math 💗
qCi79gZeEN8,"Grade 8 Math #4.2e, Linear vs non-linear relationship",JoAnn's_School,Year 7_11-12_Spring__Graphing data_10_Non-linear relationships,Non-linear relationships,current_3,available,public,True,processed,"Grade 8 Math #4.2e, Linear vs non-linear relationship"
HK6X3y8kqRE,Four Quadrants - Understand the Coordinate Plane,Miacademy_&_MiaPrep_Learning_Channel,Year 7_11-12_Spring__Graphing data_5_Coordinates in the first quadrant,Coordinates in the first quadrant,current_1,available,public,True,processed,Four Quadrants - Understand the Coordinate Plane
urOD0-d2oWE,Plotting Coordinates on Four Quadrants Made Simple | Year 6 | Key Stage 2 | Education Capsule,Education_Capsule,Year 7_11-12_Spring__Graphing data_5_Coordinates in the first quadrant,Coordinates in the first quadrant,current_2,available,public,True,processed,Plotting Coordinates on Four Quadrants Made Simple | Year 6 | Key Stage 2 | Education Capsule
vEryPSNGOOc,"6th Grade Math 12.1b, Graphing Points in the Coordinate Plane",JoAnn's_School,Year 7_11-12_Spring__Graphing data_5_Coordinates in the first quadrant,Coordinates in the first quadrant,current_3,available,public,True,processed,"6th Grade Math 12.1b, Graphing Points in the Coordinate Plane"
WEMJcYJNOEQ,Working With Scatterplots - Plotting Bivariate Data,Miacademy_&_MiaPrep_Learning_Channel,Year 7_11-12_Spring__Graphing data_6_Scatter graphs,Scatter graphs,current_1,available,public,True,processed,Working With Scatterplots - Plotting Bivariate Data
s5TgB0RSFtk,"8th Grade Math 14.1a, Making a Scatter Plot, Bivariate Data",JoAnn's_School,Year 7_11-12_Spring__Graphing data_6_Scatter graphs,Scatter graphs,current_3,available,public,True,processed,"8th Grade Math 14.1a, Making a Scatter Plot, Bivariate Data"
Po9i4nCcpWA,"8th Grade Math 14.2a, Drawing a Trend Line",JoAnn's_School,Year 7_11-12_Spring__Graphing data_7_Correlation,Correlation,current_3,available,public,True,processed,"8th Grade Math 14.2a, Drawing a Trend Line"
hd__r08j5yo,Identify & Use a Line of Best Fit | 8.SP.A.2 and 8.SP.A.3 | Grade 8 Math 💗,The_Magic_of_Math,Year 7_11-12_Spring__Graphing data_8_Lines of best fit,Lines of best fit,current_1,available,public,True,processed,Identify & Use a Line of Best Fit | 8.SP.A.2 and 8.SP.A.3 | Grade 8 Math 💗
KfofCCmURoI,Maths Help - Converting Units of Length,TheMathsTutorAU,Year 7_11-12_Spring__Perimeter and area_1_Convert metric units of length,Convert metric units of length,current_1,available,public,True,processed,Maths Help - Converting Units of Length
5ScVNDUV9Dc,How Do You Convert Metric Measures? | KS2 Maths Concept for Kids,Twinkl_Educational_Publishing,Year 7_11-12_Spring__Perimeter and area_1_Convert metric units of length,Convert metric units of length,current_3,available,public,True,processed,How Do You Convert Metric Measures? | KS2 Maths Concept for Kids
h1AYQFWKOxQ,How to Calculate Area and Perimeter - With Examples!,Mometrix_Academy,Year 7_11-12_Spring__Perimeter and area_2_Perimeter of a polygon,Perimeter of a polygon,current_1,available,public,True,processed,How to Calculate Area and Perimeter - With Examples!
osn8P_TiXKg,Perimeter and Area of Irregular Shapes,MooMooMath_and_Science,Year 7_11-12_Spring__Perimeter and area_3_Perimeter of a compound shape,Perimeter of a compound shape,current_1,available,public,True,processed,Perimeter and Area of Irregular Shapes
iIzeS1hFM5g,How to Find the Area and Perimeter of a Parallelogram,Mometrix_Academy,Year 7_11-12_Spring__Perimeter and area_4_Area of rectangles and parallelograms,Area of rectangles and parallelograms,current_1,available,public,True,processed,How to Find the Area and Perimeter of a Parallelogram
rRTXKQpblEc,Area of triangles intuition | Algebra I | High School Math | Khan Academy,Khan_Academy,Year 7_11-12_Spring__Perimeter and area_5_Area of a triangle,Area of a triangle,current_1,available,public,True,processed,Area of triangles intuition | Algebra I | High School Math | Khan Academy
rWbtDB-PViU,Area and Perimeter of a Triangle,Mometrix_Academy,Year 7_11-12_Spring__Perimeter and area_5_Area of a triangle,Area of a triangle,current_3,available,public,True,processed,Area and Perimeter of a Triangle
Xk12Ez2sces,Area and Perimeter of a Trapezoid,Mometrix_Academy,Year 7_11-12_Spring__Perimeter and area_6_Area of a trapezium,Area of a trapezium,current_1,available,public,True,processed,Area and Perimeter of a Trapezoid
-zQu7aX1JUk,"6th Grade Math 13.1b, Finding the Area of a Trapezoid",JoAnn's_School,Year 7_11-12_Spring__Perimeter and area_6_Area of a trapezium,Area of a trapezium,current_2,available,public,True,processed,"6th Grade Math 13.1b, Finding the Area of a Trapezoid"
aFeqbds1y9Y,Area of Shapes - GCSE Maths,1st_Class_Maths,Year 7_11-12_Spring__Perimeter and area_6_Area of a trapezium,Area of a trapezium,current_3,available,public,True,processed,Area of Shapes - GCSE Maths
uz-FEO-VWCY,"6th Grade Math 13.3c, Solving Multi-Step Area Problems",JoAnn's_School,Year 7_11-12_Spring__Perimeter and area_7_Solve problems with perimeter and area,Solve problems with perimeter and area,current_1,available,public,True,processed,"6th Grade Math 13.3c, Solving Multi-Step Area Problems"
VeWGbuV3VWM,Area and perimeter problems (3rd grade math),Maths_4_Kids,Year 7_11-12_Spring__Perimeter and area_7_Solve problems with perimeter and area,Solve problems with perimeter and area,current_2,available,public,True,processed,Area and perimeter problems (3rd grade math)
xiMCpA9uskg,Writing an Expression for the Area of a Shape,MooMooMath_and_Science,Year 7_11-12_Spring__Perimeter and area_8_Form expressions with perimeter and area  E,Form expressions with perimeter and area  E,current_1,available,public,True,processed,Writing an Expression for the Area of a Shape
we-nndoIa28,"Geometry 1.5, Using Formulas in Geometry, Perimeter, Area, Circumference",JoAnn's_School,Year 7_11-12_Spring__Perimeter and area_8_Form expressions with perimeter and area  E,Form expressions with perimeter and area  E,current_3,available,public,True,processed,"Geometry 1.5, Using Formulas in Geometry, Perimeter, Area, Circumference"
jPP3jMB3HCA,Solving Equations with Algebraic Fractions,Mometrix_Academy,Year 7_11-12_Summer__Add and subtract fractions_10_Substitution and solving equations with fractions (E),Substitution and solving equations with fractions (E),current_1,available,public,True,processed,Solving Equations with Algebraic Fractions
jzsFoE6L9wA,1/x + 1/x = 4 ? Many People Get This Simple Equation WRONG!,TabletClass_Math,Year 7_11-12_Summer__Add and subtract fractions_10_Substitution and solving equations with fractions (E),Substitution and solving equations with fractions (E),current_3,available,public,True,processed,1/x + 1/x = 4 ? Many People Get This Simple Equation WRONG!
u6jcxc5Er4Y,How Do You Simplify Fractions? | KS2 Maths Concept for Kids,Twinkl_Educational_Publishing,Year 7_11-12_Summer__Add and subtract fractions_1_Simplify a fraction,Simplify a fraction,current_3,available,public,True,processed,How Do You Simplify Fractions? | KS2 Maths Concept for Kids
6vOC3xPnjpA,Converting Mixed Numbers to Improper Fractions | Converting Improper Fractions to Mixed Numbers,Math_with_Mr._J,Year 7_11-12_Summer__Add and subtract fractions_2_Convert between mixed numbers and improper fractions,Convert between mixed numbers and improper fractions,current_2,available,public,True,processed,Converting Mixed Numbers to Improper Fractions | Converting Improper Fractions to Mixed Numbers
1xuf6ZKF1_I,Mixed numbers and improper fractions | Fractions | Pre-Algebra | Khan Academy,Khan_Academy,Year 7_11-12_Summer__Add and subtract fractions_2_Convert between mixed numbers and improper fractions,Convert between mixed numbers and improper fractions,current_3,available,public,True,processed,Mixed numbers and improper fractions | Fractions | Pre-Algebra | Khan Academy
2B6W6nWqpk8,Subtract fractions with denominators as common multiples within 1 | Fractions | Year 5,Key_Stage_2_Maths,Year 7_11-12_Summer__Add and subtract fractions_8_Use equivalence to add and subtract decimals and fractions (E),Use equivalence to add and subtract decimals and fractions (E),current_2,available,public,True,processed,Subtract fractions with denominators as common multiples within 1 | Fractions | Year 5
1A8Bwr3D5Gc,NCEA Level One 1.2 Adding and subtracting Algebraic Fractions,Maths_with_MCL,Year 7_11-12_Summer__Add and subtract fractions_9_Add and subtract simple algebraic fractions (E),Add and subtract simple algebraic fractions (E),current_2,available,public,True,processed,NCEA Level One 1.2 Adding and subtracting Algebraic Fractions
IJa8_uWgFvc,Key Skill - Add and subtract algebraic fractions with integer denominator.,Dr_Frost_Maths,Year 7_11-12_Summer__Add and subtract fractions_9_Add and subtract simple algebraic fractions (E),Add and subtract simple algebraic fractions (E),current_3,available,public,True,processed,Key Skill - Add and subtract algebraic fractions with integer denominator.
DGKwdHMiqCg,Math Antics - Angle Basics,mathantics,Year 7_11-12_Summer__Angles and polygons_10_Parallel and perpendicular lines,Parallel and perpendicular lines,current_1,available,public,True,processed,Math Antics - Angle Basics
2sdlKeenLLw,"4th Grade Math 10.3, Parallel Lines & Perpendicular Lines",JoAnn's_School,Year 7_11-12_Summer__Angles and polygons_10_Parallel and perpendicular lines,Parallel and perpendicular lines,current_3,available,public,True,processed,"4th Grade Math 10.3, Parallel Lines & Perpendicular Lines"
1tTHrmOKUeE,"Geometry 3.2a, Corresponding Angles Postulate and Parallel lines",JoAnn's_School,Year 7_11-12_Summer__Angles and polygons_11_Investigate angles in parallel lines  E,Investigate angles in parallel lines  E,current_2,available,public,True,processed,"Geometry 3.2a, Corresponding Angles Postulate and Parallel lines"
5vgv3gLPXog,Angle Rules: Parallel Lines,Minity_Maths,Year 7_11-12_Summer__Angles and polygons_11_Investigate angles in parallel lines  E,Investigate angles in parallel lines  E,current_3,available,public,True,processed,Angle Rules: Parallel Lines
qfyoEzYuk6o,The Sum of Interior Angles,Mometrix_Academy,Year 7_11-12_Summer__Angles and polygons_12_Angles in any polygon  E,Angles in any polygon  E,current_1,available,public,True,processed,The Sum of Interior Angles
gVo8ZrtlSp0,Angles in Polygons - Corbettmaths,corbettmaths,Year 7_11-12_Summer__Angles and polygons_12_Angles in any polygon  E,Angles in any polygon  E,current_3,available,public,True,processed,Angles in Polygons - Corbettmaths
a9TUKHWY3TA,How sure are we? | Introduction to logic and Euclidean geometry | Geometry (TX TEKS) | Khan Academy,Khan_Academy,Year 7_11-12_Summer__Angles and polygons_13_Simple proofs  E,Simple proofs  E,current_2,available,public,True,processed,How sure are we? | Introduction to logic and Euclidean geometry | Geometry (TX TEKS) | Khan Academy
sUm74GCnW0Q,"Geometry 4.3a, Triangle Sum Theorem & auxiliary lines",JoAnn's_School,Year 7_11-12_Summer__Angles and polygons_13_Simple proofs  E,Simple proofs  E,current_3,available,public,True,processed,"Geometry 4.3a, Triangle Sum Theorem & auxiliary lines"
NQCxTJDyc-s,How to Draw Angles using a Protractor,Mathematics_with_Marlien,Year 7_11-12_Summer__Angles and polygons_1_Draw and measure lines and angles,Draw and measure lines and angles,current_1,available,public,True,processed,How to Draw Angles using a Protractor
9-kUcTIrQPw,Angles Around Full Turn and Half Turn: 7H Lesson 1,Michael_Lindsay,Year 7_11-12_Summer__Angles and polygons_3_Angles around a point,Angles around a point,current_2,available,public,True,processed,Angles Around Full Turn and Half Turn: 7H Lesson 1
g2eZ64jIlbA,Angle Vocabulary and Relationships - Geometry Terms for High School,Miacademy_&_MiaPrep_Learning_Channel,Year 7_11-12_Summer__Angles and polygons_5_Vertically opposite angles,Vertically opposite angles,current_3,available,public,True,processed,Angle Vocabulary and Relationships - Geometry Terms for High School
WkQhv0GR1Is,(Types of polygons) Naming polygons 1-20 sides,Lessons_Made_Easy_-_Teacher_Belle,Year 7_11-12_Summer__Angles and polygons_6_Recognise and name polygons,Recognise and name polygons,current_1,available,public,True,processed,(Types of polygons) Naming polygons 1-20 sides
ViK2CjAuAD8,POLYGONS || MATH 5,Jessalyn_Saldo,Year 7_11-12_Summer__Angles and polygons_6_Recognise and name polygons,Recognise and name polygons,current_2,available,public,True,processed,POLYGONS || MATH 5
rtM4m4ojuBQ,"Grade 6 Math #11.4, Triangles - find the missing measures",JoAnn's_School,Year 7_11-12_Summer__Angles and polygons_7_Angles in a triangle,Angles in a triangle,current_3,available,public,True,processed,"Grade 6 Math #11.4, Triangles - find the missing measures"
t-zInYeUOJM,"Grade 6 Math #11.5, Quadrilaterals - find the missing measures",JoAnn's_School,Year 7_11-12_Summer__Angles and polygons_8_Angles in a quadrilateral,Angles in a quadrilateral,current_3,available,public,True,processed,"Grade 6 Math #11.5, Quadrilaterals - find the missing measures"
j11iZ0Std8A,"4th Grade Math 5.1, Model Factors",JoAnn's_School,Year 7_11-12_Summer__Properties of number_11_Use factors to simplify calculations (E),Use factors to simplify calculations (E),current_1,available,public,True,processed,"4th Grade Math 5.1, Model Factors"
2iEcKxnP6Uw,What Are Multiples and How Do You Find Them?,Doodles_and_Digits___Educational_Math_Videos,Year 7_11-12_Summer__Properties of number_1_Multiples,Multiples,current_2,available,public,True,processed,What Are Multiples and How Do You Find Them?
5gBtzdM5M5k,What are Prime Numbers? | Math with Mr. J,Math_with_Mr._J,Year 7_11-12_Summer__Properties of number_3_Prime numbers,Prime numbers,current_1,available,public,True,processed,What are Prime Numbers? | Math with Mr. J
mIStB5X4U8M,Prime numbers | Factors and multiples | Pre-Algebra | Khan Academy,Khan_Academy,Year 7_11-12_Summer__Properties of number_3_Prime numbers,Prime numbers,current_2,available,public,True,processed,Prime numbers | Factors and multiples | Pre-Algebra | Khan Academy
z0g9sg2KLXQ,Prime Numbers | 4.OA.B.4❤️,The_Magic_of_Math,Year 7_11-12_Summer__Properties of number_3_Prime numbers,Prime numbers,current_3,available,public,True,processed,Prime Numbers | 4.OA.B.4❤️
FL4MPqfbFbw,How to Use Prime Factor Trees to find Prime Factors,Cognito,Year 7_11-12_Summer__Properties of number_4_Write a number as a product of prime factors,Write a number as a product of prime factors,current_1,available,public,True,processed,How to Use Prime Factor Trees to find Prime Factors
mSMTv6zXriY,Triangular Numbers Explained,Minity_Maths,"Year 7_11-12_Summer__Properties of number_5_Square, cube and triangular numbers","Square, cube and triangular numbers",current_3,available,public,True,processed,Triangular Numbers Explained
i_ywPSapirg,Foundations of Square Roots - Prealgebra for Kids and Teens!,Miacademy_&_MiaPrep_Learning_Channel,Year 7_11-12_Summer__Properties of number_6_Square roots and cube roots,Square roots and cube roots,current_3,available,public,True,processed,Foundations of Square Roots - Prealgebra for Kids and Teens!
xO7xUh69NGE,Exponents - Working With Powers and Repeated Multiplication,Miacademy_&_MiaPrep_Learning_Channel,Year 7_11-12_Summer__Properties of number_7_Explore higher powers and roots (E),Explore higher powers and roots (E),current_2,available,public,True,processed,Exponents - Working With Powers and Repeated Multiplication
1F9CTS3aH9c,How to find the Highest Common Factor (2026/27 exams),Cognito,Year 7_11-12_Summer__Properties of number_8_Highest common factor (HCF),Highest common factor (HCF),current_1,available,public,True,processed,How to find the Highest Common Factor (2026/27 exams)
UQdQkyrUyQw,How To Find The Highest (Greatest) Common Factor,Minity_Maths,Year 7_11-12_Summer__Properties of number_8_Highest common factor (HCF),Highest common factor (HCF),current_2,available,public,True,processed,How To Find The Highest (Greatest) Common Factor
53Ed5yjBELc,Least Common Multiple (LCM) | Math with Mr. J,Math_with_Mr._J,Year 7_11-12_Summer__Properties of number_9_Lowest common multiple (LCM),Lowest common multiple (LCM),current_1,available,public,True,processed,Least Common Multiple (LCM) | Math with Mr. J
i5FsRN0O2MY,Unit Conversions for Teens!,Miacademy_&_MiaPrep_Learning_Channel,"Year 7_11-12_Summer__Speed distance and time_2_Convert between hours, days, months and years","Convert between hours, days, months and years",current_3,available,public,True,processed,Unit Conversions for Teens!
dJ55geJifwc,"Time Equivalencies (Minutes, Hours, Days, Weeks, Months, Years) - Mr. Pearson Teaches 3rd Grade",Mr._Pearson_Teaches_3rd_Grade,Year 7_11-12_Summer__Speed distance and time_4_Solve problems with time and the calendar,Solve problems with time and the calendar,current_3,available,public,True,processed,"Time Equivalencies (Minutes, Hours, Days, Weeks, Months, Years) - Mr. Pearson Teaches 3rd Grade"
3UdgwPCZSew,Unit Rate: Part 2 - Real World Applications of Unit Rate,Miacademy_&_MiaPrep_Learning_Channel,Year 7_11-12_Summer__Speed distance and time_5_Calculate speed,Calculate speed,current_1,available,public,True,processed,Unit Rate: Part 2 - Real World Applications of Unit Rate
nNIOwTr8POE,"Distance, Rate, and Time Formula",Mometrix_Academy,Year 7_11-12_Summer__Speed distance and time_5_Calculate speed,Calculate speed,current_3,available,public,True,processed,"Distance, Rate, and Time Formula"
zAo2dyOChYc,"SPEED, DISTANCE & TIME | GRADE 6",Sheena_Doria,Year 7_11-12_Summer__Speed distance and time_6_Calculate time and distance,Calculate time and distance,current_2,available,public,True,processed,"SPEED, DISTANCE & TIME | GRADE 6"
huCNJRrPT2o,"Grade 6 Math #6.7, Problem Solving - Distance Formula,  rate, time",JoAnn's_School,"Year 7_11-12_Summer__Speed distance and time_7_Solve problems with speed, distance and time","Solve problems with speed, distance and time",current_2,available,public,True,processed,"Grade 6 Math #6.7, Problem Solving - Distance Formula,  rate, time"
oxOiuqUfWKA,Distance Time Graphs - Corbettmaths,MooMooMath_and_Science,Year 7_11-12_Summer__Speed distance and time_8_Interpret distance-time graphs,Interpret distance-time graphs,current_3,available,public,True,processed,Distance Time Graphs - Corbettmaths
KbFwLvCOBUI,Solving quadratics by factoring: leading coefficient Ã¢Â  Â  1 | High School Math | Khan Academy,Khan_Academy,Year 8_12-13_Autumn__Algebraic manipulation_10_Factorise quadratic expressions E,Factorise quadratic expressions E,current_2,available,public,True,processed,Solving quadratics by factoring: leading coefficient Ã¢Â  Â  1 | High School Math | Khan Academy
YijzeFDm-HI,Translating Algebraic Expressions: Part 1 - Turn Words into Algebraic Expressions,Miacademy_&_MiaPrep_Learning_Channel,Year 8_12-13_Autumn__Algebraic manipulation_1_Form algebraic expressions,Form algebraic expressions,current_1,available,public,True,processed,Translating Algebraic Expressions: Part 1 - Turn Words into Algebraic Expressions
om-lxzsJtQU,"Grade 6 Math #1.7, How to write an algebraic expression",JoAnn's_School,Year 8_12-13_Autumn__Algebraic manipulation_1_Form algebraic expressions,Form algebraic expressions,current_3,available,public,True,processed,"Grade 6 Math #1.7, How to write an algebraic expression"
vDqOoI-4Z6M,"What are variables, expressions, and equations? | Introduction to algebra | Algebra I | Khan Academy",Khan_Academy,"Year 8_12-13_Autumn__Algebraic manipulation_2_Identify and use formulae, expressions, identities and equations","Identify and use formulae, expressions, identities and equations",current_3,available,public,True,processed,"What are variables, expressions, and equations? | Introduction to algebra | Algebra I | Khan Academy"
ioNObr-dOQM,Equivalent Expressions: The Distributive Property and Combining Like Terms,Miacademy_&_MiaPrep_Learning_Channel,Year 8_12-13_Autumn__Algebraic manipulation_3_Simplify expressions,Simplify expressions,current_1,available,public,True,processed,Equivalent Expressions: The Distributive Property and Combining Like Terms
NpxopszEZtM,Multistep Equations Part 1 - Solving With Distribution,Miacademy_&_MiaPrep_Learning_Channel,Year 8_12-13_Autumn__Algebraic manipulation_4_Use directed number with algebra,Use directed number with algebra,current_2,available,public,True,processed,Multistep Equations Part 1 - Solving With Distribution
hUWSBbqkBo4,"Grade 7 Math #6.3, What is a Two-step algebraic equation",JoAnn's_School,Year 8_12-13_Autumn__Algebraic manipulation_4_Use directed number with algebra,Use directed number with algebra,current_3,available,public,True,processed,"Grade 7 Math #6.3, What is a Two-step algebraic equation"
XJmXvZdRRNQ,Algebra Substitution - GCSE Maths,JED_Maths,Year 8_12-13_Autumn__Algebraic manipulation_5_Substitution with directed number,Substitution with directed number,current_1,available,public,True,processed,Algebra Substitution - GCSE Maths
ZccJZ4EWwbQ,"7th Grade Math 6.2b, Writing and Solving One-Step Addition and Subtraction Equations",JoAnn's_School,Year 8_12-13_Autumn__Algebraic manipulation_5_Substitution with directed number,Substitution with directed number,current_2,available,public,True,processed,"7th Grade Math 6.2b, Writing and Solving One-Step Addition and Subtraction Equations"
GepFsLOQg_8,Expanding Brackets (Multiplying Out Brackets),Minity_Maths,Year 8_12-13_Autumn__Algebraic manipulation_6_Expand a single bracket,Expand a single bracket,current_2,available,public,True,processed,Expanding Brackets (Multiplying Out Brackets)
zfy9v2fgk8I,How to Expand Two Brackets (Step-by-Step Guide),Maths_with_Mrs_B,Year 8_12-13_Autumn__Algebraic manipulation_8_Expand single brackets and simplify,Expand single brackets and simplify,current_2,available,public,True,processed,How to Expand Two Brackets (Step-by-Step Guide)
ZJpBf2XBlsY,Expanding Brackets (Single) - GCSE Maths,JED_Maths,Year 8_12-13_Autumn__Algebraic manipulation_8_Expand single brackets and simplify,Expand single brackets and simplify,current_3,available,public,True,processed,Expanding Brackets (Single) - GCSE Maths
Dvo1Q-yBBhk,GCSE Maths - How to Expand Double Brackets (2026/27 exams),Cognito,Year 8_12-13_Autumn__Algebraic manipulation_9_Expand double brackets E,Expand double brackets E,current_2,available,public,True,processed,GCSE Maths - How to Expand Double Brackets (2026/27 exams)
pN5wt3emm-Y,Graphing From Slope-Intercept Form - Plot Lines From an Equation,Miacademy_&_MiaPrep_Learning_Channel,Year 8_12-13_Autumn__Coordinates and graphs_10_Lines of the form y = mx + c,Lines of the form y = mx + c,current_2,available,public,True,processed,Graphing From Slope-Intercept Form - Plot Lines From an Equation
UdHaBsfatxc,GCSE Maths - Finding the Equation of a Straight Line From 2 Sets of Coordinates (2026/27 exams),Cognito,Year 8_12-13_Autumn__Coordinates and graphs_10_Lines of the form y = mx + c,Lines of the form y = mx + c,current_3,available,public,True,processed,GCSE Maths - Finding the Equation of a Straight Line From 2 Sets of Coordinates (2026/27 exams)
MDdAjIUNKNo,Linear Equations and Graphs: Part 2 - Writing Linear Equations and Graphing Linear Relationships,Miacademy_&_MiaPrep_Learning_Channel,Year 8_12-13_Autumn__Coordinates and graphs_12_Solve problems with coordinates and graphs E,Solve problems with coordinates and graphs E,current_1,available,public,True,processed,Linear Equations and Graphs: Part 2 - Writing Linear Equations and Graphing Linear Relationships
9Uc62CuQjc4,Algebra Basics: Graphing On The Coordinate Plane - Math Antics,mathantics,Year 8_12-13_Autumn__Coordinates and graphs_12_Solve problems with coordinates and graphs E,Solve problems with coordinates and graphs E,current_2,available,public,True,processed,Algebra Basics: Graphing On The Coordinate Plane - Math Antics
KBKtpSX-NMk,GCSE Maths - Using Ratios to Find the Coordinates of a Point On a Line (2026/27 exams),Cognito,Year 8_12-13_Autumn__Coordinates and graphs_12_Solve problems with coordinates and graphs E,Solve problems with coordinates and graphs E,current_3,available,public,True,processed,GCSE Maths - Using Ratios to Find the Coordinates of a Point On a Line (2026/27 exams)
Am--oqAgHcQ,1.06 - Four Quadrants of the Coordinate Plane,DSD_Advantage_Math,Year 8_12-13_Autumn__Coordinates and graphs_1_Coordinates in all four quadrants,Coordinates in all four quadrants,current_2,available,public,True,processed,1.06 - Four Quadrants of the Coordinate Plane
_hjgslZPluw,Graphing lines parallel to the axes,Mathagorithm,Year 8_12-13_Autumn__Coordinates and graphs_2_Lines parallel to the axes,Lines parallel to the axes,current_1,available,public,True,processed,Graphing lines parallel to the axes
UbPcCaWeTig,Horizontal and Vertical Lines - Graph and Write Special Linear Equations,Miacademy_&_MiaPrep_Learning_Channel,Year 8_12-13_Autumn__Coordinates and graphs_2_Lines parallel to the axes,Lines parallel to the axes,current_2,available,public,True,processed,Horizontal and Vertical Lines - Graph and Write Special Linear Equations
1hKnZHTJPY8,Horizontal and Vertical Lines | Equation of line parallel to x axis or y axis,Math_Simplified_-_Harsha_Jeshnani,Year 8_12-13_Autumn__Coordinates and graphs_2_Lines parallel to the axes,Lines parallel to the axes,current_3,embedding_disabled,public,False,processed,Horizontal and Vertical Lines | Equation of line parallel to x axis or y axis
AmZKrnFyZxM,Graphing Data: Part 2 - Generating and Extending,Miacademy_&_MiaPrep_Learning_Channel,Year 8_12-13_Autumn__Coordinates and graphs_3_Tables of values,Tables of values,current_1,available,public,True,processed,Graphing Data: Part 2 - Generating and Extending
VM3i6-gvKSA,GCSE Maths - How to Plot a Straight Line Using a Table of Coordinates (2026/27 exams),Cognito,Year 8_12-13_Autumn__Coordinates and graphs_3_Tables of values,Tables of values,current_2,available,public,True,processed,GCSE Maths - How to Plot a Straight Line Using a Table of Coordinates (2026/27 exams)
4w4RbiHvwuk,GCSE Maths - Straight Line Equations You Need to Know (2026/27 exams),Cognito,Year 8_12-13_Autumn__Coordinates and graphs_4_Recognise and use the line y = x,Recognise and use the line y = x,current_1,available,public,True,processed,GCSE Maths - Straight Line Equations You Need to Know (2026/27 exams)
MXV65i9g1Xg,Basic Linear Functions - Math Antics,mathantics,Year 8_12-13_Autumn__Coordinates and graphs_4_Recognise and use the line y = x,Recognise and use the line y = x,current_2,available,public,True,processed,Basic Linear Functions - Math Antics
PZJQA0CL31g,Linear Attributes – Analyze the Features of Linear Graphs,Miacademy_&_MiaPrep_Learning_Channel,Year 8_12-13_Autumn__Coordinates and graphs_8_Lines with a negative gradient,Lines with a negative gradient,current_3,available,public,True,processed,Linear Attributes – Analyze the Features of Linear Graphs
nUk47WSiS30,GCSE Maths - What on Earth is y = mx + c (2026/27 exams),Cognito,Year 8_12-13_Autumn__Coordinates and graphs_9_Lines of the form y = x + c,Lines of the form y = x + c,current_3,available,public,True,processed,GCSE Maths - What on Earth is y = mx + c (2026/27 exams)
zfIynnfw5nU,Multiplying Fractions - Understanding the Size of the Product,Miacademy_&_MiaPrep_Learning_Channel,Year 8_12-13_Autumn__Multiply and divide fractions_2_Multiply fractions,Multiply fractions,current_1,available,public,True,processed,Multiplying Fractions - Understanding the Size of the Product
bCnzIU9W3uc,Dividing Whole Numbers by Fractions: Part 2 - Using Reciprocal Fractions,Miacademy_&_MiaPrep_Learning_Channel,Year 8_12-13_Autumn__Multiply and divide fractions_3_Understand reciprocals,Understand reciprocals,current_1,available,public,True,processed,Dividing Whole Numbers by Fractions: Part 2 - Using Reciprocal Fractions
4lkq3DgvmJo,Math Antics - Dividing Fractions,mathantics,Year 8_12-13_Autumn__Multiply and divide fractions_3_Understand reciprocals,Understand reciprocals,current_2,available,public,True,processed,Math Antics - Dividing Fractions
qB7YJWxY8DU,"Grade 6 Math #4.7, How to divide fractions",JoAnn's_School,Year 8_12-13_Autumn__Multiply and divide fractions_3_Understand reciprocals,Understand reciprocals,current_3,available,public,True,processed,"Grade 6 Math #4.7, How to divide fractions"
9aro188xWiU,Dividing Fractions by Whole Numbers: Part 2 - Using Reciprocal Fractions,Miacademy_&_MiaPrep_Learning_Channel,Year 8_12-13_Autumn__Multiply and divide fractions_5_Divide a fraction by an integer,Divide a fraction by an integer,current_1,available,public,True,processed,Dividing Fractions by Whole Numbers: Part 2 - Using Reciprocal Fractions
RDeqtTfqqhY,How Do You Divide Fractions by Integers? | KS2 Maths Concept for Kids #educationalvideosforkids,Twinkl_Educational_Publishing,Year 8_12-13_Autumn__Multiply and divide fractions_5_Divide a fraction by an integer,Divide a fraction by an integer,current_2,available,public,True,processed,How Do You Divide Fractions by Integers? | KS2 Maths Concept for Kids #educationalvideosforkids
BA0kznlaVFY,"5th Grade Math 8.1, Model to Divide Fractions and Whole Numbers",JoAnn's_School,Year 8_12-13_Autumn__Multiply and divide fractions_5_Divide a fraction by an integer,Divide a fraction by an integer,current_3,available,public,True,processed,"5th Grade Math 8.1, Model to Divide Fractions and Whole Numbers"
4JV6fPXZPXA,How to Multiply a Mixed Number by a Whole Number | Math with Mr. J,Math_with_Mr._J,Year 8_12-13_Autumn__Multiply and divide fractions_8_Multiply and divide mixed numbers,Multiply and divide mixed numbers,current_2,available,public,True,processed,How to Multiply a Mixed Number by a Whole Number | Math with Mr. J
5Jl7l0W6fps,Multiplying and Dividing Fractions,Mometrix_Academy,Year 8_12-13_Autumn__Multiply and divide fractions_9_Multiply and divide algebraic fractions E,Multiply and divide algebraic fractions E,current_2,available,public,True,processed,Multiplying and Dividing Fractions
-OcSIJGnni4,Is It Proportional? - Identifying the Constant of Proportionality,Miacademy_&_MiaPrep_Learning_Channel,Year 8_12-13_Autumn__Proportion and scale_1_Direct proportion,Direct proportion,current_2,deleted,deleted,False,deleted,
s7B4GmjOz3Q,Conversion Graphs - Corbettmaths,corbettmaths,Year 8_12-13_Autumn__Proportion and scale_2_Conversion graphs,Conversion graphs,current_2,available,public,True,processed,Conversion Graphs - Corbettmaths
7sD2-UabER0,Exchange Rates and Currency Exchange,MATH_MADE_EASY_WITH_LAUREL,Year 8_12-13_Autumn__Proportion and scale_3_Convert between currencies,Convert between currencies,current_3,available,public,True,processed,Exchange Rates and Currency Exchange
HF_L3UQceJM,Identifying Proportional Graphs with Unit Rates | 8.EE.B.5 💗💙,The_Magic_of_Math,Year 8_12-13_Autumn__Proportion and scale_4_Direct proportion graphs,Direct proportion graphs,current_2,available,public,True,processed,Identifying Proportional Graphs with Unit Rates | Grade 8 Math | 8.EE.B.5 💗💙
m79qxyNXkCo,"5th Grade Math 10.5, Metric Measures, Compare & Convert to each other",JoAnn's_School,Year 8_12-13_Autumn__Proportion and scale_6_Convert metric units,Convert metric units,current_2,available,public,True,processed,"5th Grade Math 10.5, Metric Measures, Compare & Convert to each other"
SlYDUyDeTMs,Scaling on the Coordinate Plane - How To Scale Coordinates,Miacademy_&_MiaPrep_Learning_Channel,Year 8_12-13_Autumn__Proportion and scale_8_Interpret maps using scale and ratios,Interpret maps using scale and ratios,current_3,available,public,True,processed,Scaling on the Coordinate Plane - How To Scale Coordinates
3WAxtdMawCA,Ratios | Part-to-Part vs. Part-to-Whole,Math_with_Mr._J,Year 8_12-13_Autumn__Ratio (1)_2_Ratio problems (whole given),Ratio problems (whole given),current_1,available,public,True,processed,Ratios | Part-to-Part vs. Part-to-Whole
NMHTgNPAkzc,"6th Grade Math 6.1a, Representing Ratios With Models, Writing Ratios",JoAnn's_School,Year 8_12-13_Autumn__Ratio (1)_2_Ratio problems (whole given),Ratio problems (whole given),current_2,available,public,True,processed,"6th Grade Math 6.1a, Representing Ratios With Models, Writing Ratios"
UaGpRNifYpA,Ratio Questions involving Differences - Corbettmaths,corbettmaths,Year 8_12-13_Autumn__Ratio (1)_4_Ratio problems (difference given),Ratio problems (difference given),current_2,available,public,True,processed,Ratio Questions involving Differences - Corbettmaths
UcPVAh4igpI,GCSE Maths - What are Ratios & How to Simplify Them (Part 1) (2026/27 exams),Cognito,Year 8_12-13_Autumn__Ratio (1)_5_Simplify ratios,Simplify ratios,current_2,available,public,True,processed,GCSE Maths - What are Ratios & How to Simplify Them (Part 1) (2026/27 exams)
wJ5p-YAL-F8,Simplifying Ratios,Minity_Maths,Year 8_12-13_Autumn__Ratio (1)_6_Express ratios in the form 1:n and n:1 E,Express ratios in the form 1:n and n:1 E,current_2,available,public,True,processed,Simplifying Ratios
ZxCGMfiBTpI,Difference between Ratios and Fractions | Grade 6-8 | Maths | BYJU'S,"BYJU'S_-_Class_6,_7_&_8",Year 8_12-13_Autumn__Ratio (1)_7_Compare ratios and fractions,Compare ratios and fractions,current_1,available,public,True,processed,Difference between Ratios and Fractions | Grade 6-8 | Maths | BYJU'S
R-0WT7bOIiY,Lines of Symmetry | What is Symmetry? | Math Videos for Kids,Doodles_and_Digits___Educational_Math_Videos,Year 8_12-13_Autumn__Symmetry and reflection_1_Line symmetry,Line symmetry,current_1,available,public,True,processed,Lines of Symmetry | What is Symmetry? | Math Videos for Kids
iNdP1caYHDA,What Is The Order Of Rotational Symmetry,Minity_Maths,Year 8_12-13_Autumn__Symmetry and reflection_2_Rotational symmetry,Rotational symmetry,current_1,available,public,True,processed,What Is The Order Of Rotational Symmetry
OjIj5hv93sk,Polygons | Naming Polygons,Math_with_Mr._J,Year 8_12-13_Spring__Area volume and density_1_Name 2-D and 3-D shapes,Name 2-D and 3-D shapes,current_1,available,public,True,processed,Polygons | Naming Polygons
LdozxtNcdzI,"Polygons, Parallel Lines, Angles: Foundation - GCSE Maths Revision - Unit 6",HannahKettleMaths,Year 8_12-13_Spring__Area volume and density_1_Name 2-D and 3-D shapes,Name 2-D and 3-D shapes,current_2,available,public,True,processed,"Polygons, Parallel Lines, Angles: Foundation - GCSE Maths Revision - Unit 6"
sEVdsoEOH2c,Volume and Surface Area of a Rectangular Solid,Mometrix_Academy,Year 8_12-13_Spring__Area volume and density_4_Recognise prisms,Recognise prisms,current_1,available,public,True,processed,Volume and Surface Area of a Rectangular Solid
ZNX-a-5jGeM,Math Antics - Intro to the Metric System,mathantics,Year 8_12-13_Spring__Area volume and density_6_Convert metric units of mass and capacity,Convert metric units of mass and capacity,current_2,available,public,True,processed,Math Antics - Intro to the Metric System
sv7zflLeduM,Density - Corbettmaths,corbettmaths,"Year 8_12-13_Spring__Area volume and density_7_Understand the units of density, mass and volume","Understand the units of density, mass and volume",current_1,available,public,True,processed,Density - Corbettmaths
C8at23onC6Q,Solving One-Step Inequalities - Graphing and Writing Solutions,Miacademy_&_MiaPrep_Learning_Channel,Year 8_12-13_Spring__Equations and inequalities_10_Solve inequalities with unknowns on both sides E,Solve inequalities with unknowns on both sides E,current_2,available,public,True,processed,Solving One-Step Inequalities - Graphing and Writing Solutions
saASveF7jlY,Solving Inequalities - GCSE Maths,1st_Class_Maths,Year 8_12-13_Spring__Equations and inequalities_10_Solve inequalities with unknowns on both sides E,Solve inequalities with unknowns on both sides E,current_3,available,public,True,processed,Solving Inequalities - GCSE Maths
1kLejEfyrps,One-Step Equations - How To Solve One-Step Algebra Equations,Miacademy_&_MiaPrep_Learning_Channel,Year 8_12-13_Spring__Equations and inequalities_1_Solve 1- and 2-step equations,Solve 1- and 2-step equations,current_1,available,public,True,processed,One-Step Equations - How To Solve One-Step Algebra Equations
PTXqR8U9GH8,Solving Two Step Equations with Parentheses FOUR Ways! | 7.EE.B.4.a 💚,The_Magic_of_Math,Year 8_12-13_Spring__Equations and inequalities_2_Solve more complex equations,Solve more complex equations,current_1,available,public,True,processed,Solving Two Step Equations with Parentheses FOUR Ways! | Grade 7 Math | 7.EE.B.4.a 💚
yGZ0oR3kA1o,Linear Equations (2 step/Brackets) - GCSE Maths,1st_Class_Maths,Year 8_12-13_Spring__Equations and inequalities_2_Solve more complex equations,Solve more complex equations,current_2,available,public,True,processed,Linear Equations (2 step/Brackets) - GCSE Maths
XeY58sgY6V0,Algebra Made Simple: Solve 8.1 = 3m + 4.5 in 2 Steps,TabletClass_Math,Year 8_12-13_Spring__Equations and inequalities_4_Form and solve equations,Form and solve equations,current_2,available,public,True,processed,Algebra Made Simple: Solve 8.1 = 3m + 4.5 in 2 Steps
sI_NxXGP1qg,Solving One-Step Equations,Mometrix_Academy,Year 8_12-13_Spring__Equations and inequalities_4_Form and solve equations,Form and solve equations,current_3,available,public,True,processed,Solving One-Step Equations
aQb4cPmvuL8,"7th Grade Math 6.3a, Modeling Two-Step Equations With Algebra Tiles",JoAnn's_School,Year 8_12-13_Spring__Equations and inequalities_5_Solve equations with unknowns on both sides,Solve equations with unknowns on both sides,current_3,available,public,True,processed,"7th Grade Math 6.3a, Modeling Two-Step Equations With Algebra Tiles"
NEW8wARmwTI,"6th Grade Math 11.4a, Using Inequalities to Describe Quantities",JoAnn's_School,Year 8_12-13_Spring__Equations and inequalities_6_Understand and use inequalities,Understand and use inequalities,current_3,available,public,True,processed,"6th Grade Math 11.4a, Using Inequalities to Describe Quantities"
bG9Ufre8QSE,Inequalities on a Number Line | Graphing and Writing,Math_with_Mr._J,Year 8_12-13_Spring__Equations and inequalities_7_Inequalities on a number line,Inequalities on a number line,current_2,available,public,True,processed,Inequalities on a Number Line | Graphing and Writing
sekzIJ60yJs,Adding and Subtracting with Exponents,Mometrix_Academy,Year 8_12-13_Spring__Indices_1_Add and subtract expressions with indices,Add and subtract expressions with indices,current_1,available,public,True,processed,Adding and Subtracting with Exponents
55ReuTDfPKE,Combining Like Terms Algebra,MooMooMath_and_Science,Year 8_12-13_Spring__Indices_1_Add and subtract expressions with indices,Add and subtract expressions with indices,current_3,available,public,True,processed,Combining Like Terms Algebra
6oSdp526HoU,Multiplying and Dividing Powers | GCSE Maths,Mr_Scott_Maths,Year 8_12-13_Spring__Indices_2_Multiply and divide expressions with indices,Multiply and divide expressions with indices,current_1,available,public,True,processed,Multiplying and Dividing Powers | GCSE Maths
XIXed8EQLKg,Exponent Expression Simplification: Part 1 - Combine Rules to Simplify,Miacademy_&_MiaPrep_Learning_Channel,Year 8_12-13_Spring__Indices_2_Multiply and divide expressions with indices,Multiply and divide expressions with indices,current_2,available,public,True,processed,Exponent Expression Simplification: Part 1 - Combine Rules to Simplify
BT5hOZ2zWRI,Multiplying and Dividing Expressions with the Same Base (Exponent Rules),Ms.Kero's_Math_Class,Year 8_12-13_Spring__Indices_2_Multiply and divide expressions with indices,Multiply and divide expressions with indices,current_3,available,public,True,processed,Multiplying and Dividing Expressions with the Same Base (Exponent Rules)
tihtM8A1ZIM,Dividing With Exponents - How To Use the Quotient Property of Exponents,Miacademy_&_MiaPrep_Learning_Channel,Year 8_12-13_Spring__Indices_4_Subtraction law for indices,Subtraction law for indices,current_1,available,public,True,processed,Dividing With Exponents - How To Use the Quotient Property of Exponents
6J0ADlYx-Ak,Laws Of Exponents / Powers / Indices,Minity_Maths,Year 8_12-13_Spring__Indices_4_Subtraction law for indices,Subtraction law for indices,current_3,available,public,True,processed,Laws Of Exponents / Powers / Indices
yy3oNUTNqPc,Multiplying & Dividing Powers,"Algebra,_Simplified_with_Ms._Mac_(with_Ms._Mac)",Year 8_12-13_Spring__Indices_5_Addition and subtraction laws for indices,Addition and subtraction laws for indices,current_2,available,public,True,processed,Multiplying & Dividing Powers
-zUmvpkhvW8,Math Antics - Intro To Exponents (aka Indices),mathantics,Year 8_12-13_Spring__Indices_6_Powers of powers E,Powers of powers E,current_2,available,public,True,processed,Math Antics - Intro To Exponents (aka Indices)
wSracfsnFI8,Negative Exponents | How to Solve Negative Exponents,Math_with_Mr._J,Year 8_12-13_Spring__Indices_7_Negative indices E,Negative indices E,current_2,available,public,True,processed,Negative Exponents | How to Solve Negative Exponents
bIFdW0NZ9W4,Evaluating fractional exponents: fractional base | Algebra I | Khan Academy,Khan_Academy,Year 8_12-13_Spring__Indices_8_Fractional indices E,Fractional indices E,current_2,available,public,True,processed,Evaluating fractional exponents: fractional base | Algebra I | Khan Academy
Kh-euMm_6Is,Percentage Change - GCSE Maths,1st_Class_Maths,Year 8_12-13_Spring__Percentages_10_Percentage change,Percentage change,current_1,available,public,True,processed,Percentage Change - GCSE Maths
DGowxLH8y6M,GCSE Maths from Scratch 5.06 Finding the Percentage Change,TLMaths,Year 8_12-13_Spring__Percentages_10_Percentage change,Percentage change,current_2,available,public,True,processed,GCSE Maths from Scratch 5.06 Finding the Percentage Change
5nZEUpZX_P0,Math Antics - Calculating Percent Change,mathantics,Year 8_12-13_Spring__Percentages_10_Percentage change,Percentage change,current_3,available,public,True,processed,Math Antics - Calculating Percent Change
dIeb2ryQ1ko,GCSE Maths - Reverse Percentages - Calculating The Cost Before The Discount (2026/27 exams),Cognito,Year 8_12-13_Spring__Percentages_11_Find the original value given a percentage,Find the original value given a percentage,current_1,available,public,True,processed,GCSE Maths - Reverse Percentages - Calculating The Cost Before The Discount (2026/27 exams)
Kw2eCs--1Lc,"Repeated percentage change, interest and exponential change: Edexcel GCSE Maths Revision",Math_Revision_LM,Year 8_12-13_Spring__Percentages_3_Use multipliers to calculate percentages,Use multipliers to calculate percentages,current_3,available,public,True,processed,"Repeated percentage change, interest and exponential change: Edexcel GCSE Maths Revision"
Xgy5JUVtMtw,"7th Grade Math 5.1c, Using Percent of Change",JoAnn's_School,Year 8_12-13_Spring__Percentages_4_Convert between percentages and decimals greater than 1,Convert between percentages and decimals greater than 1,current_2,available,public,True,processed,"7th Grade Math 5.1c, Using Percent of Change"
FhpuyU0tn0o,How to Convert Fractions to Percents | Practice Problems Included,Math_with_Mr._J,Year 8_12-13_Spring__Percentages_8_Express one number as a fraction or a percentage of another no calculator,Express one number as a fraction or a percentage of another no calculator,current_1,available,public,True,processed,How to Convert Fractions to Percents | Practice Problems Included
48L3fL-doec,"6th Grade Math 8.1b, Connecting Fractions and Percents",JoAnn's_School,Year 8_12-13_Spring__Percentages_8_Express one number as a fraction or a percentage of another no calculator,Express one number as a fraction or a percentage of another no calculator,current_2,available,public,True,processed,"6th Grade Math 8.1b, Connecting Fractions and Percents"
YLOVWwaydok,Converting Decimals to Fractions and Percentage,Mometrix_Academy,Year 8_12-13_Spring__Percentages_8_Express one number as a fraction or a percentage of another no calculator,Express one number as a fraction or a percentage of another no calculator,current_3,available,public,True,processed,Converting Decimals to Fractions and Percentage
cz4nPSA9rlc,Continuous vs Discrete Data,The_Organic_Chemistry_Tutor,Year 8_12-13_Spring__Types of data_1_Averages and range,Averages and range,current_3,available,public,True,processed,Continuous vs Discrete Data
1jaesFTfuFY,Outliers - How To Calculate and Handle Outliers in Data,Miacademy_&_MiaPrep_Learning_Channel,Year 8_12-13_Spring__Types of data_3_Choose the most appropriate average,Choose the most appropriate average,current_1,available,public,True,processed,Outliers - How To Calculate and Handle Outliers in Data
rvrJenFJhbs,"Outliers, Box Plots and Cumulative Frequency - Year 1 Statistics [A-level]",1st_Class_Maths,Year 8_12-13_Spring__Types of data_3_Choose the most appropriate average,Choose the most appropriate average,current_2,available,public,True,processed,"Outliers, Box Plots and Cumulative Frequency - Year 1 Statistics [A-level]"
-eWfTB5Soao,"7th Grade Math 10.2d, Using Proportions to Make Inferences",JoAnn's_School,Year 8_12-13_Spring__Types of data_3_Choose the most appropriate average,Choose the most appropriate average,current_3,available,public,True,processed,"7th Grade Math 10.2d, Using Proportions to Make Inferences"
0OTWzwAcyEU,"Measures of Central Tendency - Understanding Mean, Median, and Mode",Miacademy_&_MiaPrep_Learning_Channel,Year 8_12-13_Spring__Types of data_4_Compare distributions using averages and the range,Compare distributions using averages and the range,current_1,available,public,True,processed,"Measures of Central Tendency - Understanding Mean, Median, and Mode"
2YtYsaKelmY,How to Make a Grouped Frequency Table (Grouped Frequency Distribution Table) | Math with Mr. J,Math_with_Mr._J,Year 8_12-13_Spring__Types of data_7_Represent and interpret continuous data grouped into,Represent and interpret continuous data grouped into,current_1,available,public,True,processed,How to Make a Grouped Frequency Table (Grouped Frequency Distribution Table) | Math with Mr. J
rK8eNsnF8H8,Data Handling |Grouping Data | Grouped Frequency Distribution |#ncert |#class8 |#chapter5  #tys,Teachyousmart_,Year 8_12-13_Spring__Types of data_7_Represent and interpret continuous data grouped into,Represent and interpret continuous data grouped into,current_2,available,public,True,processed,Data Handling |Grouping Data | Grouped Frequency Distribution |#ncert |#class8 |#chapter5  #tys
1x3s29sAksU,"The Ultimate Angles Guide: Types, Rules & Key Facts",Minity_Maths,Year 8_12-13_Summer__Angles in parallel lines and polygons_10_Interior angles of a regular polygon,Interior angles of a regular polygon,current_2,available,public,True,processed,"The Ultimate Angles Guide: Types, Rules & Key Facts"
5VvPifrms1A,Proof that a Triangle is 180°,Mometrix_Academy,Year 8_12-13_Summer__Angles in parallel lines and polygons_11_Prove simple geometric facts  E,Prove simple geometric facts  E,current_2,available,public,True,processed,Proof that a Triangle is 180°
z2xCSwcOGJY,Angles in a parallelogram,MooMooMath_and_Science,Year 8_12-13_Summer__Angles in parallel lines and polygons_7_Find unknown lengths and angles in special quadrilaterals,Find unknown lengths and angles in special quadrilaterals,current_3,available,public,True,processed,Angles in a parallelogram
xvaYbS3iggs,Find the sum of the interior angles for polygons (shapes),MooMooMath_and_Science,Year 8_12-13_Summer__Angles in parallel lines and polygons_9_Interior angles of a polygon,Interior angles of a polygon,current_3,available,public,True,processed,Find the sum of the interior angles for polygons (shapes)
d3qMfo5EBcU,Area and Circumference - GCSE Maths,1st_Class_Maths,Year 8_12-13_Summer__Circles_4_Perimeter of parts of a circle,Perimeter of parts of a circle,current_1,available,public,True,processed,Area and Circumference - GCSE Maths
SJAIheSLV3I,How To Calculate The Perimeter of a Semicircle,The_Organic_Chemistry_Tutor,Year 8_12-13_Summer__Circles_4_Perimeter of parts of a circle,Perimeter of parts of a circle,current_2,available,public,True,processed,How To Calculate The Perimeter of a Semicircle
ybqHUv8cLVk,Finding perimeter of shape with arcs | Geometry (TX TEKS) | Khan Academy,Khan_Academy,Year 8_12-13_Summer__Circles_4_Perimeter of parts of a circle,Perimeter of parts of a circle,current_3,available,public,True,processed,Finding perimeter of shape with arcs | Geometry (TX TEKS) | Khan Academy
RaqC4SG33cc,"Grade 7 Math #9.2d, Compare the area of two circles",JoAnn's_School,Year 8_12-13_Summer__Circles_7_Area and circumference of a circle,Area and circumference of a circle,current_3,available,public,True,processed,"Grade 7 Math #9.2d, Compare the area of two circles"
nh56seaS6iA,Finding perimeter of shape with semicircles | Geometry (TX TEKS) | Khan Academy,Khan_Academy,Year 8_12-13_Summer__Circles_8_Perimeter of compound shapes with circles,Perimeter of compound shapes with circles,current_2,available,public,True,processed,Finding perimeter of shape with semicircles | Geometry (TX TEKS) | Khan Academy
D_cqAvx4zLU,"7th Grade Math 11.1b, Compare Dot Plots Visually",JoAnn's_School,Year 8_12-13_Summer__Graphs and charts_7_Compare distributions using graphs,Compare distributions using graphs,current_2,available,public,True,processed,"7th Grade Math 11.1b, Compare Dot Plots Visually"
vV7C7bXm4VI,Math Antics - Number Patterns,mathantics,Year 8_12-13_Summer__Sequences_2_Generate a sequence given a simple algebraic rule,Generate a sequence given a simple algebraic rule,current_1,available,public,True,processed,Math Antics - Number Patterns
ly6ZbZkUMhA,The nth Term Made Simple (With Examples),Maths_with_Mrs_B,Year 8_12-13_Summer__Sequences_3_nth term of a linear sequence,nth term of a linear sequence,current_1,available,public,True,processed,The nth Term Made Simple (With Examples)
18QmGjau-nU,Find ANY Term of an Arithmetic Sequence | HS.F-LE.A.1 #fallintoshorts,The_Magic_of_Math,Year 8_12-13_Summer__Sequences_3_nth term of a linear sequence,nth term of a linear sequence,current_2,available,public,True,processed,Find ANY Term of an Arithmetic Sequence | HS.F-LE.A.1 #fallintoshorts
q-f20mp8nZM,Frequency trees - GCSE Probability,Churchill_Academy_Maths,Year 8_12-13_Summer__Tables and probability_11_Probabilities from frequency trees,Probabilities from frequency trees,current_3,available,public,True,processed,Frequency trees - GCSE Probability
u-KJ8SqgXzg,Probability for Kids | Elementary Math Lesson,Homeschool_Pop,Year 8_12-13_Summer__Tables and probability_1_Probability vocabulary,Probability vocabulary,current_1,available,public,True,processed,Probability for Kids | Elementary Math Lesson
hiSOjY1bA7Q,The Probability Line | Understanding Probability | Math with Mr. J,Math_with_Mr._J,Year 8_12-13_Summer__Tables and probability_2_The probability scale,The probability scale,current_2,available,public,True,processed,The Probability Line | Understanding Probability | Math with Mr. J
ur_hHjLrBNo,Probability - Corbettmaths,corbettmaths,Year 8_12-13_Summer__Tables and probability_3_Probability of a single event ​,Probability of a single event ​,current_3,available,public,True,processed,Probability - Corbettmaths
af_OfEuM0po,Experimental Probability - Using Data to Predict Outcomes,Miacademy_&_MiaPrep_Learning_Channel,Year 8_12-13_Summer__Tables and probability_5_Probability experiments,Probability experiments,current_1,available,public,True,processed,Experimental Probability - Using Data to Predict Outcomes
YP6y9KstyMM,What is Experimental Probability? | Math with Mr. J,Math_with_Mr._J,Year 8_12-13_Summer__Tables and probability_5_Probability experiments,Probability experiments,current_2,available,public,True,processed,What is Experimental Probability? | Math with Mr. J
-UmV87B2E1Q,"Grade 6 Math #8.3, Comparing Experimental and Theoretical probability",JoAnn's_School,Year 8_12-13_Summer__Tables and probability_5_Probability experiments,Probability experiments,current_3,available,public,True,processed,"Grade 6 Math #8.3, Comparing Experimental and Theoretical probability"
GIkANiw0vQw,Sample Space diagrams,Mathletic,Year 8_12-13_Summer__Tables and probability_6_Sample spaces for 1 or more events,Sample spaces for 1 or more events,current_1,available,public,True,processed,Sample Space diagrams
MqetDbXUQew,"7th Grade Math 13.2a, Finding Probability Using a Table, Compound Event",JoAnn's_School,Year 8_12-13_Summer__Tables and probability_6_Sample spaces for 1 or more events,Sample spaces for 1 or more events,current_3,available,public,True,processed,"7th Grade Math 13.2a, Finding Probability Using a Table, Compound Event"
QZyfWfpdhg4,8th Math Weekly #25 Two Way Tables,Autumn_Daniel,Year 8_12-13_Summer__Tables and probability_8_Two-way tables,Two-way tables,current_3,available,public,True,processed,8th Math Weekly #25 Two Way Tables
2dBx5-H7fPc,Two Way Tables : Interpreting Results,You_do_the_Maths,Year 8_12-13_Summer__Tables and probability_9_Probabilities from two-way tables,Probabilities from two-way tables,current_1,available,public,True,processed,Two Way Tables : Interpreting Results
Kk7lpQMOuaM,Drawing Nets and using Nets to Calculate Surface Area,SmithMathAcademy,Year 9_13-14_Autumn__Area and volume_1_Nets,Nets,current_3,available,public,True,processed,Drawing Nets and using Nets to Calculate Surface Area
Mmt9VE6dy5s,"Grade 7 Math #9.2c, Area and What it means to Solve in terms of Pi",JoAnn's_School,Year 9_13-14_Autumn__Area and volume_3_Area and circumference of a circle,Area and circumference of a circle,current_3,available,public,True,processed,"Grade 7 Math #9.2c, Area and What it means to Solve in terms of Pi"
xx-uKBod3A8,Surface Area of a Cube,Math_Grizz,Year 9_13-14_Autumn__Area and volume_4_Surface area of cubes and cuboids,Surface area of cubes and cuboids,current_1,available,public,True,processed,Surface Area of a Cube
3CWkQB9_2tw,3D Figures - Prism Surface Area,Miacademy_&_MiaPrep_Learning_Channel,Year 9_13-14_Autumn__Area and volume_4_Surface area of cubes and cuboids,Surface area of cubes and cuboids,current_2,available,public,True,processed,3D Figures - Prism Surface Area
I9eLKDbc8og,Evaluating an algebraic expression in a word problem | Algebra I | Khan Academy,Khan_Academy,Year 9_13-14_Autumn__Area and volume_4_Surface area of cubes and cuboids,Surface area of cubes and cuboids,current_3,available,public,True,processed,Evaluating an algebraic expression in a word problem | Algebra I | Khan Academy
7F-_y9a4PrQ,"Grade 7 Math #7.1d, Write and solve one-step word problem Inequalities",JoAnn's_School,Year 9_13-14_Autumn__Equations inequalities and formulae_1_Solve equations and inequalities,Solve equations and inequalities,current_3,available,public,True,processed,"Grade 7 Math #7.1d, Write and solve one-step word problem Inequalities"
D1cKk48kz-E,Multiplying and dividing with inequalities example | Linear inequalities | Algebra I | Khan Academy,Khan_Academy,Year 9_13-14_Autumn__Equations inequalities and formulae_3_Inequalities with negative numbers E,Inequalities with negative numbers E,current_2,available,public,True,processed,Multiplying and dividing with inequalities example | Linear inequalities | Algebra I | Khan Academy
vHFiC2Lsfmo,"Grade 7 Math 7.2, Writing Two-step Inequalities from word problems",JoAnn's_School,Year 9_13-14_Autumn__Equations inequalities and formulae_5_Solve problems with equations and inequalities,Solve problems with equations and inequalities,current_3,available,public,True,processed,"Grade 7 Math 7.2, Writing Two-step Inequalities from word problems"
-nP-A60kmJU,Dealing with formulas (8th grade math/algebra),Maths_4_Kids,Year 9_13-14_Autumn__Equations inequalities and formulae_6_Substitute into formulae and equations,Substitute into formulae and equations,current_3,available,public,True,processed,Dealing with formulas (8th grade math/algebra)
8U9u_itcs7k,Changing the Subject - Corbettmaths,corbettmaths,Year 9_13-14_Autumn__Equations inequalities and formulae_9_Change the subject of a complex formula E,Change the subject of a complex formula E,current_3,available,public,True,processed,Changing the Subject - Corbettmaths
6dXLhnf4jjQ,GCSE Maths Revision: Percentage Change Topic Test [NEW 2023],162maths,Year 9_13-14_Autumn__Percentages_1_Percentage increase and decrease,Percentage increase and decrease,current_3,available,public,True,processed,GCSE Maths Revision: Percentage Change Topic Test [NEW 2023]
DfEN8xPN1Qc,2.OA.1 - Comparison Word Problem,MathwithMrAlmeida,Year 9_13-14_Autumn__Percentages_4_Solve problems with percentages (non-calculator),Solve problems with percentages (non-calculator),current_2,available,public,True,processed,2.OA.1 - Comparison Word Problem
pPv9rIdZuj4,"7th Grade Math 5.3b, Finding Simple Interest",JoAnn's_School,Year 9_13-14_Autumn__Percentages_8_Simple interest,Simple interest,current_1,available,public,True,processed,"7th Grade Math 5.3b, Finding Simple Interest"
32p4P9NM1EA,The Maths Prof: Simple Interest,The_Maths_Prof,Year 9_13-14_Autumn__Percentages_8_Simple interest,Simple interest,current_2,available,public,True,processed,The Maths Prof: Simple Interest
eL53hDDipNI,GCSE Maths - Simple Interest,Mr_Burgess_-_GCSE_Maths,Year 9_13-14_Autumn__Percentages_8_Simple interest,Simple interest,current_3,available,public,True,processed,GCSE Maths - Simple Interest
mVK32CTCpsQ,The magic of compound Interest: how savings grow faster,GoHenry,Year 9_13-14_Autumn__Percentages_9_Compound interest,Compound interest,current_1,available,public,True,processed,The magic of compound Interest: how savings grow faster
-03xTvo52RI,The Number System: Rational Numbers - Identifying Numbers as Rational or Irrational,Miacademy_&_MiaPrep_Learning_Channel,"Year 9_13-14_Autumn__Properties of number_7_Integers, real numbers and rational numbers","Integers, real numbers and rational numbers",current_1,available,public,True,processed,The Number System: Rational Numbers - Identifying Numbers as Rational or Irrational
-QHff5pRdM8,How to classify numbers | Numbers and operations | 8th grade | Khan Academy,Khan_Academy,"Year 9_13-14_Autumn__Properties of number_7_Integers, real numbers and rational numbers","Integers, real numbers and rational numbers",current_2,available,public,True,processed,How to classify numbers | Numbers and operations | 8th grade | Khan Academy
slGoQlKhRs0,"8th Grade Math 1.2c, Identifying Sets of Numbers for Real-World Situations",JoAnn's_School,"Year 9_13-14_Autumn__Properties of number_7_Integers, real numbers and rational numbers","Integers, real numbers and rational numbers",current_3,available,public,True,processed,"8th Grade Math 1.2c, Identifying Sets of Numbers for Real-World Situations"
uvypCDiagUI,What Is A Surd  |  Understanding Surds,Minity_Maths,Year 9_13-14_Autumn__Properties of number_8_Introduction to surds E,Introduction to surds E,current_1,available,public,True,processed,What Is A Surd  |  Understanding Surds
46J333gNkgM,"Grade 8 Math #1.1d, Irrational numbers and estimating their value",JoAnn's_School,Year 9_13-14_Autumn__Properties of number_8_Introduction to surds E,Introduction to surds E,current_2,available,public,True,processed,"Grade 8 Math #1.1d, Irrational numbers and estimating their value"
D0ciUjMEY8o,"7th Grade Math 4.1a, Exploring Rates",JoAnn's_School,"Year 9_13-14_Autumn__Rates_1_Speed, distance and time","Speed, distance and time",current_3,available,public,True,processed,"7th Grade Math 4.1a, Exploring Rates"
bAZTx-aNGUY,"8th Grade Math 6.4c, Functions, Sketching a Graph for a Situation",JoAnn's_School,Year 9_13-14_Autumn__Rates_3_Flow problems and their graphs,Flow problems and their graphs,current_1,embedding_disabled,public,False,processed,"8th Grade Math 6.4c, Functions, Sketching a Graph for a Situation"
WZkAXXqugik,Spicy Questions #10 Solution,1st_Class_Maths,Year 9_13-14_Autumn__Rates_3_Flow problems and their graphs,Flow problems and their graphs,current_2,available,public,True,processed,Spicy Questions #10 Solution
YehLUfC1X0U,The Graph of a Proportional Relationship | 8.EE.B.5 💗💙,The_Magic_of_Math,Year 9_13-14_Autumn__Rates_3_Flow problems and their graphs,Flow problems and their graphs,current_3,available,public,True,processed,The Graph of a Proportional Relationship | 8.EE.B.5 💗💙
qGTYSAeLTOE,"Introduction to rates | Ratios, rates, and percentages | 6th grade | Khan Academy",Khan_Academy,Year 9_13-14_Autumn__Rates_4_Rates of change and their units,Rates of change and their units,current_1,available,public,True,processed,"Introduction to rates | Ratios, rates, and percentages | 6th grade | Khan Academy"
bi9tpg9pLPw,Introduction to Rates - What Are Rates and How to Use Them,Miacademy_&_MiaPrep_Learning_Channel,Year 9_13-14_Autumn__Rates_4_Rates of change and their units,Rates of change and their units,current_2,deleted,deleted,False,deleted,
IKytZMRgudQ,"Grade 8 Math #3.3a, Unit rate to Slope",JoAnn's_School,Year 9_13-14_Autumn__Rates_4_Rates of change and their units,Rates of change and their units,current_3,available,public,True,processed,"Grade 8 Math #3.3a, Unit rate to Slope"
hIAdCTNi1S8,Treating units algebraically and dimensional analysis | Algebra I | Khan Academy,Khan_Academy,Year 9_13-14_Autumn__Rates_5_Convert compound units E,Convert compound units E,current_3,available,public,True,processed,Treating units algebraically and dimensional analysis | Algebra I | Khan Academy
sXXmxgXymMw,Home School Week 4 Review (B),Maths_Genie,Year 9_13-14_Spring__Algebraic manipulation_3_Expand double brackets,Expand double brackets,current_1,available,public,True,processed,Home School Week 4 Review (B)
oK8g0aB_Eg0,Expanding Two Brackets using a Grid - Corbettmaths,corbettmaths,Year 9_13-14_Spring__Algebraic manipulation_3_Expand double brackets,Expand double brackets,current_2,available,public,True,processed,Expanding Two Brackets using a Grid - Corbettmaths
T-JBQK96aLs,Polynomial Identities - Identify Equivalent Polynomials by Factoring and Expanding,Miacademy_&_MiaPrep_Learning_Channel,Year 9_13-14_Spring__Algebraic manipulation_5_Use identities,Use identities,current_1,available,public,True,processed,Polynomial Identities - Identify Equivalent Polynomials by Factoring and Expanding
5jXHWWtB_FE,GCSE Maths - How to Prove Algebraic Identities - Proof Part 2 (2026/27 exams),Cognito,Year 9_13-14_Spring__Algebraic manipulation_5_Use identities,Use identities,current_2,available,public,True,processed,GCSE Maths - How to Prove Algebraic Identities - Proof Part 2 (2026/27 exams)
LjbNdMg76_A,"Algebra I #3.5b, Identity equations - parentheses and variables on both sides",JoAnn's_School,Year 9_13-14_Spring__Algebraic manipulation_5_Use identities,Use identities,current_3,available,public,True,processed,"Algebra I #3.5b, Identity equations - parentheses and variables on both sides"
_mJ208qqDGQ,"Algebra I #13.1b, Equations as ax²+bx=0, Solve by factoring",JoAnn's_School,Year 9_13-14_Spring__Algebraic manipulation_7_Solve quadratic equations E,Solve quadratic equations E,current_1,available,public,True,processed,"Algebra I #13.1b, Equations as ax²+bx=0, Solve by factoring"
zJw1jza8Mcw,Solving quadratic equations by factorising - GCSE Maths,JED_Maths,Year 9_13-14_Spring__Algebraic manipulation_7_Solve quadratic equations E,Solve quadratic equations E,current_3,available,public,True,processed,Solving quadratic equations by factorising - GCSE Maths
1PZ4pp_d1-o,construction 4: perpendicular bisector,LawrenceAcademy_Math,Year 9_13-14_Spring__Constructions and congruence_5_Construct a perpendicular bisector,Construct a perpendicular bisector,current_2,available,public,True,processed,construction 4: perpendicular bisector
7bkNNYN-j6E,"Geometry 4.6d, Construct a Right triangle with a compass and straightedge",JoAnn's_School,Year 9_13-14_Spring__Constructions and congruence_6_Construct a perpendicular from or to a point,Construct a perpendicular from or to a point,current_2,available,public,True,processed,"Geometry 4.6d, Construct a Right triangle with a compass and straightedge"
36DFvFEt_Kg,Construction,Maths_Genie,Year 9_13-14_Spring__Constructions and congruence_6_Construct a perpendicular from or to a point,Construct a perpendicular from or to a point,current_3,available,public,True,processed,Construction
_-4aFZxaj_g,What are Congruent Figures? | An Intro to Congruent Figures | Math with Mr. J,Math_with_Mr._J,Year 9_13-14_Spring__Constructions and congruence_8_Identify congruent shapes,Identify congruent shapes,current_1,available,public,True,processed,What are Congruent Figures? | An Intro to Congruent Figures | Math with Mr. J
gpbcYlqKUY4,Is That the Same Shape? - Congruent Figures,Miacademy_&_MiaPrep_Learning_Channel,Year 9_13-14_Spring__Constructions and congruence_8_Identify congruent shapes,Identify congruent shapes,current_2,available,public,True,processed,Is That the Same Shape? - Congruent Figures
Ayr8MPGQAHo,Good debt vs. bad debt: how to borrow money wisely,GoHenry,Year 9_13-14_Spring__Maths and money_10_Borrowing (loans),Borrowing (loans),current_1,available,public,True,processed,Good debt vs. bad debt: how to borrow money wisely
JqkGPqTPHvQ,Introduction to Borrowing,Dena_Goldberg_-_LEH_Faculty,Year 9_13-14_Spring__Maths and money_10_Borrowing (loans),Borrowing (loans),current_2,available,public,True,processed,Introduction to Borrowing
TNXMG_gratc,Loan Repayments (1 of 2: Setting up the equations),Eddie_Woo,Year 9_13-14_Spring__Maths and money_10_Borrowing (loans),Borrowing (loans),current_3,available,public,True,processed,Loan Repayments (1 of 2: Setting up the equations)
KH-GKdfYevY,Converting Money - - - - MTH-1101,The_Free_Math_Tutor,Year 9_13-14_Spring__Maths and money_11_Spending overseas,Spending overseas,current_1,available,public,True,processed,Converting Money - - - - MTH-1101
RdkrhE0TpvE,The Maths Prof: Currency Conversion,The_Maths_Prof,Year 9_13-14_Spring__Maths and money_11_Spending overseas,Spending overseas,current_2,available,public,True,processed,The Maths Prof: Currency Conversion
1pmyd_Ku2vA,Workplace and Apprenticeship 10 - Proportional Reasoning - 8 - Currency Exchange,Samantha_Douglas,Year 9_13-14_Spring__Maths and money_11_Spending overseas,Spending overseas,current_3,available,public,True,processed,Workplace and Apprenticeship 10 - Proportional Reasoning - 8 - Currency Exchange
m2nvsGJWtkg,What is insurance? Do i need it and when is it worth it?,GoHenry,Year 9_13-14_Spring__Maths and money_12_Insurance,Insurance,current_1,available,public,True,processed,What is insurance? Do i need it and when is it worth it?
2GznIKorfkE,Business Math: Chapter 7: Insurance Explained,Brandon_Mellett,Year 9_13-14_Spring__Maths and money_12_Insurance,Insurance,current_2,available,public,True,processed,Business Math: Chapter 7: Insurance Explained
aIWLStWG4G8,What is insurance? How it protects you and your belongings,GoHenry,Year 9_13-14_Spring__Maths and money_12_Insurance,Insurance,current_3,available,public,True,processed,What is insurance? How it protects you and your belongings
0Nxxqbr9yQQ,Why use a bank? How banks keep money safe and help you save,GoHenry,Year 9_13-14_Spring__Maths and money_1_Understand a bank account,Understand a bank account,current_1,available,public,True,processed,Why use a bank? How banks keep money safe and help you save
_43Tj_CkVtk,Introduction to financial terminology | Decimals | Mathspace,Mathspace,Year 9_13-14_Spring__Maths and money_1_Understand a bank account,Understand a bank account,current_2,available,public,True,processed,Introduction to financial terminology | Decimals | Mathspace
lbbJLPTGbxM,Bank Statement Example Maths Lit,TheWhiteboardSA,Year 9_13-14_Spring__Maths and money_1_Understand a bank account,Understand a bank account,current_3,available,public,True,processed,Bank Statement Example Maths Lit
Ay_LoZZv2e0,Applications of Percents - Real-World Percentage Problems,Miacademy_&_MiaPrep_Learning_Channel,Year 9_13-14_Spring__Maths and money_2_Value added tax,Value added tax,current_1,available,public,True,processed,Applications of Percents - Real-World Percentage Problems
b4IZsqF6sAY,"7th Grade Math 5.3a, Percent, Finding an Original Amount or Final Amount",JoAnn's_School,Year 9_13-14_Spring__Maths and money_2_Value added tax,Value added tax,current_2,available,public,True,processed,"7th Grade Math 5.3a, Percent, Finding an Original Amount or Final Amount"
9OWr0BCiicY,Sales Tax & Percent of Increase | 7.EE.A.2 💚💙,The_Magic_of_Math,Year 9_13-14_Spring__Maths and money_2_Value added tax,Value added tax,current_3,available,public,True,processed,Sales Tax & Percent of Increase | 7.EE.A.2 💚💙
jzcAIsAUPl0,"Different ways to pay: cash, cards & digital payments",GoHenry,Year 9_13-14_Spring__Maths and money_3_Ways to pay,Ways to pay,current_1,available,public,True,processed,"Different ways to pay: cash, cards & digital payments"
X0bTBVF__40,Why saving money Is important: simple tips for kids,GoHenry,Year 9_13-14_Spring__Maths and money_4_Ways to save,Ways to save,current_1,available,public,True,processed,Why saving money Is important: simple tips for kids
Q4T2ipCuAPo,What is a savings plan? | Personal financial literacy | 3rd grade math (TX TEKS) | Khan Academy,Khan_Academy,Year 9_13-14_Spring__Maths and money_4_Ways to save,Ways to save,current_2,available,public,True,processed,What is a savings plan? | Personal financial literacy | 3rd grade math (TX TEKS) | Khan Academy
ZCXaWlZOrz4,How to make a budget: simple steps for kids and teens,GoHenry,Year 9_13-14_Spring__Maths and money_5_Jobs and pay,Jobs and pay,current_1,available,public,True,processed,How to make a budget: simple steps for kids and teens
nHD2N5gHXj4,What is labor and income? | Personal financial literacy | 3rd grade math (TX TEKS) | Khan Academy,Khan_Academy,Year 9_13-14_Spring__Maths and money_5_Jobs and pay,Jobs and pay,current_2,available,public,True,processed,What is labor and income? | Personal financial literacy | 3rd grade math (TX TEKS) | Khan Academy
lcN59mOu6No,Pay Raise & Percent of Increase | 7.EE.B.3 | Grade 7 Math 💚💙,The_Magic_of_Math,Year 9_13-14_Spring__Maths and money_5_Jobs and pay,Jobs and pay,current_3,available,public,True,processed,Pay Raise & Percent of Increase | 7.EE.B.3 | Grade 7 Math 💚💙
ht31DgU-XtY,What is investing? How to grow your money for the future,GoHenry,Year 9_13-14_Spring__Maths and money_6_Investments,Investments,current_1,available,public,True,processed,What is investing? How to grow your money for the future
OgDIw4hg1SE,How does investing work? A simple guide for beginners,GoHenry,Year 9_13-14_Spring__Maths and money_6_Investments,Investments,current_2,available,public,True,processed,How does investing work? A simple guide for beginners
Wig8ET2fiA8,How to Identify Proportional Relationships | 7.RP.A.2 💚,The_Magic_of_Math,Year 9_13-14_Spring__Ratio and proportion_1_Direct proportion,Direct proportion,current_3,available,public,True,processed,How to Identify Proportional Relationships | Grade 7 Math | 7.RP.A.2 💚
AfBYtwInKVE,"Multiple Representations of Proportional Relationships - Tables, Graphs, and Equations",Miacademy_&_MiaPrep_Learning_Channel,Year 9_13-14_Spring__Ratio and proportion_2_Direct proportion and conversion graphs,Direct proportion and conversion graphs,current_1,deleted,deleted,False,deleted,
4iVe9fy7bmY,Class 8. Mathematics 11. Direct and Inverse Proportions,Vitaran_Learning,Year 9_13-14_Spring__Ratio and proportion_3_Inverse proportion,Inverse proportion,current_3,available,public,True,processed,Class 8. Mathematics 11. Direct and Inverse Proportions
USmit5zUGas,Math Antics - Proportions,mathantics,Year 9_13-14_Spring__Ratio and proportion_6_Solve problems with ratio and algebra E,Solve problems with ratio and algebra E,current_1,available,public,True,processed,Math Antics - Proportions
gX8DRYF5YyY,"6th Grade Math 7.2a, Using Equivalent Ratios to Solve Proportions",JoAnn's_School,Year 9_13-14_Spring__Ratio and proportion_6_Solve problems with ratio and algebra E,Solve problems with ratio and algebra E,current_3,available,public,True,processed,"6th Grade Math 7.2a, Using Equivalent Ratios to Solve Proportions"
u0DGSVvZzp4,Working With Similar Triangles – Find Missing Sides and Angles,Miacademy_&_MiaPrep_Learning_Channel,Year 9_13-14_Spring__Similarity_3_Solve problems with similar triangles E,Solve problems with similar triangles E,current_1,available,public,True,processed,Working With Similar Triangles – Find Missing Sides and Angles
4kmGoUXwIpo,Similar Triangles,Mometrix_Academy,Year 9_13-14_Spring__Similarity_3_Solve problems with similar triangles E,Solve problems with similar triangles E,current_2,available,public,True,processed,Similar Triangles
bBAjWXMQCEY,"8th Grade Math 11.3c, Finding Missing Measures, Similar Triangles, Angle-Angle Similarity Postulate",JoAnn's_School,Year 9_13-14_Spring__Similarity_3_Solve problems with similar triangles E,Solve problems with similar triangles E,current_3,available,public,True,processed,"8th Grade Math 11.3c, Finding Missing Measures, Similar Triangles, Angle-Angle Similarity Postulate"
hz1RePt7kGE,"Geometry 8.1, Similarity in Right Triangles",JoAnn's_School,Year 9_13-14_Spring__Similarity_4_Ratio in right-angled triangles E,Ratio in right-angled triangles E,current_1,available,public,True,processed,"Geometry 8.1, Similarity in Right Triangles"
OnJcgocMpxw,Ratios in Geometry - Using Ratios To Compare Figures,Miacademy_&_MiaPrep_Learning_Channel,Year 9_13-14_Spring__Similarity_4_Ratio in right-angled triangles E,Ratio in right-angled triangles E,current_2,available,public,True,processed,Ratios in Geometry - Using Ratios To Compare Figures
lCnljif1UjE,Trigonometric Ratios in Similar Triangles - How To Use Trig in Geometry,Miacademy_&_MiaPrep_Learning_Channel,Year 9_13-14_Spring__Similarity_4_Ratio in right-angled triangles E,Ratio in right-angled triangles E,current_3,available,public,True,processed,Trigonometric Ratios in Similar Triangles - How To Use Trig in Geometry
wWqnZ8TinoU,Horizontal & Vertical Lines,Kevin_Dorey,"Year 9_13-14_Spring__Straight line graphs_1_Lines parallel to the axes, y = x and y = −x","Lines parallel to the axes, y = x and y = −x",current_3,available,public,True,processed,Horizontal & Vertical Lines
phEHRWKAJ2Y,Linear Equations and Graphs: Part 1 - Writing Linear Equations When Given the Slope and y-Intercept,Miacademy_&_MiaPrep_Learning_Channel,Year 9_13-14_Spring__Straight line graphs_7_Interpret gradients and intercepts of real-life graphs,Interpret gradients and intercepts of real-life graphs,current_1,available,public,True,processed,Linear Equations and Graphs: Part 1 - Writing Linear Equations When Given the Slope and y-Intercept
EfRM8PRIOMg,Linear Inequalities - Solve and Graph Inequality Statements,Miacademy_&_MiaPrep_Learning_Channel,Year 9_13-14_Spring__Straight line graphs_8_Graph inequalities E,Graph inequalities E,current_1,available,public,True,processed,Linear Inequalities - Solve and Graph Inequality Statements
VoDK7jWtZHI,Graphing From Standard Form - Plot Quadratic Functions From Standard Form,Miacademy_&_MiaPrep_Learning_Channel,Year 9_13-14_Summer__Non-linear graphs_4_Interpret quadratic graphs,Interpret quadratic graphs,current_3,available,public,True,processed,Graphing From Standard Form - Plot Quadratic Functions From Standard Form
kQ5qolRrE5w,Draw Cubic Graph Grade 12,Kevinmathscience,"Year 9_13-14_Summer__Non-linear graphs_8_Interpret roots, intercepts and turning points (E)","Interpret roots, intercepts and turning points (E)",current_2,available,public,True,processed,Draw Cubic Graph Grade 12
7vomY6g-f3Q,"Square Roots, Cube Roots, and Other Roots",Professor_Dave_Explains,Year 9_13-14_Summer__Pythagoras theorem_1_Solve equations with squares and square roots,Solve equations with squares and square roots,current_1,available,public,True,processed,"Square Roots, Cube Roots, and Other Roots"
3DvUR2DkYEU,Solving Equations Involving Roots,Mometrix_Academy,Year 9_13-14_Summer__Pythagoras theorem_1_Solve equations with squares and square roots,Solve equations with squares and square roots,current_2,available,public,True,processed,Solving Equations Involving Roots
VF4P3W8MFqo,Solving With Square Roots - How To Solve an Equation With a Squared Variable,Miacademy_&_MiaPrep_Learning_Channel,Year 9_13-14_Summer__Pythagoras theorem_1_Solve equations with squares and square roots,Solve equations with squares and square roots,current_3,available,public,True,processed,Solving With Square Roots - How To Solve an Equation With a Squared Variable
dE-0iA30aMU,"Grade 8 Math #12.3a, Pythagorean Theorem in a Coordinate plane",JoAnn's_School,Year 9_13-14_Summer__Pythagoras theorem_6_Use Pythagoras’ theorem on coordinate axes,Use Pythagoras’ theorem on coordinate axes,current_1,available,public,True,processed,"Grade 8 Math #12.3a, Pythagorean Theorem in a Coordinate plane"
9NrY8gqZ9Kw,Distance in the Coordinate Plane: Part 2 - Using the Distance Formula,Miacademy_&_MiaPrep_Learning_Channel,Year 9_13-14_Summer__Pythagoras theorem_6_Use Pythagoras’ theorem on coordinate axes,Use Pythagoras’ theorem on coordinate axes,current_2,available,public,True,processed,Distance in the Coordinate Plane: Part 2 - Using the Distance Formula
hl93mV_i58U,Distance in the Coordinate Plane: Part 1 - Using the Pythagorean Theorem,Miacademy_&_MiaPrep_Learning_Channel,Year 9_13-14_Summer__Pythagoras theorem_6_Use Pythagoras’ theorem on coordinate axes,Use Pythagoras’ theorem on coordinate axes,current_3,available,public,True,processed,Distance in the Coordinate Plane: Part 1 - Using the Pythagorean Theorem
YompsDlEdtc,How many ways are there to prove the Pythagorean theorem? - Betty Fei,TED-Ed,Year 9_13-14_Summer__Pythagoras theorem_7_Proofs of Pythagoras’ theorem E,Proofs of Pythagoras’ theorem E,current_1,available,public,True,processed,How many ways are there to prove the Pythagorean theorem? - Betty Fei
7E-L8C2zJm4,"Geometry 7.3c, Proving the Pythagorean Theorem using Similar Triangles",JoAnn's_School,Year 9_13-14_Summer__Pythagoras theorem_7_Proofs of Pythagoras’ theorem E,Proofs of Pythagoras’ theorem E,current_2,available,public,True,processed,"Geometry 7.3c, Proving the Pythagorean Theorem using Similar Triangles"
4ty-eKXLIi4,The Pythagorean Theorem : Two Proofs,PatrickJ,Year 9_13-14_Summer__Pythagoras theorem_7_Proofs of Pythagoras’ theorem E,Proofs of Pythagoras’ theorem E,current_3,available,public,True,processed,The Pythagorean Theorem : Two Proofs
9IIGpuHDsa0,Pythagoras and Trig in 3D,Mathletic,Year 9_13-14_Summer__Pythagoras theorem_8_Pythagoras’ theorem in 3-D shapes E,Pythagoras’ theorem in 3-D shapes E,current_1,available,public,True,processed,Pythagoras and Trig in 3D
dyaAuruemCs,Diagonal Length of a Rectangular Solid,MooMooMath_and_Science,Year 9_13-14_Summer__Pythagoras theorem_8_Pythagoras’ theorem in 3-D shapes E,Pythagoras’ theorem in 3-D shapes E,current_2,available,public,True,processed,Diagonal Length of a Rectangular Solid
DqcAxtitIL8,"Grade 8 Math #12.1c, Pythagorean Theorem in 3 dimensions",JoAnn's_School,Year 9_13-14_Summer__Pythagoras theorem_8_Pythagoras’ theorem in 3-D shapes E,Pythagoras’ theorem in 3-D shapes E,current_3,available,public,True,processed,"Grade 8 Math #12.1c, Pythagorean Theorem in 3 dimensions"
nSyTD8GgfKk,Probability & Venn Diagrams | Numbers | Maths | FuseSchool,FuseSchool_-_Global_Education,Year 9_13-14_Summer__Sets and probability_10_Probabilities from Venn diagrams,Probabilities from Venn diagrams,current_1,available,public,True,processed,Probability & Venn Diagrams | Numbers | Maths | FuseSchool
bLwF2fI8Guc,Probability Formulas and Venn Diagrams EXPLAINED with Examples,Ace_Tutors,Year 9_13-14_Summer__Sets and probability_10_Probabilities from Venn diagrams,Probabilities from Venn diagrams,current_2,available,public,True,processed,Probability Formulas and Venn Diagrams EXPLAINED with Examples
4UES8E-AlK0,"Algebra I #9.1a, Inequalities - Sets and Elements of a Set",JoAnn's_School,Year 9_13-14_Summer__Sets and probability_1_Identify and represent sets,Identify and represent sets,current_3,available,public,True,processed,"Algebra I #9.1a, Inequalities - Sets and Elements of a Set"
kFV2ZSoXD2E,"Algebra I #9.1c, Inequalities - Intersection of Sets ∩ and Empty Sets { }",JoAnn's_School,Year 9_13-14_Summer__Sets and probability_2_Intersection of a set,Intersection of a set,current_2,available,public,True,processed,"Algebra I #9.1c, Inequalities - Intersection of Sets ∩ and Empty Sets { }"
FOqXL9iwqeY,Set Theory: Set Operations Explained,Minity_Maths,Year 9_13-14_Summer__Sets and probability_3_Union of a set,Union of a set,current_1,available,public,True,processed,Set Theory: Set Operations Explained
9-Nfkm24_r0,Using Venn Diagrams to Interpret Set Operations,Amour_Learning,Year 9_13-14_Summer__Sets and probability_4_Complement of a set (E),Complement of a set (E),current_3,available,public,True,processed,Using Venn Diagrams to Interpret Set Operations
kMJVyxYiato,Probability Maths Lit Part 1,Kevinmathscience,Year 9_13-14_Summer__Sets and probability_5_Probability of a single event ​,Probability of a single event ​,current_1,available,public,True,processed,Probability Maths Lit Part 1
QEdHtF1CKRQ,Finding Probability | Basic Probability | Math with Mr. J,Math_with_Mr._J,Year 9_13-14_Summer__Sets and probability_5_Probability of a single event ​,Probability of a single event ​,current_3,available,public,True,processed,Finding Probability | Basic Probability | Math with Mr. J
Z5BX-LbG7mI,Probability Tree Diagrams - GCSE Maths,1st_Class_Maths,Year 9_13-14_Summer__Sets and probability_6_Use diagrams to work out probabilities,Use diagrams to work out probabilities,current_1,available,public,True,processed,Probability Tree Diagrams - GCSE Maths
tcnWpPL3RhQ,Tree Diagrams,Mometrix_Academy,Year 9_13-14_Summer__Sets and probability_6_Use diagrams to work out probabilities,Use diagrams to work out probabilities,current_2,available,public,True,processed,Tree Diagrams
Xf-5UWREAio,Experimental Probability - Based on Actual Trials,Miacademy_&_MiaPrep_Learning_Channel,Year 9_13-14_Summer__Sets and probability_7_Relative frequency,Relative frequency,current_2,available,public,True,processed,Experimental Probability - Based on Actual Trials
PuEKpe6YR3o,Probability Distributions: Part 2 - The Law of Large Numbers and Expected Value,Miacademy_&_MiaPrep_Learning_Channel,Year 9_13-14_Summer__Sets and probability_8_Expected outcomes,Expected outcomes,current_1,available,public,True,processed,Probability Distributions: Part 2 - The Law of Large Numbers and Expected Value
puYpa81TgGA,"Grade 8 Math #9.2c, Transformations - Graph Reflections",JoAnn's_School,Year 9_13-14_Summer__Transformations_10_Reflection,Reflection,current_3,available,public,True,processed,"Grade 8 Math #9.2c, Transformations - Graph Reflections"
ch3QsWBAl4c,"Grade 8 Math #9.5a, Transformations - Combining Transformations",JoAnn's_School,Year 9_13-14_Summer__Transformations_11_Find the result of a series of transformations (E),Find the result of a series of transformations (E),current_2,available,public,True,processed,"Grade 8 Math #9.5a, Transformations - Combining Transformations"
3ioBM9PMBI0,The Four Transformations In Maths,Minity_Maths,Year 9_13-14_Summer__Transformations_5_Describe an enlargement,Describe an enlargement,current_3,available,public,True,processed,The Four Transformations In Maths
zAm2jwQuTCI,Transformations in Maths: Rotation,Minity_Maths,Year 9_13-14_Summer__Transformations_7_Describe a rotation,Describe a rotation,current_1,available,public,True,processed,Transformations in Maths: Rotation
5BzF_6JXqnI,"Grade 8 Math #9.1c, Transformations - Graphing Translations",JoAnn's_School,Year 9_13-14_Summer__Transformations_8_Translation,Translation,current_3,available,public,True,processed,"Grade 8 Math #9.1c, Transformations - Graphing Translations"
216PtoDvu8o,Maths Made Easy! Transformations #1: Translation [O&U Learn],O_and_U_Learn,Year 9_13-14_Summer__Transformations_9_Describe a translation,Describe a translation,current_2,available,public,True,processed,Maths Made Easy! Transformations #1: Translation [O&U Learn]
