unique_row,year,age,term,difficulty,block,macro_topic,topic,small_step_num,small_step_num_in_topic,small_step_name,ss_wr_desc,ss_desc,small_step_id,small_step_key,year_order,term_order,topic_order,source_row_index,legacy_step_position
Year7SummerPropertiesofnumber,Year 7,11-12,Summer,,1,Properties of number,Properties of number,852,1,Multiples,Updated May 2026,Updated May 2026,Year 7_11-12_Summer__Properties of number_1_Multiples,year-7__11-12__summer__blank__properties-of-number__1__multiples,7,3,1,122,1
Year7SummerPropertiesofnumber,Year 7,11-12,Summer,,1,Properties of number,Properties of number,853,2,Factors,Updated May 2026,Updated May 2026,Year 7_11-12_Summer__Properties of number_2_Factors,year-7__11-12__summer__blank__properties-of-number__2__factors,7,3,1,122,2
Year7SummerPropertiesofnumber,Year 7,11-12,Summer,,1,Properties of number,Properties of number,854,3,Prime numbers,Updated May 2026,Updated May 2026,Year 7_11-12_Summer__Properties of number_3_Prime numbers,year-7__11-12__summer__blank__properties-of-number__3__prime-numbers,7,3,1,122,3
Year7SummerPropertiesofnumber,Year 7,11-12,Summer,,1,Properties of number,Properties of number,855,4,Write a number as a product of prime factors,Updated May 2026,Updated May 2026,Year 7_11-12_Summer__Properties of number_4_Write a number as a product of prime factors,year-7__11-12__summer__blank__properties-of-number__4__write-a-number-as-a-product-of-prime-factors,7,3,1,122,4
Year7SummerPropertiesofnumber,Year 7,11-12,Summer,,1,Properties of number,Properties of number,856,5,"Square, cube and triangular numbers",Updated May 2026,Updated May 2026,"Year 7_11-12_Summer__Properties of number_5_Square, cube and triangular numbers",year-7__11-12__summer__blank__properties-of-number__5__square-cube-and-triangular-numbers,7,3,1,122,5
Year7SummerPropertiesofnumber,Year 7,11-12,Summer,,1,Properties of number,Properties of number,857,6,Square roots and cube roots,Updated May 2026,Updated May 2026,Year 7_11-12_Summer__Properties of number_6_Square roots and cube roots,year-7__11-12__summer__blank__properties-of-number__6__square-roots-and-cube-roots,7,3,1,122,6
Year7SummerPropertiesofnumber,Year 7,11-12,Summer,,1,Properties of number,Properties of number,858,7,Explore higher powers and roots (E),Updated May 2026,Updated May 2026,Year 7_11-12_Summer__Properties of number_7_Explore higher powers and roots (E),year-7__11-12__summer__blank__properties-of-number__7__explore-higher-powers-and-roots-e,7,3,1,122,7
Year7SummerPropertiesofnumber,Year 7,11-12,Summer,,1,Properties of number,Properties of number,859,8,Highest common factor (HCF),Updated May 2026,Updated May 2026,Year 7_11-12_Summer__Properties of number_8_Highest common factor (HCF),year-7__11-12__summer__blank__properties-of-number__8__highest-common-factor-hcf,7,3,1,122,8
Year7SummerPropertiesofnumber,Year 7,11-12,Summer,,1,Properties of number,Properties of number,860,9,Lowest common multiple (LCM),"In this small step, students develop their understanding of multiples to find the lowest common multiple (LCM) of two or more numbers. Encourage a systematic approach when listing multiples, and discuss with students that, while multiples are infinite, they only need to list enough to identify a common one. Prompt them to highlight any common multiples before identifying the lowest common multiple. Once confident, students can progress to word problems and examples involving more than two numbers. Discuss the difference between the highest common factor and the lowest common multiple, helping students to understand when each one is used. Misconceptions and common errors • Students may confuse the highest common factor and the lowest common multiple. • Students may assume that the product of the two numbers is the lowest common multiple, for example that 36 is the lowest common multiple of 3 and 12 • Students may incorrectly list the multiples of two numbers. Year 7 | Summer term | Block 2 – Properties of numbers | Step 9 Mathematical talk • List the first ten multiples of • What are some common multiples of and ? • What is the lowest common multiple of and ? • Explain why the product of two numbers will be a common multiple of the numbers. • When is the lowest common multiple of two numbers not the same as their product? • Do all pairs of numbers have a lowest common multiple? Explain how you know. • Can the lowest common multiple of two numbers ever be the same as one of the numbers? Explain how you know. • Is it possible to work out the highest common multiple? Explain how you know. National Curriculum links • Use the concepts and vocabulary of prime numbers, factors (or divisors), multiples, common factors, common multiples, highest common factor, lowest common multiple, prime factorisation, including using product notation and the unique factorisation property",,Year 7_11-12_Summer__Properties of number_9_Lowest common multiple (LCM),year-7__11-12__summer__blank__properties-of-number__9__lowest-common-multiple-lcm,7,3,1,122,9
Year7SummerPropertiesofnumber,Year 7,11-12,Summer,,1,Properties of number,Properties of number,861,10,HCF and LCM from a Venn diagram (E),"In this extend step, students build on previous learning to use Venn diagrams to find the highest common factor (HCF) and lowest common multiple (LCM). Ensure that students are confident in expressing numbers as a product of their prime factors before introducing this method. Model how to represent the prime factors of two numbers in a Venn diagram, emphasising that the intersection shows the shared prime factors. Explain that multiplying the numbers in the intersection gives the highest common factor, while multiplying all the numbers in the Venn diagram gives the lowest common multiple. Misconceptions and common errors • Students may confuse which factors are multiplied to calculate the highest common factor or the lowest common multiple. • Students may duplicate prime factors in the Venn diagrams when they appear in both numbers. • Students may not understand that if there are no common prime factors in the intersection, then the highest common factor is 1 Year 7 | Summer term | Block 2 – Properties of numbers | Step 10 Mathematical talk • Express as a product of its prime factors. • Where in the Venn diagram do you write the common prime factors? • How do you calculate the highest common factor from a Venn diagram? • How do you calculate the lowest common multiple from a Venn diagram? • Explain why multiplying all the prime factors in the Venn diagram gives the lowest common multiple. • If two numbers have no common prime factors, what does the intersection of the Venn diagram contain? What does this tell you about their highest common factor? • What is the highest common factor when there are no common prime factors in the intersection of the Venn diagram? E National Curriculum links • Use the concepts and vocabulary of prime numbers, factors (or divisors), multiples, common factors, common multiples, highest common factor, lowest common multiple, prime factorisation, including using product notation and the unique factorisation property",,Year 7_11-12_Summer__Properties of number_10_HCF and LCM from a Venn diagram (E),year-7__11-12__summer__blank__properties-of-number__10__hcf-and-lcm-from-a-venn-diagram-e,7,3,1,122,10
Year7SummerPropertiesofnumber,Year 7,11-12,Summer,,1,Properties of number,Properties of number,862,11,Use factors to simplify calculations (E),"In this extend step, students develop flexibility in representing numbers by expressing them as a product of factors to simplify calculations. Encourage students to rewrite numbers in ways that make mental or written methods more efficient. For example, in the calculation 16 × 50, students could express 16 as 4 × 4 and 50 as 25 × 2, recognising that 4 × 25 = 100 and so simplifying the calculation to 100 × 4 × 2. Discuss the commutative property of multiplication, showing how reordering factors can make calculations easier. The focus is not on prime factorisation but on selecting factor groupings that simplify the process, helping students to develop efficient strategies for working without a calculator. Misconceptions and common errors • Students may write a value as a product of its prime factors, without considering how other representations may be more efficient. • Students may attempt to calculate the products in the order they are given, rather than looking for useful factor pairs that simplify the calculation, such as numbers that multiply to make 10 or 100 Year 7 | Summer term | Block 2 – Properties of numbers | Step 11 Mathematical talk • What are some useful factors of a number to identify? • Why is it useful to identify pairs of factors that multiply to give 10 or 100? • Write as a product of its factors. • Is writing a value as a product of its prime factors always the most efficient method? Explain how you know. • How many different ways can you express as a product of its factors? • Which product of factors is the most efficient for the calculation? Explain how you know. • Explain why multiplying the factors in any order still gives the same answer. E National Curriculum links • Use the concepts and vocabulary of prime numbers, factors (or divisors), multiples, common factors, common multiples, highest common factor, lowest common multiple, prime factorisation, including using product notation and the unique factorisation property",,Year 7_11-12_Summer__Properties of number_11_Use factors to simplify calculations (E),year-7__11-12__summer__blank__properties-of-number__11__use-factors-to-simplify-calculations-e,7,3,1,122,11
Year7SummerAddandsubtractfractions,Year 7,11-12,Summer,,2,Add and subtract fractions,Add and subtract fractions,873,1,Simplify a fraction,Updated May 2026,Updated May 2026,Year 7_11-12_Summer__Add and subtract fractions_1_Simplify a fraction,year-7__11-12__summer__blank__add-and-subtract-fractions__1__simplify-a-fraction,7,3,3,124,1
Year7SummerAddandsubtractfractions,Year 7,11-12,Summer,,2,Add and subtract fractions,Add and subtract fractions,874,2,Convert between mixed numbers and improper fractions,Updated May 2026,Updated May 2026,Year 7_11-12_Summer__Add and subtract fractions_2_Convert between mixed numbers and improper fractions,year-7__11-12__summer__blank__add-and-subtract-fractions__2__convert-between-mixed-numbers-and-improper-fractions,7,3,3,124,2
Year7SummerAddandsubtractfractions,Year 7,11-12,Summer,,2,Add and subtract fractions,Add and subtract fractions,875,3,Add and subtract fractions with the same denominator,Updated May 2026,Updated May 2026,Year 7_11-12_Summer__Add and subtract fractions_3_Add and subtract fractions with the same denominator,year-7__11-12__summer__blank__add-and-subtract-fractions__3__add-and-subtract-fractions-with-the-same-denominator,7,3,3,124,3
Year7SummerAddandsubtractfractions,Year 7,11-12,Summer,,2,Add and subtract fractions,Add and subtract fractions,876,4,Add and subtract with fractions and integers,Updated May 2026,Updated May 2026,Year 7_11-12_Summer__Add and subtract fractions_4_Add and subtract with fractions and integers,year-7__11-12__summer__blank__add-and-subtract-fractions__4__add-and-subtract-with-fractions-and-integers,7,3,3,124,4
Year7SummerAddandsubtractfractions,Year 7,11-12,Summer,,2,Add and subtract fractions,Add and subtract fractions,877,5,Add and subtract fractions where denominators share a simple common multiple,Updated May 2026,Updated May 2026,Year 7_11-12_Summer__Add and subtract fractions_5_Add and subtract fractions where denominators share a simple common multiple,year-7__11-12__summer__blank__add-and-subtract-fractions__5__add-and-subtract-fractions-where-denominators-share-a-simple-common-multiple,7,3,3,124,5
Year7SummerAddandsubtractfractions,Year 7,11-12,Summer,,2,Add and subtract fractions,Add and subtract fractions,878,6,Add and subtract fractions with any denominator,Updated May 2026,Updated May 2026,Year 7_11-12_Summer__Add and subtract fractions_6_Add and subtract fractions with any denominator,year-7__11-12__summer__blank__add-and-subtract-fractions__6__add-and-subtract-fractions-with-any-denominator,7,3,3,124,6
Year7SummerAddandsubtractfractions,Year 7,11-12,Summer,,2,Add and subtract fractions,Add and subtract fractions,879,7,Add and subtract improper fractions and mixed numbers,Updated May 2026,Updated May 2026,Year 7_11-12_Summer__Add and subtract fractions_7_Add and subtract improper fractions and mixed numbers,year-7__11-12__summer__blank__add-and-subtract-fractions__7__add-and-subtract-improper-fractions-and-mixed-numbers,7,3,3,124,7
Year7SummerAddandsubtractfractions,Year 7,11-12,Summer,,2,Add and subtract fractions,Add and subtract fractions,880,8,Use equivalence to add and subtract decimals and fractions (E),Updated May 2026,Updated May 2026,Year 7_11-12_Summer__Add and subtract fractions_8_Use equivalence to add and subtract decimals and fractions (E),year-7__11-12__summer__blank__add-and-subtract-fractions__8__use-equivalence-to-add-and-subtract-decimals-and-fractions-e,7,3,3,124,8
Year7SummerAddandsubtractfractions,Year 7,11-12,Summer,,2,Add and subtract fractions,Add and subtract fractions,881,9,Add and subtract simple algebraic fractions (E),"In this extend step, students further develop their understanding of fractions within the context of algebra. Start by comparing the addition of fractional expressions to the addition of fractions in numerical form, keeping examples simple at this introductory stage, rather than using complex multi-term expressions. Provide practice with algebraic fractions that include variables in both numerators and denominators. If necessary, revisit the process of adding and subtracting fractions with different denominators before extending to algebraic cases. Where appropriate, challenge students with equations equal to a whole involving algebraic fractions, for example 3 x + 2 x = 1 Misconceptions and common errors • Students may not make the denominators equal before adding or subtracting the fractions. • Students may struggle to identify common denominators when the denominators are algebraic. • Students may incorrectly convert an expression into a fraction before adding or subtracting, for example x + 3x 4 = x x + 3x 4 Year 7 | Summer term | Block 3 – Add and subtract fractions | Step 9 National Curriculum links • Use the four operations, including formal written methods, applied to integers, decimals, proper and improper fractions, and mixed numbers, all both positive and negative • Use and interpret algebraic notation, including: ab in place of a × b; 3y in place of y + y + y and 3 × y; a2 in place of a × a, a3 in place of a × a × a; a2b in place of a × a × b; a b in place of a ÷ b; coefficients written as fractions rather than as decimals; brackets Mathematical talk • What is meant by “like terms”? • What is the same and what is different about 1 2 + 1 2 and a 2 + a 2 ? • How can you rewrite 3 x + 1 2x with equivalent denominators? • What is the same and what is different about x 4 and 1 4 x? • What does “in terms of m” mean? • Can the fraction be simplified? Explain your answer. • What must the value of y be if 2 y + 5 y = 1? Explain how you know. E",,Year 7_11-12_Summer__Add and subtract fractions_9_Add and subtract simple algebraic fractions (E),year-7__11-12__summer__blank__add-and-subtract-fractions__9__add-and-subtract-simple-algebraic-fractions-e,7,3,3,124,9
Year7SummerAddandsubtractfractions,Year 7,11-12,Summer,,2,Add and subtract fractions,Add and subtract fractions,882,10,Substitution and solving equations with fractions (E),"In this extend step, students apply their knowledge of adding and subtracting algebraic fractions within algebraic contexts, including substitution and solving equations. Start by focusing on substituting values into a range of algebraic fractional expressions. It may be helpful to revisit substitution in expressions without fractions before extending to those that include them. Similarly, when solving equations, recap methods for one- and two-step equations before introducing fractional terms, to support understanding. Where appropriate, provide additional challenge by including fractions greater than 1 in substitution problems or equations. Misconceptions and common errors • Students may apply the incorrect inverse operation when solving equations. • Students may make errors when substituting into expressions with powers, for example treating p2 as “double p” instead of squaring the value of p. Year 7 | Summer term | Block 3 – Add and subtract fractions | Step 10 National Curriculum links • Use the four operations, including formal written methods, applied to integers, decimals, proper and improper fractions, and mixed numbers, all both positive and negative • Substitute numerical values into formulae and expressions, including scientific formulae • Use algebraic methods to solve linear equations in one variable (including all forms that require rearrangement) Mathematical talk • What is the value of the expression if x = ? • Is it possible to substitute fractions into algebraic expressions? Explain your answer. • What is the inverse of ? • What is a possible first step to solving the equation? • What calculation is equivalent to x2? • Can you collect any like terms before beginning to solve the equation? Explain your answer. • Can the value of an unknown be both negative and fractional? Explain your answer. E",,Year 7_11-12_Summer__Add and subtract fractions_10_Substitution and solving equations with fractions (E),year-7__11-12__summer__blank__add-and-subtract-fractions__10__substitution-and-solving-equations-with-fractions-e,7,3,3,124,10
Year7SummerAnglesandpolygons,Year 7,11-12,Summer,,3,Angles and polygons,Angles and polygons,883,1,Draw and measure lines and angles,"In this small step, students develop the practical skills of drawing and measuring line segments and angles accurately, building on understanding from Key Stage 2 Recap the correct use of a ruler for drawing and measuring line segments before introducing the protractor as the tool for measuring and drawing angles. Ensure that students know how to align the baseline and select the correct scale, modelling these skills clearly. Emphasise that an angle is a measure of turn. Provide questions where students both draw given angles and measure angles already drawn. Encourage them to estimate before measuring in order to develop a sense of size. Everyday contexts, such as design or navigation, help to show why accuracy matters. Misconceptions and common errors • Students may misalign the protractor baseline with the line segment, leading to inaccurate measurements. • The term “line segment” may be unfamiliar and students may not realise that a line is infinite in length. • Students may read from the wrong scale on the protractor, for example 140° instead of 40°. • Students may misalign the ruler by not positioning the beginning of a line segment at zero. Year 7 | Summer term | Block 4 – Angles and polygons | Step 1 Mathematical talk • What is the difference between a line and a line segment? • When measuring a line segment, what happens if you do not start from zero on the ruler? • How can you measure the size of a turn? • How can you describe the direction of a turn? • How can you check that your protractor is lined up correctly before measuring? • Which scale should you read from the protractor? What strategies can you use to make sure that you are using the correct protractor scale? • Is the angle acute, right, obtuse or reflex? Explain how you know without measuring. • How would you use a protractor to measure an angle greater than 180°? National Curriculum links • Draw and measure line segments and angles in geometric figures, including interpreting scale drawings",Updated May 2026,Year 7_11-12_Summer__Angles and polygons_1_Draw and measure lines and angles,year-7__11-12__summer__blank__angles-and-polygons__1__draw-and-measure-lines-and-angles,7,3,4,125,1
Year7SummerAnglesandpolygons,Year 7,11-12,Summer,,3,Angles and polygons,Angles and polygons,884,2,Understand and use geometric notation,Updated May 2026,Updated May 2026,Year 7_11-12_Summer__Angles and polygons_2_Understand and use geometric notation,year-7__11-12__summer__blank__angles-and-polygons__2__understand-and-use-geometric-notation,7,3,4,125,2
Year7SummerAnglesandpolygons,Year 7,11-12,Summer,,3,Angles and polygons,Angles and polygons,885,3,Angles around a point,Updated May 2026,Updated May 2026,Year 7_11-12_Summer__Angles and polygons_3_Angles around a point,year-7__11-12__summer__blank__angles-and-polygons__3__angles-around-a-point,7,3,4,125,3
Year7SummerAnglesandpolygons,Year 7,11-12,Summer,,3,Angles and polygons,Angles and polygons,886,4,Angles on a straight line,Updated May 2026,Updated May 2026,Year 7_11-12_Summer__Angles and polygons_4_Angles on a straight line,year-7__11-12__summer__blank__angles-and-polygons__4__angles-on-a-straight-line,7,3,4,125,4
Year7SummerAnglesandpolygons,Year 7,11-12,Summer,,3,Angles and polygons,Angles and polygons,887,5,Vertically opposite angles,Updated May 2026,Updated May 2026,Year 7_11-12_Summer__Angles and polygons_5_Vertically opposite angles,year-7__11-12__summer__blank__angles-and-polygons__5__vertically-opposite-angles,7,3,4,125,5
Year7SummerAnglesandpolygons,Year 7,11-12,Summer,,3,Angles and polygons,Angles and polygons,888,6,Recognise and name polygons,Updated May 2026,Updated May 2026,Year 7_11-12_Summer__Angles and polygons_6_Recognise and name polygons,year-7__11-12__summer__blank__angles-and-polygons__6__recognise-and-name-polygons,7,3,4,125,6
Year7SummerAnglesandpolygons,Year 7,11-12,Summer,,3,Angles and polygons,Angles and polygons,889,7,Angles in a triangle,Updated May 2026,Updated May 2026,Year 7_11-12_Summer__Angles and polygons_7_Angles in a triangle,year-7__11-12__summer__blank__angles-and-polygons__7__angles-in-a-triangle,7,3,4,125,7
Year7SummerAnglesandpolygons,Year 7,11-12,Summer,,3,Angles and polygons,Angles and polygons,890,8,Angles in a quadrilateral,Updated May 2026,Updated May 2026,Year 7_11-12_Summer__Angles and polygons_8_Angles in a quadrilateral,year-7__11-12__summer__blank__angles-and-polygons__8__angles-in-a-quadrilateral,7,3,4,125,8
Year7SummerAnglesandpolygons,Year 7,11-12,Summer,,3,Angles and polygons,Angles and polygons,891,9,Solve problems with angles,"In this small step, students apply known angle facts to calculate unknown angles in a variety of contexts. At this stage, students should be confident in using all the angle facts covered so far in this block. The focus of this step is on identifying which fact to apply and justifying solutions using accurate mathematical vocabulary and notation. Encourage students to explain their thinking clearly and to check whether their answers are sensible. Model how to set up and solve equations based on different angle facts. More challenging questions may combine several angle facts, requiring a step-by- step approach to reach the solution. Calculators can be used to ensure that the focus remains on the application of the angle facts, rather than the arithmetic. Misconceptions and common errors • Students may confuse which fact or facts apply to a situation. • Students may forget that vertically opposite angles are equal and instead assume that they sum to 180° or 360°. • Students may try to measure rather than calculate angles. • Students may not show clear reasoning or may use incorrect or incomplete justification when explaining their answers. Year 7 | Summer term | Block 4 – Angles and polygons | Step 9 Mathematical talk • What do you know? What can you find out? • What information can you add to the diagram? • How do you decide which angle fact to use and apply? • Is it possible to apply more than one angle fact in this problem? • Which angle facts do you know? • Which angle facts do you think you will need to apply to this problem? • How do you know whether to use 180° or 360° in a calculation? • How can you check that your answer is sensible once you have calculated an unknown angle? National Curriculum links • Apply the properties of angles at a point, angles at a point on a straight line, vertically opposite angles • Derive and use the sum of angles in a triangle and use it to deduce the angle sum in any polygon, and to derive properties of regular polygons • Apply angle facts, triangle congruence, similarity and properties of quadrilaterals to derive results about angles and sides, including Pythagoras’ theorem, and use known results to obtain simple proofs",,Year 7_11-12_Summer__Angles and polygons_9_Solve problems with angles,year-7__11-12__summer__blank__angles-and-polygons__9__solve-problems-with-angles,7,3,4,125,9
Year7SummerAnglesandpolygons,Year 7,11-12,Summer,,3,Angles and polygons,Angles and polygons,892,10,Parallel and perpendicular lines,"In this small step, students consolidate and extend their Key Stage 2 understanding of parallel and perpendicular lines. Remind students that parallel lines are always the same distance apart and never meet, no matter how far they are extended. Perpendicular lines meet at a right angle (90°), which can be shown using a square corner or set square. Use clear diagrams and practical examples, such as train tracks for parallel lines or the corner of a book for perpendicular lines. Encourage students to spot these relationships in shapes, coordinate grids and the classroom environment. Emphasise accurate vocabulary, such as “intersect” and “right angle”, and correct notation, including arrows for parallel lines and squares for right angles. Students should practise drawing parallel and perpendicular lines using a ruler and protractor or set square. Misconceptions and common errors • Students may assume that all lines that do not meet are parallel, overlooking the fact that parallel lines must also be equidistant. • Students may assume that lines need to be the same length to be parallel. • Students may confuse perpendicular lines with any intersecting lines. Year 7 | Summer term | Block 4 – Angles and polygons | Step 10 Mathematical talk • How can you tell that two lines are parallel? • What does it mean for two lines to be the same distance apart? • Can parallel lines ever meet? Explain your answer. • What makes a pair of lines perpendicular? • How can you check that two lines are perpendicular? • What is the same and what is different about parallel lines and perpendicular lines? • Where might you see parallel/perpendicular lines in everyday life? • If line AB is perpendicular to CD, and EF is parallel to AB, what is the relationship between EF and CD? National Curriculum links • Describe, sketch and draw using conventional terms and notations: points, lines, parallel lines, perpendicular lines, right angles, regular polygons, and other polygons that are reflectively and rotationally symmetric",,Year 7_11-12_Summer__Angles and polygons_10_Parallel and perpendicular lines,year-7__11-12__summer__blank__angles-and-polygons__10__parallel-and-perpendicular-lines,7,3,4,125,10
Year7SummerAnglesandpolygons,Year 7,11-12,Summer,,3,Angles and polygons,Angles and polygons,893,11,Investigate angles in parallel lines  E,"In this extend step, students explore angles formed when a transversal crosses parallel lines. The focus of this step is on careful measurement and observation of angles in parallel lines. Students investigate patterns and compare different angle positions. Encourage them to use known angle facts, such as angles on a straight line or around a point, to justify their ideas, where possible. Provide opportunities for students to test their conjectures with further examples to build confidence. This investigative approach develops curiosity and provides a secure foundation for introducing formal parallel line angle facts in later steps. Misconceptions and common errors • Students may believe that all angles formed by a transversal and parallel lines are equal. • Students may believe that parallel lines must always be horizontal. • Students may not understand that there can be more than two parallel lines in a set. Year 7 | Summer term | Block 4 – Angles and polygons | Step 11 Mathematical talk • How can you identify parallel lines? • Do parallel lines always have to be drawn horizontally? Explain your answer. • How many angles are created when a transversal intersects a pair of parallel lines? • What do you notice about the sizes of the angles formed between a transversal and parallel lines? Is there a pattern? • Are there any other pairs of equal angles? Explain how you know. • If you know the size of one angle, how can you use angles on a straight line, vertically opposite angles and angles around a point to work out other angles? National Curriculum links • Apply the properties of angles at a point, angles at a point on a straight line, vertically opposite angles • Understand and use the relationship between parallel lines and alternate and corresponding angles • Describe, sketch and draw using conventional terms and notations: points, lines, parallel lines, perpendicular lines, right angles, regular polygons, and other polygons that are reflectively and rotationally symmetric E",,Year 7_11-12_Summer__Angles and polygons_11_Investigate angles in parallel lines  E,year-7__11-12__summer__blank__angles-and-polygons__11__investigate-angles-in-parallel-lines-e,7,3,4,125,11
Year7SummerAnglesandpolygons,Year 7,11-12,Summer,,3,Angles and polygons,Angles and polygons,894,12,Angles in any polygon  E,"In this extend step, students are introduced to the sum of the interior angles in a polygon. Start with triangles, where the angles sum to 180°, and quadrilaterals, which can be split into two triangles to give 360°. Explore polygons with more sides by partitioning them into triangles from a single vertex, for example splitting a pentagon into three triangles, making the sum of the interior angles 540°. Encourage students to investigate different polygons and record their findings, noticing how the number of sides links to the number of triangles and the total angle sum. Then introduce regular polygons, showing how each interior angle can be found by dividing the total by the number of sides. Students also identify interior and exterior angles at a vertex and calculate them using their knowledge of angles on a straight line. Misconceptions and common errors • Students may think that the sum of the interior angles differs between regular and irregular polygons. • Students may assume that the sum of the angles can be found by multiplying the number of sides by 180°. • Students may struggle to split the polygons into triangles, using more than one vertex. Year 7 | Summer term | Block 4 – Angles and polygons | Step 12 Mathematical talk • How many triangles can a quadrilateral be split into? What does that tell you about the total sum of its interior angles? • If a pentagon can be split into three triangles, what does that tell you about the total sum of its interior angles? • Why is the interior angle sum of any polygon always a multiple of 180°? • Describe the relationship between the number of sides a polygon has and the number of triangles it can be split into from one vertex. • How can you calculate the angle sum of any polygon? Does your method work for concave polygons? National Curriculum links • Derive and use the sum of angles in a triangle and use it to deduce the angle sum in any polygon, and to derive properties of regular polygons E",,Year 7_11-12_Summer__Angles and polygons_12_Angles in any polygon  E,year-7__11-12__summer__blank__angles-and-polygons__12__angles-in-any-polygon-e,7,3,4,125,12
Year7SummerAnglesandpolygons,Year 7,11-12,Summer,,3,Angles and polygons,Angles and polygons,895,13,Simple proofs  E,"In this extend step, students are introduced to the idea of simple proofs using known angle facts. Distinguish between a demonstration, which shows why something is true in one case, and a proof, which explains why it is always true. Model how the angles in a triangle sum to 180° by cutting out the three corners and rearranging them so that they fit together along a straight line. Encourage students to make links to earlier angle facts, recognising that angles on a straight line sum to 180°. Students should practise writing short proofs, focusing on clear reasoning and step-by-step justification. Discussions about efficiency and generalisation will help students to see how proofs provide certainty and are more powerful than examples alone. Misconceptions and common errors • Students may think that showing one example is enough to prove a fact. • Students may think that proofs are only shown by calculations, rather than reasoning and logical facts. • Students may write explanations without a clear structure. • Students may struggle with more challenging expressions such as 180 − (90 − x). Year 7 | Summer term | Block 4 – Angles and polygons | Step 13 Mathematical talk • What is the same and what is different about a proof and a demonstration? • What do you know? What can you find out? • Is it possible to prove something in more than one way? • How could you prove that there are 360° in a full turn? • Why is it important to write each step of a proof in order? • This trapezium has two right angles. Does this mean that every trapezium has two right angles? Explain how you know. • How can you prove that the angles in a pentagon sum to 540° using the fact that angles in a triangle sum to 180°? National Curriculum links • Apply angle facts, triangle congruence, similarity and properties of quadrilaterals to derive results about angles and sides, including Pythagoras’ theorem, and use known results to obtain simple proofs E",,Year 7_11-12_Summer__Angles and polygons_13_Simple proofs  E,year-7__11-12__summer__blank__angles-and-polygons__13__simple-proofs-e,7,3,4,125,13
Year8SummerAnglesinparallellinesandpolygons,Year 8,12-13,Summer,,1,Angles in parallel lines and polygons,Angles in parallel lines and polygons,999,1,Basic angle rules and notation,"In this small step, students review the basic rules of angles and notation covered in Year 7 Start by looking at each rule in isolation: the sum of angles on a straight line, angles around a point and angles in triangles and quadrilaterals. Students should be able to identify when angles sum to 180° or 360° and when angles are equal. Once they are confident in identifying the correct rule, move on to diagrams where more than one rule may need to be applied. Remind students of the three-letter angle notation, which is used throughout the block. Encourage them to explain and justify how they identify and calculate angles, using correct vocabulary and angle rules. Misconceptions and common errors • Students may confuse the different rules relating to angles in lines and shapes. • Students may confuse instances when angles sum to 180° and when they sum to 360°. • Students may believe that angles on the same straight line that do not meet still sum to 180°. • In their calculations, students may not account for angles that are not labelled. Year 8 | Summer term | Block 1 – Angles in parallel lines and polygons | Step 1 National Curriculum links • Use the standard conventions for labelling the sides and angles of triangle ABC, and know and use the criteria for congruence of triangles • Apply the properties of angles at a point, angles at a point on a straight line, vertically opposite angles Mathematical talk • What is the sum of the angles on a straight line? • In which shape do the interior angles sum to 360°? • A triangle has angles of ° and °. What is the size of the third angle? • What is the difference between an acute angle and an obtuse angle? • In the angle notation ABC, the intersection of the lines forming the angle will be labelled with which letter? • Vertically opposite angles are • Angles in a triangle sum to °. • Angles in a quadrilateral sum to °.",,Year 8_12-13_Summer__Angles in parallel lines and polygons_1_Basic angle rules and notation,year-8__12-13__summer__blank__angles-in-parallel-lines-and-polygons__1__basic-angle-rules-and-notation,8,3,1,137,1
Year8SummerAnglesinparallellinesandpolygons,Year 8,12-13,Summer,,1,Angles in parallel lines and polygons,Angles in parallel lines and polygons,1000,2,Angles in parallel lines,"In this small step, students review the basic rules of angles and notation covered in Year 7 Start by looking at each rule in isolation: the sum of angles on a straight line, angles around a point and angles in triangles and quadrilaterals. Students should be able to identify when angles sum to 180° or 360° and when angles are equal. Once they are confident in identifying the correct rule, move on to diagrams where more than one rule may need to be applied. Remind students of the three-letter angle notation, which is used throughout the block. Encourage them to explain and justify how they identify and calculate angles, using correct vocabulary and angle rules.","Students review angle rules and notation from Year 7: sum of angles on a straight line, around a point, in triangles and quadrilaterals. They identify when angles sum to 180° or 360°, and equal angles. They apply multiple rules on diagrams, use three-letter angle notation, and justify calculations.",Year 8_12-13_Summer__Angles in parallel lines and polygons_2_Angles in parallel lines,year-8__12-13__summer__blank__angles-in-parallel-lines-and-polygons__2__angles-in-parallel-lines,8,3,1,137,2
Year8SummerAnglesinparallellinesandpolygons,Year 8,12-13,Summer,,1,Angles in parallel lines and polygons,Angles in parallel lines and polygons,1001,3,Alternate and corresponding angles,"In this small step, students investigate the properties of parallel lines, and the angles formed between them and an intersecting transversal. Ensure that students are confident in identifying when lines are parallel and when they are not, using examples and non-examples. Once students are confident in the properties of parallel lines, introduce the transversal. Students measure the angles formed and discover the relationship between the angles. Encourage them to use the correct vocabulary when describing angles. The terms “alternate” and “corresponding” are introduced in this step to describe pairs of angles and their relative positions.","Students explore properties of parallel lines and intersecting transversals, learning to identify parallel lines and measure angles formed. They discover angle relationships and use correct vocabulary, including ""alternate"" and ""corresponding"", to describe angle pairs and positions. Confidence in understanding parallel lines and transversals is emphasised.",Year 8_12-13_Summer__Angles in parallel lines and polygons_3_Alternate and corresponding angles,year-8__12-13__summer__blank__angles-in-parallel-lines-and-polygons__3__alternate-and-corresponding-angles,8,3,1,137,3
Year8SummerAnglesinparallellinesandpolygons,Year 8,12-13,Summer,,1,Angles in parallel lines and polygons,Angles in parallel lines and polygons,1002,4,"Alternate, corresponding and co-interior angles","In this small step, students begin formally calculating the sizes of alternate and corresponding angles between parallel lines. They build on their learning from the previous step, understanding that in parallel lines, alternate angles are always equal and corresponding angles are always equal. Use examples and non-examples to aid understanding. As with previous steps, ensure that students use the correct vocabulary and angle notation when describing angles and the appropriate language when justifying their reasoning, for example stating “because alternate angles are equal” rather than “because they are alternate”.","Students start calculating alternate and corresponding angles between parallel lines, understanding they're always equal. Use examples and non-examples to reinforce learning. Ensure correct vocabulary, angle notation, and justification language are used, such as ""alternate angles are equal"".","Year 8_12-13_Summer__Angles in parallel lines and polygons_4_Alternate, corresponding and co-interior angles",year-8__12-13__summer__blank__angles-in-parallel-lines-and-polygons__4__alternate-corresponding-and-co-interior-angles,8,3,1,137,4
Year8SummerAnglesinparallellinesandpolygons,Year 8,12-13,Summer,,1,Angles in parallel lines and polygons,Angles in parallel lines and polygons,1003,5,Solve problems with angles in parallel lines,"In this small step, students consolidate their knowledge of alternate and corresponding angles and begin to explore co-interior angles in parallel lines. As in previous steps, explore examples and non-examples using parallel and non-parallel lines to make connections to the fact that co-interior angles in parallel lines sum to 180°. Emphasise that they lie on the same side of the transversal, with both angles between the parallel lines. Initially, encourage students to measure co-interior angles to highlight the relationship between them, discussing how they are different from alternate and corresponding angles, not just in position but also in their properties. Include vertical parallel lines and sets of more than two parallel lines with the same transversal.","Students reinforce knowledge of alternate and corresponding angles, and explore co-interior angles in parallel lines. They examine examples using parallel and non-parallel lines, understanding co-interior angles sum to 180° and lie on the same transversal side. They measure co-interior angles, discussing differences from alternate and corresponding angles.",Year 8_12-13_Summer__Angles in parallel lines and polygons_5_Solve problems with angles in parallel lines,year-8__12-13__summer__blank__angles-in-parallel-lines-and-polygons__5__solve-problems-with-angles-in-parallel-lines,8,3,1,137,5
Year8SummerAnglesinparallellinesandpolygons,Year 8,12-13,Summer,,1,Angles in parallel lines and polygons,Angles in parallel lines and polygons,1004,6,Properties of special quadrilaterals and their diagonals,"In this small step, students use the angle facts covered in the previous steps to solve more complex, multi-step problems. Model the thought processes involved when approaching problem-solving questions. Verbalise each step to help students understand how to break down a problem, identify key information and decide which mathematical strategy to apply. Throughout this step, encourage students to label their diagrams, show their workings clearly and justify their answers using correct angle notation and vocabulary. Ensure that students check their answers throughout.","Students apply prior angle knowledge to solve multi-step problems. The process involves breaking down problems, identifying key information, and choosing a mathematical strategy. Students are encouraged to label diagrams, clearly show workings, and justify answers using correct angle notation. Answer checking is emphasised.",Year 8_12-13_Summer__Angles in parallel lines and polygons_6_Properties of special quadrilaterals and their diagonals,year-8__12-13__summer__blank__angles-in-parallel-lines-and-polygons__6__properties-of-special-quadrilaterals-and-their-diagonals,8,3,1,137,6
Year8SummerAnglesinparallellinesandpolygons,Year 8,12-13,Summer,,1,Angles in parallel lines and polygons,Angles in parallel lines and polygons,1005,7,Find unknown lengths and angles in special quadrilaterals,"In this small step, students investigate the properties of quadrilaterals and their diagonals. A Frayer model can be useful to explore the characteristics of quadrilaterals, as well as providing examples and non-examples. Start by focusing on special quadrilaterals such as squares, rectangles, trapezia, rhombi and parallelograms. Encourage students to consider their similarities as well as how they differ, for example in terms of how many sets of parallel lines or right angles they have. Students can then discuss the fact that diagonals join opposite vertices of a quadrilateral and can sometimes be vertical or horizontal in orientation.","Students explore quadrilateral properties and diagonals, using a Frayer model to examine characteristics, examples, and non-examples. Focus is on special quadrilaterals like squares, rectangles, trapezia, rhombi, and parallelograms, discussing similarities, differences, parallel lines, and right angles. Diagonals joining opposite vertices are also considered.",Year 8_12-13_Summer__Angles in parallel lines and polygons_7_Find unknown lengths and angles in special quadrilaterals,year-8__12-13__summer__blank__angles-in-parallel-lines-and-polygons__7__find-unknown-lengths-and-angles-in-special-quadrilaterals,8,3,1,137,7
Year8SummerAnglesinparallellinesandpolygons,Year 8,12-13,Summer,,1,Angles in parallel lines and polygons,Angles in parallel lines and polygons,1006,8,Exterior angles of a polygon,"In this small step, students use the properties of special quadrilaterals to work out unknown sides and angles. Throughout this step, students apply their knowledge of angle facts, particularly that angles in a quadrilateral sum to 360° and the properties of angles in parallel lines, to make deductions and justify their answers. Start with quadrilaterals in isolation before moving on to compound shapes and more complex diagrams involving quadrilaterals. Encourage students to discuss and label the information on the diagrams and to use correct angle notation and vocabulary to give reasons for their answers. Calculators can be used to ensure that the focus is on angle reasoning rather than arithmetic.","Students use special quadrilateral properties to determine unknown sides and angles, applying angle facts and parallel line properties. They start with isolated quadrilaterals, progressing to compound shapes and complex diagrams. Discussion, diagram labelling, correct angle notation, and reasoning are encouraged. Calculators can be used for arithmetic support.",Year 8_12-13_Summer__Angles in parallel lines and polygons_8_Exterior angles of a polygon,year-8__12-13__summer__blank__angles-in-parallel-lines-and-polygons__8__exterior-angles-of-a-polygon,8,3,1,137,8
Year8SummerAnglesinparallellinesandpolygons,Year 8,12-13,Summer,,1,Angles in parallel lines and polygons,Angles in parallel lines and polygons,1007,9,Interior angles of a polygon,"In this small step, students explore the exterior angles of a polygon. Discuss the definition of a polygon, using examples and non-examples to support understanding. Ensure that students are familiar with exterior angles, understanding that they are formed by extending the sides of a polygon and not that they are the remaining angle around the point at each vertex. Establish the relationship between interior and exterior angles, recognising that the two angles will form a straight line and therefore sum to 180°. Then move on to deduce that the exterior angle sum of any polygon is 360°. Ensure that students understand that the exterior angles will only ever be equal when the polygon is regular.","Students examine exterior angles of polygons, understanding they're formed by extending polygon sides, not the remaining vertex angle. They learn the relationship between interior and exterior angles, which sum to 180°, and deduce that any polygon's exterior angle sum is 360°. This applies only to regular polygons.",Year 8_12-13_Summer__Angles in parallel lines and polygons_9_Interior angles of a polygon,year-8__12-13__summer__blank__angles-in-parallel-lines-and-polygons__9__interior-angles-of-a-polygon,8,3,1,137,9
Year8SummerAnglesinparallellinesandpolygons,Year 8,12-13,Summer,,1,Angles in parallel lines and polygons,Angles in parallel lines and polygons,1008,10,Interior angles of a regular polygon,"In this small step, students explore the interior angles of a polygon. Ensure that students are aware that the sum of the interior angle and the exterior angle at a vertex is 180°. Once students are secure in this, move on to calculating the interior angle sum. Use diagrams to explore the relationship between the number of sides a polygon has and the number of internal triangles that can be formed within it. This will lead students to deduce that the interior angle sum is equal to (n − 2 ) × 180°, where n is the number of sides. Challenge students to work out the sizes of unknown angles in a polygon by calculating the interior angle sum.","Students learn about polygon interior angles, understanding that the sum of interior and exterior angles equals 180°. They calculate the interior angle sum, using diagrams to relate polygon sides to internal triangles. This leads to the formula (n-2)×180° for angle sums, and applying it to find unknown angles.",Year 8_12-13_Summer__Angles in parallel lines and polygons_10_Interior angles of a regular polygon,year-8__12-13__summer__blank__angles-in-parallel-lines-and-polygons__10__interior-angles-of-a-regular-polygon,8,3,1,137,10
Year8SummerAnglesinparallellinesandpolygons,Year 8,12-13,Summer,,1,Angles in parallel lines and polygons,Angles in parallel lines and polygons,1009,11,Prove simple geometric facts  E,"In this small step, students build on learning from the previous steps to find the sizes of unknown angles in regular polygons. Start by discussing the term “regular”, as students often misunderstand this to mean only equal lengths, rather than equal lengths and equal angles. Compare different methods to work out the size of one interior angle. Once students are confident in working out unknown angles in a single polygon, move on to examples of compound shapes made from regular polygons. Encourage students to give reasons for each stage of their workings. This step provides an opportunity for students to determine and apply the most suitable method for each question. Calculators may be used throughout this step, so that the focus remains on the method rather than the arithmetic.","Students expand prior knowledge to determine unknown angles in regular polygons, understanding ""regular"" means equal lengths and angles. They compare methods for calculating interior angles, apply these to compound shapes, and justify their process. The focus is on method application, with calculators permitted for arithmetic.",Year 8_12-13_Summer__Angles in parallel lines and polygons_11_Prove simple geometric facts  E,year-8__12-13__summer__blank__angles-in-parallel-lines-and-polygons__11__prove-simple-geometric-facts-e,8,3,1,137,11
Year8SummerTablesandprobability,Year 8,12-13,Summer,,1,Tables and probability,Tables and probability,1010,1,Probability vocabulary,Updated May 2026,Updated May 2026,Year 8_12-13_Summer__Tables and probability_1_Probability vocabulary,year-8__12-13__summer__blank__tables-and-probability__1__probability-vocabulary,8,3,2,138,1
Year8SummerTablesandprobability,Year 8,12-13,Summer,,1,Tables and probability,Tables and probability,1011,2,The probability scale,Updated May 2026,Updated May 2026,Year 8_12-13_Summer__Tables and probability_2_The probability scale,year-8__12-13__summer__blank__tables-and-probability__2__the-probability-scale,8,3,2,138,2
Year8SummerTablesandprobability,Year 8,12-13,Summer,,1,Tables and probability,Tables and probability,1012,3,Probability of a single event ​,Updated May 2026,Updated May 2026,Year 8_12-13_Summer__Tables and probability_3_Probability of a single event ​,year-8__12-13__summer__blank__tables-and-probability__3__probability-of-a-single-event-,8,3,2,138,3
Year8SummerTablesandprobability,Year 8,12-13,Summer,,1,Tables and probability,Tables and probability,1013,4,Use the sum of probabilities being equal to 1,Updated May 2026,Updated May 2026,Year 8_12-13_Summer__Tables and probability_4_Use the sum of probabilities being equal to 1,year-8__12-13__summer__blank__tables-and-probability__4__use-the-sum-of-probabilities-being-equal-to-1,8,3,2,138,4
Year8SummerTablesandprobability,Year 8,12-13,Summer,,1,Tables and probability,Tables and probability,1014,5,Probability experiments,Updated May 2026,Updated May 2026,Year 8_12-13_Summer__Tables and probability_5_Probability experiments,year-8__12-13__summer__blank__tables-and-probability__5__probability-experiments,8,3,2,138,5
Year8SummerTablesandprobability,Year 8,12-13,Summer,,1,Tables and probability,Tables and probability,1015,6,Sample spaces for 1 or more events,Updated May 2026,Updated May 2026,Year 8_12-13_Summer__Tables and probability_6_Sample spaces for 1 or more events,year-8__12-13__summer__blank__tables-and-probability__6__sample-spaces-for-1-or-more-events,8,3,2,138,6
Year8SummerTablesandprobability,Year 8,12-13,Summer,,1,Tables and probability,Tables and probability,1016,7,Probabilities from sample space diagrams,Updated May 2026,Updated May 2026,Year 8_12-13_Summer__Tables and probability_7_Probabilities from sample space diagrams,year-8__12-13__summer__blank__tables-and-probability__7__probabilities-from-sample-space-diagrams,8,3,2,138,7
Year8SummerTablesandprobability,Year 8,12-13,Summer,,1,Tables and probability,Tables and probability,1017,8,Two-way tables,Updated May 2026,Updated May 2026,Year 8_12-13_Summer__Tables and probability_8_Two-way tables,year-8__12-13__summer__blank__tables-and-probability__8__two-way-tables,8,3,2,138,8
Year8SummerTablesandprobability,Year 8,12-13,Summer,,1,Tables and probability,Tables and probability,1018,9,Probabilities from two-way tables,"In this small step, students use two-way tables to calculate probabilities. Model how to extract relevant information from a two-way table to work out probabilities. Emphasise the importance of carefully reading the question and identifying the correct values, highlighting which total to divide by, as this may be the total for the entire table or a specific row or column total, depending on the wording and focus of the question. Reinforce accurate probability notation and remind students to express their answers as fractions, decimals or percentages. Misconceptions and common errors • Students may misread the table and select the wrong cell for an outcome. • Students may use the number of times an outcome does not happen as the denominator of a fraction when calculating probability, rather than using the total number of outcomes. • Students may use the total from the whole table when they should use the sub-category total. Year 8 | Summer term | Block 2 – Tables and probability | Step 9 National Curriculum links • Record, describe and analyse the frequency of outcomes of simple probability experiments involving randomness, fairness, equally and unequally likely outcomes, using appropriate language and the 0–1 probability scale Mathematical talk • How can you use a two-way table to calculate a probability? • To find the probability of an event from a two-way table, do you always use the whole total as the denominator? Explain your answer. • What part of the table do you need to look at to answer the question? • What is the difference between the individual values and the totals? • How do you know if you should divide by the total from a row, the total from a column or the total of the whole table? • How do you decide which row or column to look at? • When expressing the probability as a fraction, what value is used for the denominator?",,Year 8_12-13_Summer__Tables and probability_9_Probabilities from two-way tables,year-8__12-13__summer__blank__tables-and-probability__9__probabilities-from-two-way-tables,8,3,2,138,9
Year8SummerTablesandprobability,Year 8,12-13,Summer,,1,Tables and probability,Tables and probability,1019,10,Frequency trees,"In this small step, students are introduced to frequency trees as a tool for organising and interpreting data. Model how to work out the values in a partially completed frequency tree, before students independently construct one from given information. Ensure that they understand how each part of the tree branches from the previous total. Use familiar contexts that involve two-stage groupings, such as splitting by year group and then by subject. Make clear links with part-whole models to support conceptual understanding. Students should recognise that the sum of values on any pair of branches must equal the total from the previous branch. Reinforce the importance of clear and consistent labelling and encourage students to check totals at each stage to ensure accuracy. Misconceptions and common errors • Students may forget that the values on branches at any stage must add up to the total from the previous node. • Students may not label branches clearly. • Students may assume that the order of branching does not matter. Year 8 | Summer term | Block 2 – Tables and probability | Step 10 National Curriculum links • Construct and interpret appropriate tables, charts, and diagrams, including frequency tables, bar charts, pie charts, and pictograms for categorical data, and vertical line (or bar) charts for ungrouped and grouped numerical data Mathematical talk • What does each branch on the frequency tree represent? • What are the two categories at each stage? • How can you label each branch to make your frequency tree easy to read? • Where can you find the total number of people/items in the diagram? • Explain the relationships between the numbers in a frequency tree. • How does the frequency tree show a part-whole relationship? • When might you have a frequency tree with more than two branches? • Can two different frequency trees represent the same scenario? Explain your answer. • How can you check that your frequency tree is correct?",,Year 8_12-13_Summer__Tables and probability_10_Frequency trees,year-8__12-13__summer__blank__tables-and-probability__10__frequency-trees,8,3,2,138,10
Year8SummerTablesandprobability,Year 8,12-13,Summer,,1,Tables and probability,Tables and probability,1020,11,Probabilities from frequency trees,"In this small step, students build on the previous step of constructing and interpreting frequency trees, to identify totals and outcomes in order to calculate probabilities. Focus on supporting students in interpreting the frequency tree accurately, for example selecting the correct total for the denominator, either the whole group or a specific subset, and identifying the relevant branch or combination of branches for the numerator. Be clear about the distinction between finding the probability from the whole group versus from a given condition, such as “given that the student is in Year 8”. Misconceptions and common errors • Students may select the wrong total, for example using the whole group when the question refers to a subset. • Students may confuse which branch of the tree to use for a given event. • Students may identify the correct frequency and state this instead of giving the answer as a probability. Year 8 | Summer term | Block 2 – Tables and probability | Step 11 National Curriculum links • Record, describe and analyse the frequency of outcomes of simple probability experiments involving randomness, fairness, equally and unequally likely outcomes, using appropriate language and the 0–1 probability scale Mathematical talk • How many people are there in total? • How is calculating probability using a frequency tree similar to using a two-way table? • How does the probability change if you only consider people in this subset? • Which two categories are combined to get this value? • Is the total always used for the denominator? Explain your answer. • How can you identify which values to use for the numerator/denominator? • How can you check that your answer is correct?",,Year 8_12-13_Summer__Tables and probability_11_Probabilities from frequency trees,year-8__12-13__summer__blank__tables-and-probability__11__probabilities-from-frequency-trees,8,3,2,138,11
Year8SummerCircles,Year 8,12-13,Summer,,2,Circles,Circles,1021,1,Circle vocabulary,Updated May 2026,Updated May 2026,Year 8_12-13_Summer__Circles_1_Circle vocabulary,year-8__12-13__summer__blank__circles__1__circle-vocabulary,8,3,3,139,1
Year8SummerCircles,Year 8,12-13,Summer,,2,Circles,Circles,1022,2,Pi as a ratio,Updated May 2026,Updated May 2026,Year 8_12-13_Summer__Circles_2_Pi as a ratio,year-8__12-13__summer__blank__circles__2__pi-as-a-ratio,8,3,3,139,2
Year8SummerCircles,Year 8,12-13,Summer,,2,Circles,Circles,1023,3,Circumference of a circle,Updated May 2026,Updated May 2026,Year 8_12-13_Summer__Circles_3_Circumference of a circle,year-8__12-13__summer__blank__circles__3__circumference-of-a-circle,8,3,3,139,3
Year8SummerCircles,Year 8,12-13,Summer,,2,Circles,Circles,1024,4,Perimeter of parts of a circle,Updated May 2026,Updated May 2026,Year 8_12-13_Summer__Circles_4_Perimeter of parts of a circle,year-8__12-13__summer__blank__circles__4__perimeter-of-parts-of-a-circle,8,3,3,139,4
Year8SummerCircles,Year 8,12-13,Summer,,2,Circles,Circles,1025,5,Area of a circle,Updated May 2026,Updated May 2026,Year 8_12-13_Summer__Circles_5_Area of a circle,year-8__12-13__summer__blank__circles__5__area-of-a-circle,8,3,3,139,5
Year8SummerCircles,Year 8,12-13,Summer,,2,Circles,Circles,1026,6,Area of parts of a circle,Updated May 2026,Updated May 2026,Year 8_12-13_Summer__Circles_6_Area of parts of a circle,year-8__12-13__summer__blank__circles__6__area-of-parts-of-a-circle,8,3,3,139,6
Year8SummerCircles,Year 8,12-13,Summer,,2,Circles,Circles,1027,7,Area and circumference of a circle,Updated May 2026,Updated May 2026,Year 8_12-13_Summer__Circles_7_Area and circumference of a circle,year-8__12-13__summer__blank__circles__7__area-and-circumference-of-a-circle,8,3,3,139,7
Year8SummerCircles,Year 8,12-13,Summer,,2,Circles,Circles,1028,8,Perimeter of compound shapes with circles,Updated May 2026,Updated May 2026,Year 8_12-13_Summer__Circles_8_Perimeter of compound shapes with circles,year-8__12-13__summer__blank__circles__8__perimeter-of-compound-shapes-with-circles,8,3,3,139,8
Year8SummerCircles,Year 8,12-13,Summer,,2,Circles,Circles,1029,9,Perimeter and area of compound shapes with circles,"In this small step, students calculate the area and perimeter of compound shapes that include circles, semicircles, quarter circles and three-quarter circles. Remind students that the area of a compound shape can be found by splitting it into its component parts, working out each area separately and then adding the areas together. Encourage students to identify which arcs and straight edges contribute to the perimeter, and which regions should be included or excluded in area calculations. Discuss efficient strategies, such as combining two semicircles into a full circle. Ensure that students practise both leaving their answers in terms of π and giving decimal approximations. Misconceptions and common errors • Students may confuse the formulae for circumference and area or arc length and sector area. • Students may multiply all the lengths given on a diagram. • Students may not calculate unknown lengths that are needed to calculate the perimeter or area. • Students may misread or use the wrong side lengths when working out unknown lengths of compound shapes. Year 8 | Summer term | Block 3 – Circles | Step 9 National Curriculum links • Calculate and solve problems involving: perimeters of 2-D shapes (including circles), areas of circles and composite shapes • Derive and apply formulae to calculate and solve problems involving: perimeter and area of triangles, parallelograms, trapezia, volume of cuboids (including cubes) and other prisms (including cylinders) Mathematical talk • What shapes make up the compound shape? • Why is it helpful to split a compound shape into its component parts when calculating area? • When can two semicircles be treated as one full circle and when can they not? • How can you work out the unknown lengths needed to find the area of the compound shape? • Do you need to split the shape into component parts to work out its perimeter? Explain your answer. • What is the same and what is different about a rectangle with a semicircle cut out of it and a rectangle with a semicircle added to it? • What are the units of the answer? • How can you check that your answer is correct?",,Year 8_12-13_Summer__Circles_9_Perimeter and area of compound shapes with circles,year-8__12-13__summer__blank__circles__9__perimeter-and-area-of-compound-shapes-with-circles,8,3,3,139,9
Year8SummerGraphsandcharts,Year 8,12-13,Summer,,3,Graphs and charts,Graphs and charts,1030,1,Pictograms and bar charts,Updated May 2026,Updated May 2026,Year 8_12-13_Summer__Graphs and charts_1_Pictograms and bar charts,year-8__12-13__summer__blank__graphs-and-charts__1__pictograms-and-bar-charts,8,3,4,140,1
Year8SummerGraphsandcharts,Year 8,12-13,Summer,,3,Graphs and charts,Graphs and charts,1031,2,Vertical line charts,Updated May 2026,Updated May 2026,Year 8_12-13_Summer__Graphs and charts_2_Vertical line charts,year-8__12-13__summer__blank__graphs-and-charts__2__vertical-line-charts,8,3,4,140,2
Year8SummerGraphsandcharts,Year 8,12-13,Summer,,3,Graphs and charts,Graphs and charts,1032,3,Draw pie charts,Updated May 2026,Updated May 2026,Year 8_12-13_Summer__Graphs and charts_3_Draw pie charts,year-8__12-13__summer__blank__graphs-and-charts__3__draw-pie-charts,8,3,4,140,3
Year8SummerGraphsandcharts,Year 8,12-13,Summer,,3,Graphs and charts,Graphs and charts,1033,4,Interpret pie charts,Updated May 2026,Updated May 2026,Year 8_12-13_Summer__Graphs and charts_4_Interpret pie charts,year-8__12-13__summer__blank__graphs-and-charts__4__interpret-pie-charts,8,3,4,140,4
Year8SummerGraphsandcharts,Year 8,12-13,Summer,,3,Graphs and charts,Graphs and charts,1034,5,Line graphs,Updated May 2026,Updated May 2026,Year 8_12-13_Summer__Graphs and charts_5_Line graphs,year-8__12-13__summer__blank__graphs-and-charts__5__line-graphs,8,3,4,140,5
Year8SummerGraphsandcharts,Year 8,12-13,Summer,,3,Graphs and charts,Graphs and charts,1035,6,Choose the most appropriate graph or chart,Updated May 2026,Updated May 2026,Year 8_12-13_Summer__Graphs and charts_6_Choose the most appropriate graph or chart,year-8__12-13__summer__blank__graphs-and-charts__6__choose-the-most-appropriate-graph-or-chart,8,3,4,140,6
Year8SummerGraphsandcharts,Year 8,12-13,Summer,,3,Graphs and charts,Graphs and charts,1036,7,Compare distributions using graphs,Updated May 2026,Updated May 2026,Year 8_12-13_Summer__Graphs and charts_7_Compare distributions using graphs,year-8__12-13__summer__blank__graphs-and-charts__7__compare-distributions-using-graphs,8,3,4,140,7
Year8SummerGraphsandcharts,Year 8,12-13,Summer,,3,Graphs and charts,Graphs and charts,1037,8,Misleading graphs and charts,Updated May 2026,Updated May 2026,Year 8_12-13_Summer__Graphs and charts_8_Misleading graphs and charts,year-8__12-13__summer__blank__graphs-and-charts__8__misleading-graphs-and-charts,8,3,4,140,8
Year8SummerSequences,Year 8,12-13,Summer,,4,Sequences,Sequences,1038,1,Generate and describe a sequence given a rule in words,Updated May 2026,Updated May 2026,Year 8_12-13_Summer__Sequences_1_Generate and describe a sequence given a rule in words,year-8__12-13__summer__blank__sequences__1__generate-and-describe-a-sequence-given-a-rule-in-words,8,3,5,175,1
Year8SummerSequences,Year 8,12-13,Summer,,4,Sequences,Sequences,1039,2,Generate a sequence given a simple algebraic rule,Updated May 2026,Updated May 2026,Year 8_12-13_Summer__Sequences_2_Generate a sequence given a simple algebraic rule,year-8__12-13__summer__blank__sequences__2__generate-a-sequence-given-a-simple-algebraic-rule,8,3,5,175,2
Year8SummerSequences,Year 8,12-13,Summer,,4,Sequences,Sequences,1040,3,nth term of a linear sequence,Updated May 2026,Updated May 2026,Year 8_12-13_Summer__Sequences_3_nth term of a linear sequence,year-8__12-13__summer__blank__sequences__3__nth-term-of-a-linear-sequence,8,3,5,175,3
Year8SummerSequences,Year 8,12-13,Summer,,4,Sequences,Sequences,1041,4,Generate a sequence given a complex algebraic rule (E),Updated May 2026,Updated May 2026,Year 8_12-13_Summer__Sequences_4_Generate a sequence given a complex algebraic rule (E),year-8__12-13__summer__blank__sequences__4__generate-a-sequence-given-a-complex-algebraic-rule-e,8,3,5,175,4
Year9SummerNon-lineargraphs,Year 9,13-14,Summer,,1,Non-linear graphs,Non-linear graphs,1136,1,Substitute into quadratic expressions,Updated May 2026,Updated May 2026,Year 9_13-14_Summer__Non-linear graphs_1_Substitute into quadratic expressions,year-9__13-14__summer__blank__non-linear-graphs__1__substitute-into-quadratic-expressions,9,3,1,150,1
Year9SummerNon-lineargraphs,Year 9,13-14,Summer,,1,Non-linear graphs,Non-linear graphs,1137,2,Draw simple quadratic graphs,Updated May 2026,Updated May 2026,Year 9_13-14_Summer__Non-linear graphs_2_Draw simple quadratic graphs,year-9__13-14__summer__blank__non-linear-graphs__2__draw-simple-quadratic-graphs,9,3,1,150,2
Year9SummerNon-lineargraphs,Year 9,13-14,Summer,,1,Non-linear graphs,Non-linear graphs,1138,3,Draw more complex quadratic graphs,Updated May 2026,Updated May 2026,Year 9_13-14_Summer__Non-linear graphs_3_Draw more complex quadratic graphs,year-9__13-14__summer__blank__non-linear-graphs__3__draw-more-complex-quadratic-graphs,9,3,1,150,3
Year9SummerNon-lineargraphs,Year 9,13-14,Summer,,1,Non-linear graphs,Non-linear graphs,1139,4,Interpret quadratic graphs,Updated May 2026,Updated May 2026,Year 9_13-14_Summer__Non-linear graphs_4_Interpret quadratic graphs,year-9__13-14__summer__blank__non-linear-graphs__4__interpret-quadratic-graphs,9,3,1,150,4
Year9SummerNon-lineargraphs,Year 9,13-14,Summer,,1,Non-linear graphs,Non-linear graphs,1140,5,Interpret reciprocal​ and exponential graphs​,Updated May 2026,Updated May 2026,Year 9_13-14_Summer__Non-linear graphs_5_Interpret reciprocal​ and exponential graphs​,year-9__13-14__summer__blank__non-linear-graphs__5__interpret-reciprocal-and-exponential-graphs,9,3,1,150,5
Year9SummerNon-lineargraphs,Year 9,13-14,Summer,,1,Non-linear graphs,Non-linear graphs,1141,6,Draw cubic graphs (E),Updated May 2026,Updated May 2026,Year 9_13-14_Summer__Non-linear graphs_6_Draw cubic graphs (E),year-9__13-14__summer__blank__non-linear-graphs__6__draw-cubic-graphs-e,9,3,1,150,6
Year9SummerNon-lineargraphs,Year 9,13-14,Summer,,1,Non-linear graphs,Non-linear graphs,1142,7,Interpret cubic graphs (E),Updated May 2026,Updated May 2026,Year 9_13-14_Summer__Non-linear graphs_7_Interpret cubic graphs (E),year-9__13-14__summer__blank__non-linear-graphs__7__interpret-cubic-graphs-e,9,3,1,150,7
Year9SummerNon-lineargraphs,Year 9,13-14,Summer,,1,Non-linear graphs,Non-linear graphs,1143,8,"Interpret roots, intercepts and turning points (E)",Updated May 2026,Updated May 2026,"Year 9_13-14_Summer__Non-linear graphs_8_Interpret roots, intercepts and turning points (E)",year-9__13-14__summer__blank__non-linear-graphs__8__interpret-roots-intercepts-and-turning-points-e,9,3,1,150,8
Year9SummerPythagorastheorem,Year 9,12-13,Summer,,1,Pythagoras theorem,Pythagoras theorem,1144,1,Solve equations with squares and square roots,"In this small step, students build on their understanding of square numbers and square roots, together with their knowledge of solving equations, to solve equations with square numbers and square roots. Recap calculating square numbers and their square roots. Students apply this knowledge to solve equations that involve squares and square roots, for example x2 = 16 or x = 5. Emphasise the use of inverse operations to solve the equations and highlight why x2 = 16 has two solutions: x = 4 and x = −4. Explain that both 42 = 16 and (−4)2 = 16, so the equation has two values of x that make it true. Therefore, when solving x2 = a, they are looking for all values whose square is a, which includes both the positive and negative values. As students increase in confidence, they move on to solving equations with coefficients that are not 1 and with numbers on both sides of the equation. Misconceptions and common errors • Students may not include both positive and negative solutions. • Students may misunderstand the concept of inverse operations with squares and square roots. National Curriculum links • Use integer powers and associated real roots (square, cube and higher), recognise powers of 2, 3, 4, 5 and distinguish between exact representations of roots and their decimal approximations • Use algebraic methods to solve linear equations in one variable (including all forms that require rearrangement) Mathematical talk • What two numbers square to give 49? • What is 9 ? • Why does the equation x2 = 64 have two solutions? • Explain why x2 = 9 has two solutions but x = 9 has only one solution. • Why does x2 = −4 have no real solution? • Does x2 = 0 have two solutions? Explain your answer. • Write a pair of equations, one that has one solution and one that has two. Explain the difference. • Does the equation x2 = a always have two solutions? Explain how you know. Solve equations with squares and square roots Year 9 | Summer term | Block 1 – Pythagoras’ theorem | Step 1",,Year 9_12-13_Summer__Pythagoras theorem_1_Solve equations with squares and square roots,year-9__12-13__summer__blank__pythagoras-theorem__1__solve-equations-with-squares-and-square-roots,9,3,2,151,1
Year9SummerPythagorastheorem,Year 9,13-14,Summer,,1,Pythagoras theorem,Pythagoras theorem,1145,2,Identify the hypotenuse,"In this small step, students build on their understanding of square numbers and square roots, together with their knowledge of solving equations, to solve equations with square numbers and square roots. Recap calculating square numbers and their square roots. Students apply this knowledge to solve equations that involve squares and square roots, for example x2 = 16 or x = 5. Emphasise the use of inverse operations to solve the equations and highlight why x2 = 16 has two solutions: x = 4 and x = −4. Explain that both 42 = 16 and (−4)2 = 16, so the equation has two values of x that make it true. Therefore, when solving x2 = a, they are looking for all values whose square is a, which includes both the positive and negative values. As students increase in confidence, they move on to solving equations with coefficients that are not 1 and with numbers on both sides of the equation.","Students enhance their understanding of square numbers, square roots, and equation-solving. They apply this to solve equations involving squares and roots, like x² = 16, using inverse operations. They learn why x² = 16 has two solutions, x = 4 and x = -4, and progress to solving complex equations.",Year 9_13-14_Summer__Pythagoras theorem_2_Identify the hypotenuse,year-9__13-14__summer__blank__pythagoras-theorem__2__identify-the-hypotenuse,9,3,2,151,2
Year9SummerPythagorastheorem,Year 9,13-14,Summer,,1,Pythagoras theorem,Pythagoras theorem,1146,3,Determine whether a triangle is right-angled,"In this small step, students identify the hypotenuse of a right-angled triangle. Start with several right-angled triangles and ask students to measure the length of each side. Encourage them to identify the side that is opposite the right angle and ask what they notice about its length compared to the other sides. Introduce the term “hypotenuse” and emphasise that this is always the longest side in a right-angled triangle and is always opposite the right angle. Include plenty of examples in different orientations, so that they do not rely on position or direction. Include non-examples to challenge misconceptions. As students develop confidence, ask them to identify the hypotenuses within a compound shape made up of right-angled triangles.","Students learn to identify the hypotenuse in right-angled triangles, understanding it's the longest side and opposite the right angle. They measure triangle sides, observe hypotenuse properties, and apply knowledge to various examples and non-examples. They also identify hypotenuses in compound shapes of right-angled triangles.",Year 9_13-14_Summer__Pythagoras theorem_3_Determine whether a triangle is right-angled,year-9__13-14__summer__blank__pythagoras-theorem__3__determine-whether-a-triangle-is-right-angled,9,3,2,151,3
Year9SummerPythagorastheorem,Year 9,13-14,Summer,,1,Pythagoras theorem,Pythagoras theorem,1147,4,Pythagoras’ theorem (find the hypotenuse),"In this small step, students explore Pythagoras’ theorem and use it to identify right-angled triangles. Start by exploring the areas of the squares on each side of a right-angled triangle. Use concrete or visual representations to support students in discovering that the sum of the areas on the two shorter sides is equal to the area on the side of the hypotenuse. Guide students to notice and articulate this relationship, leading to the formulation of Pythagoras’ theorem, a2 + b2 = c2. Emphasise that the hypotenuse is represented by “c” or “hyp”. Once students understand the connection, ask them to apply the rule to check whether a given triangle is right-angled, using known side lengths to test if the condition is satisfied.","Students explore Pythagoras' theorem, identifying right-angled triangles by comparing square areas on each side. Using visual aids, they discover the sum of areas on the shorter sides equals the hypotenuse's area, formulating a2 + b2 = c2. They apply this rule to verify right-angled triangles using known side lengths.",Year 9_13-14_Summer__Pythagoras theorem_4_Pythagoras’ theorem (find the hypotenuse),year-9__13-14__summer__blank__pythagoras-theorem__4__pythagoras-theorem-find-the-hypotenuse,9,3,2,151,4
Year9SummerPythagorastheorem,Year 9,13-14,Summer,,1,Pythagoras theorem,Pythagoras theorem,1148,5,Pythagoras’ theorem (find any side),"In this small step, students calculate the length of the hypotenuse, given the two shorter sides, building on their knowledge that the hypotenuse is the side opposite the right angle and that it is the longest side in a right-angled triangle. Start with right-angled triangles in a variety of orientations, encouraging students to identify the hypotenuse before substituting values into the formula a2 + b2 = c2. Emphasise the importance of squaring correctly, adding accurately and remembering to take the square root as the final step. Remind students that answers should often be rounded to a given degree of accuracy, for example 1 decimal place. Encourage students to check whether their answer makes sense by comparing it to the lengths of the other sides. As their confidence develops, introduce problems involving compound shapes, where identifying right-angled triangles is required.","Students calculate the hypotenuse length in right-angled triangles, using the formula a² + b² = c². They identify the hypotenuse, square correctly, add accurately, and take the square root. Answers should be rounded and checked against other side lengths. As confidence grows, they tackle compound shapes with right-angled triangles.",Year 9_13-14_Summer__Pythagoras theorem_5_Pythagoras’ theorem (find any side),year-9__13-14__summer__blank__pythagoras-theorem__5__pythagoras-theorem-find-any-side,9,3,2,151,5
Year9SummerPythagorastheorem,Year 9,13-14,Summer,,1,Pythagoras theorem,Pythagoras theorem,1149,6,Use Pythagoras’ theorem on coordinate axes,"In this small step, students deepen their understanding of Pythagoras’ theorem by applying it to find the length of any side in a right-angled triangle. Remind students how to identify the hypotenuse and to understand that, when the hypotenuse and one shorter side are known, they need to subtract the square of the shorter side from the square of the hypotenuse before taking the square root. Use diagrams and model the reasoning aloud to support students’ understanding so that they do not simply rely on memorised steps. Once they are confident, introduce questions where the unknown side is sometimes the hypotenuse and sometimes a shorter side. This encourages students to think carefully about which side they are finding and helps to secure a deeper conceptual understanding of the theorem.","Students enhance their grasp of Pythagoras' theorem by determining the length of any side in a right-angled triangle. They learn to identify the hypotenuse, subtract the square of a shorter side from the hypotenuse's square, and take the square root. Varied questions promote careful thought and deeper theorem comprehension.",Year 9_13-14_Summer__Pythagoras theorem_6_Use Pythagoras’ theorem on coordinate axes,year-9__13-14__summer__blank__pythagoras-theorem__6__use-pythagoras-theorem-on-coordinate-axes,9,3,2,151,6
Year9SummerPythagorastheorem,Year 9,13-14,Summer,,1,Pythagoras theorem,Pythagoras theorem,1150,7,Proofs of Pythagoras’ theorem E,"In this small step, students build on their knowledge of coordinates by using Pythagoras’ theorem to find the length of a line segment between two points. Start in the first quadrant, drawing a line segment and counting the horizontal and vertical distances to form a right-angled triangle. Use these to apply Pythagoras’ theorem. As confidence grows, sketch coordinates without a grid and ask students how they could calculate the length without counting squares. Encourage clear diagram labelling, accurate subtraction of coordinates and interpreting results in context. Students can then progress to working with all four quadrants and reason about distances without always using a diagram.","Students enhance coordinate knowledge by applying Pythagoras' theorem to determine line segment lengths between two points. Starting in the first quadrant, they form a right-angled triangle, then calculate lengths without grid reliance. Emphasize diagram labelling, coordinate subtraction, and context interpretation. Progress to all quadrants and reasoning distances without diagrams.",Year 9_13-14_Summer__Pythagoras theorem_7_Proofs of Pythagoras’ theorem E,year-9__13-14__summer__blank__pythagoras-theorem__7__proofs-of-pythagoras-theorem-e,9,3,2,151,7
Year9SummerPythagorastheorem,Year 9,13-14,Summer,,1,Pythagoras theorem,Pythagoras theorem,1151,8,Pythagoras’ theorem in 3-D shapes E,"In this extend step, students explore a range of proofs for Pythagoras’ theorem. Algebraic and geometric proofs are examples of proofs that can be explored. It is useful to begin by using a visual or dynamic demonstration to make the result feel intuitive, before introducing a more formal algebraic or geometric proof. Perigal’s dissection was introduced in Step 3, when students were using the theorem to determine whether a triangle is right-angled, and it may be beneficial to refer back to this to support understanding. This step is an opportunity to revisit the proof in a richer context and highlight that Pythagoras’ theorem is not just a formula to memorise, but a result with multiple clear and convincing justifications.","In this step, students examine various proofs of Pythagoras' theorem, including algebraic and geometric ones. The use of visual aids, such as Perigal's dissection, aids comprehension. This stage emphasizes that Pythagoras' theorem is more than a memorized formula, offering multiple convincing justifications.",Year 9_13-14_Summer__Pythagoras theorem_8_Pythagoras’ theorem in 3-D shapes E,year-9__13-14__summer__blank__pythagoras-theorem__8__pythagoras-theorem-in-3-d-shapes-e,9,3,2,151,8
Year9SummerSetsandprobability,Year 9,13-14,Summer,,2,Sets and probability,Sets and probability,1152,1,Identify and represent sets,Updated May 2026,Updated May 2026,Year 9_13-14_Summer__Sets and probability_1_Identify and represent sets,year-9__13-14__summer__blank__sets-and-probability__1__identify-and-represent-sets,9,3,3,152,1
Year9SummerSetsandprobability,Year 9,13-14,Summer,,2,Sets and probability,Sets and probability,1153,2,Intersection of a set,Updated May 2026,Updated May 2026,Year 9_13-14_Summer__Sets and probability_2_Intersection of a set,year-9__13-14__summer__blank__sets-and-probability__2__intersection-of-a-set,9,3,3,152,2
Year9SummerSetsandprobability,Year 9,13-14,Summer,,2,Sets and probability,Sets and probability,1154,3,Union of a set,Updated May 2026,Updated May 2026,Year 9_13-14_Summer__Sets and probability_3_Union of a set,year-9__13-14__summer__blank__sets-and-probability__3__union-of-a-set,9,3,3,152,3
Year9SummerSetsandprobability,Year 9,13-14,Summer,,2,Sets and probability,Sets and probability,1155,4,Complement of a set (E),Updated May 2026,Updated May 2026,Year 9_13-14_Summer__Sets and probability_4_Complement of a set (E),year-9__13-14__summer__blank__sets-and-probability__4__complement-of-a-set-e,9,3,3,152,4
Year9SummerSetsandprobability,Year 9,13-14,Summer,,2,Sets and probability,Sets and probability,1156,5,Probability of a single event ​,Updated May 2026,Updated May 2026,Year 9_13-14_Summer__Sets and probability_5_Probability of a single event ​,year-9__13-14__summer__blank__sets-and-probability__5__probability-of-a-single-event-,9,3,3,152,5
Year9SummerSetsandprobability,Year 9,13-14,Summer,,2,Sets and probability,Sets and probability,1157,6,Use diagrams to work out probabilities,Updated May 2026,Updated May 2026,Year 9_13-14_Summer__Sets and probability_6_Use diagrams to work out probabilities,year-9__13-14__summer__blank__sets-and-probability__6__use-diagrams-to-work-out-probabilities,9,3,3,152,6
Year9SummerSetsandprobability,Year 9,13-14,Summer,,2,Sets and probability,Sets and probability,1158,7,Relative frequency,Updated May 2026,Updated May 2026,Year 9_13-14_Summer__Sets and probability_7_Relative frequency,year-9__13-14__summer__blank__sets-and-probability__7__relative-frequency,9,3,3,152,7
Year9SummerSetsandprobability,Year 9,13-14,Summer,,2,Sets and probability,Sets and probability,1159,8,Expected outcomes,Updated May 2026,Updated May 2026,Year 9_13-14_Summer__Sets and probability_8_Expected outcomes,year-9__13-14__summer__blank__sets-and-probability__8__expected-outcomes,9,3,3,152,8
Year9SummerSetsandprobability,Year 9,13-14,Summer,,2,Sets and probability,Sets and probability,1160,9,Independent events,"In this small step, students explore independent events. It can be helpful to introduce the idea through a sample space diagram, for example for rolling two dice, where all possible outcomes can be listed and favourable cases counted. Draw students’ attention to how this method produces the same result as multiplying the separate probabilities, for example 1 2 × 1 6 = 1 12 for rolling an even number on one dice and a 5 on the other. Making this connection explains why multiplication is used for independent events and helps to link different approaches. Encourage students to express probabilities as both fractions and decimals, supporting fluency and making comparisons easier. Using diagrams provides opportunities for students to develop accurate reasoning. Misconceptions and common errors • Students may think that “independent” means that the probabilities are equal, rather than that one outcome does not affect the other. • Students may confuse independent with mutually exclusive events, not recognising that mutually exclusive outcomes cannot happen together. National Curriculum links • Generate theoretical sample spaces for single and combined events with equally likely, mutually exclusive outcomes and use these to calculate theoretical probabilities Mathematical talk • What does “independent event” mean? • Give an example of two events that are independent. • Can two events be independent if one is much more likely than the other? • If I roll one dice and you roll another, does my result affect yours? Explain your answer. • How is independence different from fairness? • Can an event be unfair but still independent? Give an example. • Can two independent events happen at the same time? Explain your answer. • Can two mutually exclusive events happen at the same time? Explain your answer. • How does this difference change how you calculate their probabilities? • If the probability of winning a game is 0.3, what is the probability of winning twice in a row? Independent events Year 9 | Summer term | Block 3 – Sets and probability | Step 9",,Year 9_13-14_Summer__Sets and probability_9_Independent events,year-9__13-14__summer__blank__sets-and-probability__9__independent-events,9,3,3,152,9
Year9SummerSetsandprobability,Year 9,13-14,Summer,,2,Sets and probability,Sets and probability,1161,10,Probabilities from Venn diagrams,"In this small step, students explore probabilities using Venn diagrams. Recap the regions of a Venn diagram, clarifying how each represents a distinct group within the data. Draw students’ attention to how probabilities are calculated, by comparing the number of outcomes in a region with the total represented by the diagram. If appropriate, students could explore the “given that” clause, finding the probability of one event when another is already known to have occurred. This introduces conditional probability in a structured way and highlights how Venn diagrams make relationships between events visual. Misconceptions and common errors • Students may omit elements written outside the circles. • Students may forget to include the intersection when calculating the probability of “A or B”. • Students may think that the total in the denominator should be the sum of the two circles, rather than the overall total. • When answering “given that” questions, students may use the total population instead of restricting it to the given condition. National Curriculum links • Enumerate sets and unions/intersections of sets systematically, using tables, grids and Venn diagrams Mathematical talk • What does each circle represent? • What does the intersection represent? • What is the universal set? • What does the region outside the circles represent? • How can you tell from the Venn diagram which elements are prime numbers? • How can you tell from the Venn diagram how many elements there are in total? • When calculating a probability, what does the numerator represent? What does the denominator represent? • How do the words “and” and “or” relate to set notation and regions on a Venn diagram? • What is meant by the probability of A given that B has happened? Which region represents the numerator/ denominator? Probabilities from Venn diagrams Year 9 | Summer term | Block 3 – Sets and probability | Step 10",,Year 9_13-14_Summer__Sets and probability_10_Probabilities from Venn diagrams,year-9__13-14__summer__blank__sets-and-probability__10__probabilities-from-venn-diagrams,9,3,3,152,10
Year9SummerTransformations,Year 9,13-14,Summer,,3,Transformations,Transformations,1162,1,Enlargement (positive scale factor),Updated May 2026,Updated May 2026,Year 9_13-14_Summer__Transformations_1_Enlargement (positive scale factor),year-9__13-14__summer__blank__transformations__1__enlargement-positive-scale-factor,9,3,4,153,1
Year9SummerTransformations,Year 9,13-14,Summer,,3,Transformations,Transformations,1163,2,Enlargement from a point (positive scale factor),Updated May 2026,Updated May 2026,Year 9_13-14_Summer__Transformations_2_Enlargement from a point (positive scale factor),year-9__13-14__summer__blank__transformations__2__enlargement-from-a-point-positive-scale-factor,9,3,4,153,2
Year9SummerTransformations,Year 9,13-14,Summer,,3,Transformations,Transformations,1164,3,Enlargement (fractional scale factor),Updated May 2026,Updated May 2026,Year 9_13-14_Summer__Transformations_3_Enlargement (fractional scale factor),year-9__13-14__summer__blank__transformations__3__enlargement-fractional-scale-factor,9,3,4,153,3
Year9SummerTransformations,Year 9,13-14,Summer,,3,Transformations,Transformations,1165,4,Enlargement (negative scale factor) (E),Updated May 2026,Updated May 2026,Year 9_13-14_Summer__Transformations_4_Enlargement (negative scale factor) (E),year-9__13-14__summer__blank__transformations__4__enlargement-negative-scale-factor-e,9,3,4,153,4
Year9SummerTransformations,Year 9,13-14,Summer,,3,Transformations,Transformations,1166,5,Describe an enlargement,Updated May 2026,Updated May 2026,Year 9_13-14_Summer__Transformations_5_Describe an enlargement,year-9__13-14__summer__blank__transformations__5__describe-an-enlargement,9,3,4,153,5
Year9SummerTransformations,Year 9,13-14,Summer,,3,Transformations,Transformations,1167,6,Rotation about a point,Updated May 2026,Updated May 2026,Year 9_13-14_Summer__Transformations_6_Rotation about a point,year-9__13-14__summer__blank__transformations__6__rotation-about-a-point,9,3,4,153,6
Year9SummerTransformations,Year 9,13-14,Summer,,3,Transformations,Transformations,1168,7,Describe a rotation,Updated May 2026,Updated May 2026,Year 9_13-14_Summer__Transformations_7_Describe a rotation,year-9__13-14__summer__blank__transformations__7__describe-a-rotation,9,3,4,153,7
Year9SummerTransformations,Year 9,13-14,Summer,,3,Transformations,Transformations,1169,8,Translation,Updated May 2026,Updated May 2026,Year 9_13-14_Summer__Transformations_8_Translation,year-9__13-14__summer__blank__transformations__8__translation,9,3,4,153,8
Year9SummerTransformations,Year 9,13-14,Summer,,3,Transformations,Transformations,1170,9,Describe a translation,"In this small step, students describe a translation using a column vector. Encourage students to identify a pair of corresponding vertices, then model how to calculate the horizontal and vertical movements needed to map one onto the other. Reinforce that the order is important, with the horizontal movement being written as the top value in the vector and the vertical movement below. Emphasise that the same vector applies to every vertex of the shape, not just the pair chosen. Misconceptions and common errors • Students may use words instead of a column vector. • Students may incorrectly write the column vector as a coordinate or fraction. • Students may write the column vector incorrectly, for example ( 2 3 ) rather than ( 3 2 ) , or ( 5 2 ) instead of (−5 −2) . • Students may describe a translation in the wrong order, for example describing the transformation of shape B to shape A, rather than shape A to shape B. • Students may struggle to interpret translations with column vectors of the form ( 0 a ) or ( b 0 ) . National Curriculum links • Identify properties of, and describe the results of, translations, rotations and reflections applied to given figures Mathematical talk • How can you describe the translation in words? How can you write this as a column vector? • Do you need any more information to describe a translation? • Which value in a column vector describes the horizontal movement? • Which value in a column vector describes the vertical movement? • How do you write a translation of 2 units left as a column vector? • How do you write a translation of 3 units down as a column vector? • If the translation vector from shape A to shape B is , what is the translation vector from shape B to shape A? • How can you check that your description is accurate? Describe a translation Year 9 | Summer term | Block 4 – Transformations | Step 9",,Year 9_13-14_Summer__Transformations_9_Describe a translation,year-9__13-14__summer__blank__transformations__9__describe-a-translation,9,3,4,153,9
Year9SummerTransformations,Year 9,13-14,Summer,,3,Transformations,Transformations,1171,10,Reflection,"In this small step, students build on their understanding from Year 8, completing and describing reflections in horizontal, vertical and diagonal lines. Some students may not yet have encountered reflections in lines expressed algebraically, or fully described reflections, as these are covered in extend steps in Year 8 Recap how to identify equations of vertical, horizontal and diagonal lines, as this underpins both drawing and describing reflections. Emphasise that a full description must include both the fact that it is a reflection and the equation of the mirror line. As with previous transformations, tracing paper is a useful tool. Misconceptions and common errors • Students may not use the perpendicular distance between vertices and a diagonal mirror line. • Students may draw an incorrect reflection when a shape crosses one of the axes. • Students may incorrectly plot lines of the form y = a and x = b, resulting in an incorrect reflection. • Students may use non-mathematical vocabulary to describe a reflection, such as “flip” or “mirror”, rather than “reflect”. National Curriculum links • Identify properties of, and describe the results of, translations, rotations and reflections applied to given figures • Describe, sketch and draw using conventional terms and notations: points, lines, parallel lines, perpendicular lines, right angles, regular polygons, and other polygons that are reflectively and rotationally symmetric Mathematical talk • What does “reflection” mean? • How far is each vertex of the object from the mirror line? • What information do you need to describe a reflection fully? • Is the line x = 4 horizontal or vertical? Explain how you know. • What is the equation of the line? Explain how you know. • Which points lie on the line y = x? • What is the difference between reflecting in the line y = x and in the line y = −x? • Can two different lines of reflection produce the same image? Explain your answer. • How do you know whether a vertex on an image will lie on a line of reflection? Reflection Year 9 | Summer term | Block 4 – Transformations | Step 10",,Year 9_13-14_Summer__Transformations_10_Reflection,year-9__13-14__summer__blank__transformations__10__reflection,9,3,4,153,10
Year9SummerTransformations,Year 9,13-14,Summer,,3,Transformations,Transformations,1172,11,Find the result of a series of transformations (E),"In this extend step, students consolidate their understanding of reflections, translations, rotations and enlargements, applying a series of transformations to a shape. This step provides opportunities for students to discuss misconceptions or errors related to each of the four transformations. Highlight that changing the order of transformations can affect the final image. As with previous steps, model different transformations to students. Once confident, students could be encouraged to consider whether a series of transformations can sometimes be represented by a single transformation. Misconceptions and common errors • Students may carry out the transformations in an incorrect order. • Students may misinterpret key information, for example reflecting in the line y = 2 rather than x = 2 • Students may perform a second transformation on the original shape, rather than on the new image. National Curriculum links • Identify properties of, and describe the results of, translations, rotations and reflections applied to given figures • Identify and construct congruent triangles, and construct similar shapes by enlargement, with and without coordinate grids Mathematical talk • Does it matter which order the transformations are carried out? Explain how you know. • If you reflect a shape, then rotate the image, will the result be the same as rotating the shape first and then reflecting the image? Explain how you know. • What will the coordinates of the point ( , ) be if the shape is reflected in the x-axis, followed by a reflection in the y-axis? • Why do you perform the second transformation on the image, rather than the original shape? • Is there a single transformation that maps shape A onto shape C? • How can you check that the transformations have been drawn accurately? E Find the result of a series of transformations Year 9 | Summer term | Block 4 – Transformations | Step 11",,Year 9_13-14_Summer__Transformations_11_Find the result of a series of transformations (E),year-9__13-14__summer__blank__transformations__11__find-the-result-of-a-series-of-transformations-e,9,3,4,153,11
Year9SummerSimultaneousequations,Year 9,13-14,Summer,,4,Simultaneous equations,Simultaneous equations,1173,1,Use one value to find another,Updated May 2026,Updated May 2026,Year 9_13-14_Summer__Simultaneous equations_1_Use one value to find another,year-9__13-14__summer__blank__simultaneous-equations__1__use-one-value-to-find-another,9,3,5,154,1
Year9SummerSimultaneousequations,Year 9,13-14,Summer,,4,Simultaneous equations,Simultaneous equations,1174,2,Introduction to simultaneous equations,Updated May 2026,Updated May 2026,Year 9_13-14_Summer__Simultaneous equations_2_Introduction to simultaneous equations,year-9__13-14__summer__blank__simultaneous-equations__2__introduction-to-simultaneous-equations,9,3,5,154,2
Year9SummerSimultaneousequations,Year 9,13-14,Summer,,4,Simultaneous equations,Simultaneous equations,1175,3,Solve simultaneous equations​ using graphs,Updated May 2026,Updated May 2026,Year 9_13-14_Summer__Simultaneous equations_3_Solve simultaneous equations​ using graphs,year-9__13-14__summer__blank__simultaneous-equations__3__solve-simultaneous-equations-using-graphs,9,3,5,154,3
Year9SummerSimultaneousequations,Year 9,13-14,Summer,,4,Simultaneous equations,Simultaneous equations,1176,4,Solve simultaneous equations (no adjustments),Updated May 2026,Updated May 2026,Year 9_13-14_Summer__Simultaneous equations_4_Solve simultaneous equations (no adjustments),year-9__13-14__summer__blank__simultaneous-equations__4__solve-simultaneous-equations-no-adjustments,9,3,5,154,4
Year9SummerSimultaneousequations,Year 9,13-14,Summer,,4,Simultaneous equations,Simultaneous equations,1177,5,Manipulating equations,Updated May 2026,Updated May 2026,Year 9_13-14_Summer__Simultaneous equations_5_Manipulating equations,year-9__13-14__summer__blank__simultaneous-equations__5__manipulating-equations,9,3,5,154,5
Year9SummerSimultaneousequations,Year 9,13-14,Summer,,4,Simultaneous equations,Simultaneous equations,1178,6,Solve simultaneous equations (adjust one),Updated May 2026,Updated May 2026,Year 9_13-14_Summer__Simultaneous equations_6_Solve simultaneous equations (adjust one),year-9__13-14__summer__blank__simultaneous-equations__6__solve-simultaneous-equations-adjust-one,9,3,5,154,6
Year9SummerSimultaneousequations,Year 9,13-14,Summer,,4,Simultaneous equations,Simultaneous equations,1179,7,Solve simultaneous equations (adjust both) (E),Updated May 2026,Updated May 2026,Year 9_13-14_Summer__Simultaneous equations_7_Solve simultaneous equations (adjust both) (E),year-9__13-14__summer__blank__simultaneous-equations__7__solve-simultaneous-equations-adjust-both-e,9,3,5,154,7
Year9SummerSimultaneousequations,Year 9,13-14,Summer,,4,Simultaneous equations,Simultaneous equations,1180,8,Solve simultaneous equations by substitution (E),Updated May 2026,Updated May 2026,Year 9_13-14_Summer__Simultaneous equations_8_Solve simultaneous equations by substitution (E),year-9__13-14__summer__blank__simultaneous-equations__8__solve-simultaneous-equations-by-substitution-e,9,3,5,154,8
Year10SummerFoundationTrigonometry,Year 10,14-15,Summer,Foundation,1,Trigonometry,Trigonometry,1390,1,"Identify hypotenuse, opposite and adjacent sides​",Updated May 2026,Updated May 2026,"Year 10_14-15_Summer_Foundation_Trigonometry_1_Identify hypotenuse, opposite and adjacent sides​",year-10__14-15__summer__foundation__trigonometry__1__identify-hypotenuse-opposite-and-adjacent-sides,10,3,1,32,1
Year10SummerFoundationTrigonometry,Year 10,14-15,Summer,Foundation,1,Trigonometry,Trigonometry,1391,2,Use the tangent ratio to find unknown side lengths​,Updated May 2026,Updated May 2026,Year 10_14-15_Summer_Foundation_Trigonometry_2_Use the tangent ratio to find unknown side lengths​,year-10__14-15__summer__foundation__trigonometry__2__use-the-tangent-ratio-to-find-unknown-side-lengths,10,3,1,32,2
Year10SummerFoundationTrigonometry,Year 10,14-15,Summer,Foundation,1,Trigonometry,Trigonometry,1392,3,Use sine and cosine ratios to find unknown side lengths​,Updated May 2026,Updated May 2026,Year 10_14-15_Summer_Foundation_Trigonometry_3_Use sine and cosine ratios to find unknown side lengths​,year-10__14-15__summer__foundation__trigonometry__3__use-sine-and-cosine-ratios-to-find-unknown-side-lengths,10,3,1,32,3
Year10SummerFoundationTrigonometry,Year 10,14-15,Summer,Foundation,1,Trigonometry,Trigonometry,1393,4,"Use sine, cosine and tangent ratios to find unknown angles​",Updated May 2026,Updated May 2026,"Year 10_14-15_Summer_Foundation_Trigonometry_4_Use sine, cosine and tangent ratios to find unknown angles​",year-10__14-15__summer__foundation__trigonometry__4__use-sine-cosine-and-tangent-ratios-to-find-unknown-angles,10,3,1,32,4
Year10SummerFoundationTrigonometry,Year 10,14-15,Summer,Foundation,1,Trigonometry,Trigonometry,1394,5,Choose the right method,Updated May 2026,Updated May 2026,Year 10_14-15_Summer_Foundation_Trigonometry_5_Choose the right method,year-10__14-15__summer__foundation__trigonometry__5__choose-the-right-method,10,3,1,32,5
Year10SummerFoundationTrigonometry,Year 10,14-15,Summer,Foundation,1,Trigonometry,Trigonometry,1395,6,Key angles in right-angled triangles (E)​,Updated May 2026,Updated May 2026,Year 10_14-15_Summer_Foundation_Trigonometry_6_Key angles in right-angled triangles (E)​,year-10__14-15__summer__foundation__trigonometry__6__key-angles-in-right-angled-triangles-e,10,3,1,32,6
Year10SummerFoundationTrigonometry,Year 10,14-15,Summer,Foundation,1,Trigonometry,Trigonometry,1396,7,Trigonometry in 3-D shapes (E)​,Updated May 2026,Updated May 2026,Year 10_14-15_Summer_Foundation_Trigonometry_7_Trigonometry in 3-D shapes (E)​,year-10__14-15__summer__foundation__trigonometry__7__trigonometry-in-3-d-shapes-e,10,3,1,32,7
Year10SummerFoundationAngles,Year 10,14-15,Summer,Foundation,2,Angles,Angles,1397,1,"Angles around a point, on a straight line and vertically opposite",Updated May 2026,Updated May 2026,"Year 10_14-15_Summer_Foundation_Angles_1_Angles around a point, on a straight line and vertically opposite",year-10__14-15__summer__foundation__angles__1__angles-around-a-point-on-a-straight-line-and-vertically-opposite,10,3,2,33,1
Year10SummerHigherAngles,Year 10,14-15,Summer,Higher,2,Angles,Angles,1398,1,"Angles around a point, on a straight line and vertically opposite","In this small step, students revisit key angle facts from Key Stage 3, including angles around a point, angles on a straight line and vertically opposite angles. Begin by recapping these rules using clear diagrams, and asking reasoning questions such as “What is the same and what is different?”, to help students recognise when angles sum to 180° or 360°, and when angles are equal. Emphasise the importance of selecting the correct rule for each scenario, and provide examples that require more than one rule to be applied. Encourage the consistent use of three-letter notation for angles, and correct use of angle symbols throughout. Ask students to explain their reasoning when identifying relationships between angles. Misconceptions and common errors • Students may confuse the rules for angles on a straight line and angles around a point, leading to incorrect totals. • Students may not label angles using three-letter notation, or use the wrong notation when justifying their answers. • Students may believe that vertically opposite angles sum to 180° or 360°. Year 10 | Summer term | Block 1 – Angles | Step 1 Mathematical talk • What is the same and what is different between angles on a straight line and angles around a point? • What do you know? What can you work out? • Why is it important to label angles using the three-letter notation? • When two straight lines intersect, how many pairs of vertically opposite angles are formed? • Is your answer reasonable? How can you check? • Which angles meet at a point on a straight line? Explain how you know. • Vertically opposite angles are • Angles on a straight line sum to • Angles around a point sum to H National Curriculum links • Use the standard conventions for labelling the sides and angles of triangle ABC, and know and use the criteria for congruence of triangles (KS3) • Apply the properties of angles at a point, angles at a point on a straight line, vertically opposite angles (KS3)",,"Year 10_14-15_Summer_Higher_Angles_1_Angles around a point, on a straight line and vertically opposite",year-10__14-15__summer__higher__angles__1__angles-around-a-point-on-a-straight-line-and-vertically-opposite,10,3,2,190,1
Year10SummerFoundationAngles,Year 10,14-15,Summer,Foundation,2,Angles,Angles,1399,2,Angles in a triangle,Updated May 2026,Updated May 2026,Year 10_14-15_Summer_Foundation_Angles_2_Angles in a triangle,year-10__14-15__summer__foundation__angles__2__angles-in-a-triangle,10,3,2,33,2
Year10SummerHigherAngles,Year 10,14-15,Summer,Higher,2,Angles,Angles,1400,2,Angles in triangles and quadrilaterals,"In this small step, students recap their learning of angles in triangles and quadrilaterals from Key Stage 3. Begin with the fact that the angles in a triangle sum to 180°, then use this to divide a quadrilateral into two triangles, showing that the angles in a quadrilateral sum to 360°. Use a variety of different types of triangles and quadrilaterals and discuss the similar vocabulary around these, such as “isosceles triangle” and “isosceles trapezium”. Discuss what these terms inform us about the angles. Encourage students to explain their answers and to label angles accurately using three-letter notation. Provide examples where they need to apply more than one angle fact, such as working out the size of angles in compound shapes made up of triangles and quadrilaterals. Misconceptions and common errors • Students may confuse the sum of angles in triangles and quadrilaterals. • Students may confuse properties of different types of triangles and quadrilaterals. • Students may assume that opposite angles in any quadrilateral are always equal. Year 10 | Summer term | Block 1 – Angles | Step 2 Mathematical talk • What is the same and what is different about the sum of angles in a triangle and the sum of angles in a quadrilateral? • Do quadrilaterals always contain right angles? Explain how you know. • What is the size of each angle in a right-angled isosceles triangle? Explain how you know. • Can a quadrilateral have three obtuse angles? Explain how you know. • Can a triangle have an interior reflex angle? Explain how you know. • If one angle in a quadrilateral is increased, what happens to the sum of the rest of the angles? Explain how you know. • An isosceles triangle has one angle of 50°. What could the other two angles be? How many possible combinations are there? H National Curriculum links • Apply angle facts, triangle congruence, similarity and properties of quadrilaterals to derive results about angles and sides, including Pythagoras’ Theorem, and use known results to obtain simple proofs (KS3)",,Year 10_14-15_Summer_Higher_Angles_2_Angles in triangles and quadrilaterals,year-10__14-15__summer__higher__angles__2__angles-in-triangles-and-quadrilaterals,10,3,2,190,2
Year10SummerFoundationAngles,Year 10,14-15,Summer,Foundation,2,Angles,Angles,1401,3,Angles in a quadrilateral,Updated May 2026,Updated May 2026,Year 10_14-15_Summer_Foundation_Angles_3_Angles in a quadrilateral,year-10__14-15__summer__foundation__angles__3__angles-in-a-quadrilateral,10,3,2,33,3
Year10SummerHigherAngles,Year 10,14-15,Summer,Higher,2,Angles,Angles,1402,3,Exterior angles of a polygon,"In this small step, students recap their prior learning of interior and exterior angles from Key Stage 3. Remind them that the sum of the exterior angles of any polygon is 360° and use this to calculate individual exterior angles in regular polygons by dividing 360° by the number of sides. Highlight that interior and exterior angles sum to 180°, and use this to calculate unknown exterior angles given an interior angle. Students can then extend this knowledge to find the number of sides of a regular polygon when either the interior or exterior angle is known. Encourage students to clearly label diagrams to support reasoning, and to help identify when sides or angles are equal. Misconceptions and common errors • Students may believe that the exterior and interior angles sum to 360°. • Students may believe that the sum of exterior angles depends on the number of sides the polygon has. • Students may assume that some equal angles always mean the polygon is regular, without checking that all sides are also equal in length. Year 10 | Summer term | Block 1 – Angles | Step 3 Mathematical talk • How can you identify the exterior angles of a polygon? • What is the relationship between an interior and an exterior angle in a polygon? • How can you determine if a polygon is regular? • What is the sum of the exterior angles of a polygon? • What is the formula to calculate the size of one exterior angle in a regular polygon? • What is the size of each exterior angle in a regular decagon? Explain how you know. • A regular polygon has exterior angles of 40°. How many sides does the polygon have? What is the mathematical name of the polygon? • An irregular pentagon has exterior angles of 82°, 102°, 37° and 90°. What is the size of the fifth exterior angle? H National Curriculum links • Derive and use the sum of angles in a triangle and use it to deduce the angle sum in any polygon and to derive properties of regular polygons (KS3)",,Year 10_14-15_Summer_Higher_Angles_3_Exterior angles of a polygon,year-10__14-15__summer__higher__angles__3__exterior-angles-of-a-polygon,10,3,2,190,3
Year10SummerFoundationAngles,Year 10,14-15,Summer,Foundation,2,Angles,Angles,1403,4,Exterior angles of a polygon,Updated May 2026,Updated May 2026,Year 10_14-15_Summer_Foundation_Angles_4_Exterior angles of a polygon,year-10__14-15__summer__foundation__angles__4__exterior-angles-of-a-polygon,10,3,2,33,4
Year10SummerHigherAngles,Year 10,14-15,Summer,Higher,2,Angles,Angles,1404,4,Interior angles of a polygon,"In this small step, students recap their learning of interior angles of polygons from Key Stage 3. Begin by revisiting the relationship between interior and exterior angles. Highlight that they form a straight line and therefore sum to 180°. Remind students that the sum of interior angles can be calculated using (n – 2) × 180°, where n is the number of sides, and that this can also be used to work out the number of sides when the sum of interior angles is known. It can be useful to model splitting polygons into triangles to demonstrate why this method works to calculate the sum of interior angles. Reinforce that “regular” means that all sides and angles are equal. Calculators may be used throughout this step, so the focus remains on the method rather than the arithmetic. Misconceptions and common errors • Students may confuse interior and exterior angles. • Students may believe that the interior angle sum is the same for all polygons. • Students may believe the interior angle sum is found by multiplying the number of sides by 180°. • Students may believe that all interior angles are equal in size even when the polygon is irregular. Year 10 | Summer term | Block 1 – Angles | Step 4 Mathematical talk • What is the sum of adjacent interior and exterior angles? • A regular polygon has 12 sides. Work out the size of each interior angle. • A polygon has an interior angle sum of 900°. How many sides does the polygon have? • Can a polygon have an interior angle greater than 180°? Explain how you know. • Can two different polygons have the same interior angle sum? Explain how you know. • How can you calculate the interior angle sum of any polygon? • Can a polygon have a reflex interior angle? Explain how you know. H National Curriculum links • Derive and use the sum of angles in a triangle and use it to deduce the angle sum in any polygon, and to derive properties of regular polygons (KS3)",,Year 10_14-15_Summer_Higher_Angles_4_Interior angles of a polygon,year-10__14-15__summer__higher__angles__4__interior-angles-of-a-polygon,10,3,2,190,4
Year10SummerFoundationAngles,Year 10,14-15,Summer,Foundation,2,Angles,Angles,1405,5,Interior angles of a polygon,Updated May 2026,Updated May 2026,Year 10_14-15_Summer_Foundation_Angles_5_Interior angles of a polygon,year-10__14-15__summer__foundation__angles__5__interior-angles-of-a-polygon,10,3,2,33,5
Year10SummerHigherAngles,Year 10,14-15,Summer,Higher,2,Angles,Angles,1406,5,Solve problems with angles in polygons,"In this small step, students apply their knowledge of interior and exterior angles to solve multi-step problems involving polygons. Encourage them to choose and combine appropriate angle facts, such as how the sum of interior angles can be calculated using (n – 2) × 180°, or the fact that exterior angles sum to 360°. Questions may include working out the size of unknown angles in irregular polygons or problems involving compound shapes made up of polygons. Encourage students to draw and label diagrams carefully, showing all working and reasoning. Discuss efficient strategies, such as identifying triangles within shapes or using properties of regular polygons. Students should justify their methods, demonstrating a clear understanding of how different angle rules connect across polygon problems. Misconceptions and common errors • Students may forget which formula to use and apply (n – 2) × 180° to exterior angles. • Students may assume that the sum of the interior angles is the same for all polygons. • Students may confuse regular and irregular polygons and the properties surrounding these. Year 10 | Summer term | Block 1 – Angles | Step 5 Mathematical talk • What is the calculation to work out the sum of the interior angles in a polygon? • What is the sum of the exterior angles of a polygon? • How can you check whether a polygon is regular or irregular? What do you know and what can you work out? • Is it possible to calculate the size of any exterior angles from the given information? Why or why not? • Is it possible to calculate the size of any interior angles from the given information? Why or why not? • The angle is because • The number of sides is because • Adjoining exterior and interior angles sum to H National Curriculum links • Derive and use the sum of angles in a triangle and use it to deduce the angle sum in any polygon, and to derive properties of regular polygons (KS3)",,Year 10_14-15_Summer_Higher_Angles_5_Solve problems with angles in polygons,year-10__14-15__summer__higher__angles__5__solve-problems-with-angles-in-polygons,10,3,2,190,5
Year10SummerFoundationAngles,Year 10,14-15,Summer,Foundation,2,Angles,Angles,1407,6,Solve problems with angles in polygons​ (E),Updated May 2026,Updated May 2026,Year 10_14-15_Summer_Foundation_Angles_6_Solve problems with angles in polygons​ (E),year-10__14-15__summer__foundation__angles__6__solve-problems-with-angles-in-polygons-e,10,3,2,33,6
Year10SummerHigherAngles,Year 10,14-15,Summer,Higher,2,Angles,Angles,1408,6,"Co-interior, alternate and corresponding angles","In this small step, students consolidate their learning of alternate and corresponding angles, as well as introducing co-interior angles. Begin by reviewing the key angle relationships and discuss what is the same and what is different about co-interior angles compared to alternate and corresponding angles. Emphasise that co-interior angles sum to 180° while alternate and corresponding angles are equal. Reinforce that alternate, corresponding and co-interior angles are only formed when a transversal crosses parallel lines. Students should be encouraged to highlight angle pairs, clearly reasoning and justifying their answers. Challenge students further to strengthen reasoning and fluency, by using diagrams that include algebraic expressions and less-familiar orientations. Misconceptions and common errors • Students may believe that co-interior angles are equal in size. • Students may assume angles are alternate/corresponding/ co-interior when the lines are not parallel. • Students may not justify their answers even when asked to give reasons for their answers. Year 10 | Summer term | Block 1 – Angles | Step 6 Mathematical talk • What type of angles in parallel lines sum to 180°? • How can you identify a pair of co-interior angles on a diagram? • What is the same and what is different about co-interior and corresponding angles? • A pair of co-interior angles on a diagram are 156° and 24°. Are the lines parallel? Explain how you know. • What other angle facts can we use to check our calculation is correct? • Does the orientation of the parallel lines affect the size of the angles? Explain how you know. • Co-interior angles sum to H National Curriculum links • Understand and use the relationship between parallel lines and alternate and corresponding angles (KS3)",,"Year 10_14-15_Summer_Higher_Angles_6_Co-interior, alternate and corresponding angles",year-10__14-15__summer__higher__angles__6__co-interior-alternate-and-corresponding-angles,10,3,2,190,6
Year10SummerFoundationAngles,Year 10,14-15,Summer,Foundation,2,Angles,Angles,1409,7,Alternate and corresponding angles​,Updated May 2026,Updated May 2026,Year 10_14-15_Summer_Foundation_Angles_7_Alternate and corresponding angles​,year-10__14-15__summer__foundation__angles__7__alternate-and-corresponding-angles,10,3,2,33,7
Year10SummerHigherAngles,Year 10,14-15,Summer,Higher,2,Angles,Angles,1410,7,Solve problems with angles and algebra,"In this small step, students apply angle facts and algebraic techniques to solve multi-step geometric problems involving algebraic expressions. Begin by revisiting the key angle relationships, such as angles in polygons and in parallel lines, ensuring that students can justify each fact before using it. Demonstrate how to form and solve equations based on angle facts, and model how to check that solutions are accurate and realistic. Ensure that students build clear chains of reasoning and explain why each step is valid. To strengthen understanding, use problems that involve several intersecting lines, shapes in less familiar orientations and simultaneous angle relationships. Challenge students further by asking them to create and solve their own algebraic angle problems. Misconceptions and common errors • Students may form incorrect equations if they misidentify an angle fact. • Students may assume diagrams are drawn to scale when they are not. • Students may incorrectly simplify algebraic expressions. Year 10 | Summer term | Block 1 – Angles | Step 7 Mathematical talk • What do you know? What can you work out? • Are there any equal angles? How can we form an equation based on this? • Can we form any equations? Why or why not? Do we have enough information to solve them? • Once we have found the value of x, how can we work out the size of each angle? • Two alternate angles are labelled 3x + 22 and x + 55 What do you know about the angles? How can this help us to form an equation? • Two co-interior angles are labelled 3x + 22 and x + 55 What do you know about the angles? How can this help us to form an equation? • The interior angles in a pentagon are x, 2x, 3x, 4x and 5x. What angle fact do you know that will help us to form an equation? H National Curriculum links • Translate simple situations or procedures into algebraic expressions or formulae; derive an equation (or two simultaneous equations), solve the equation(s) and interpret the solution",,Year 10_14-15_Summer_Higher_Angles_7_Solve problems with angles and algebra,year-10__14-15__summer__higher__angles__7__solve-problems-with-angles-and-algebra,10,3,2,190,7
Year10SummerHigherAngles,Year 10,14-15,Summer,Higher,2,Angles,Angles,1412,8,Prove geometric facts (E),"In this extend step, students begin to use clear reasoning to prove geometric facts. Start by revisiting familiar angle facts, ensuring students can state each fact accurately. Model how to build a simple chain of reasoning using statements such as “because alternate angles are equal” or “because angles in a triangle sum to 180°”. Encourage students to write each step clearly and to justify their answers. Make sure that students understand that a proof must show a fact works in every case, not just for one example. Model to students how to structure their reasoning so it clearly shows a logical progression from the given information to the conclusion. Provide opportunities to spot errors in worked examples so they can recognise incomplete or incorrect reasoning. Misconceptions and common errors • Students may not justify their answers or give reasons for why they have applied certain angle facts. • Students may write conclusions without clearly showing the logical steps that lead to them. • Students may assume that diagrams are drawn to scale when they are not. • Students may believe they have proven a fact when they have only shown it works for one case. Year 10 | Summer term | Block 1 – Angles | Step 8 Mathematical talk • How can you tell which angle facts are needed to prove a statement? • Do angles in all triangles sum to 180°? Show how you know. • Is it possible for angles to be alternate if the lines are not parallel? Show how you know. • What do you notice about the sum of interior angles in a polygon when the number of sides increases by 1? • Does your reasoning work for all examples? How do you know? • Have you used correct mathematical language throughout your proof? Why is this important? • When two angles appear equal, how can you justify this rather than relying on the diagram? H National Curriculum links • Apply angle facts, triangle congruence, similarity and properties of quadrilaterals to derive results about angles and sides, including Pythagoras’ Theorem, and use known results to obtain simple proofs (KS3) E",,Year 10_14-15_Summer_Higher_Angles_8_Prove geometric facts (E),year-10__14-15__summer__higher__angles__8__prove-geometric-facts-e,10,3,2,190,8
Year10SummerFoundationAngles,Year 10,14-15,Summer,Foundation,2,Angles,Angles,1413,9,Prove geometric facts (E),"In this extend step, students begin to use clear reasoning to prove geometric facts. Start by revisiting familiar angle facts, ensuring students can state each fact accurately. Model how to build a simple chain of reasoning using statements such as “because alternate angles are equal” or “because angles in a triangle sum to 180°”. Encourage students to write each step clearly and to justify their answers. Make sure that students understand that a proof must show a fact works in every case, not just for one example. Model to students how to structure their reasoning so it clearly shows a logical progression from the given information to the conclusion. Provide opportunities to spot errors in worked examples so they can recognise incomplete or incorrect reasoning. Misconceptions and common errors • Students may not justify their answers or give reasons for why they have applied certain angle facts. • Students may write conclusions without clearly showing the logical steps that lead to them. • Students may assume that diagrams are drawn to scale when they are not. • Students may believe they have proven a fact when they have only shown it works for one case. Year 10 | Summer term | Block 1 – Angles | Step 9 Mathematical talk • How can you tell which angle facts are needed to prove a statement? • Do angles in all triangles sum to 180°? Show how you know. • Is it possible for angles to be alternate if the lines are not parallel? Show how you know. • What do you notice about the sum of interior angles in a polygon when the number of sides increases by 1? • Does your reasoning work for all examples? How do you know? • Have you used correct mathematical language throughout your proof? Why is this important? • When two angles appear equal, how can you justify this rather than relying on the diagram? F National Curriculum links • Apply angle facts, triangle congruence, similarity and properties of quadrilaterals to derive results about angles and sides, including Pythagoras’ Theorem, and use known results to obtain simple proofs (KS3) E",,Year 10_14-15_Summer_Foundation_Angles_9_Prove geometric facts (E),year-10__14-15__summer__foundation__angles__9__prove-geometric-facts-e,10,3,2,33,9
Year10SummerFoundationGraphsanddiagrams,Year 10,14-15,Summer,Foundation,3,Graphs and diagrams,Graphs and diagrams,1414,1,Pictograms,Updated May 2026,Updated May 2026,Year 10_14-15_Summer_Foundation_Graphs and diagrams_1_Pictograms,year-10__14-15__summer__foundation__graphs-and-diagrams__1__pictograms,10,3,3,34,1
Year10SummerHigherGraphsanddiagrams,Year 10,14-15,Summer,Higher,3,Graphs and diagrams,Graphs and diagrams,1415,1,Pie charts,"In this small step, students recap their learning from Year 8 on drawing and interpreting pie charts. Remind students that a pie chart represents a whole split into parts, with each sector showing a fraction of the total and all sectors summing to 360°. Make clear links between proportions, fractions and angles to show how they describe the same information. Emphasise the accurate use of a protractor when constructing sectors and highlight the importance of clear labelling. Introduce data given as percentages, fractions or bar charts for conversion into a pie chart. Encourage students to interpret pie charts by identifying key categories and, when comparing two charts, recognising that without totals only proportions can be compared. Misconceptions and common errors • Students may use the frequency as the angle size instead of working out the angle. • Students may not label the sectors. • When comparing two pie charts, students may assume equal sectors in different pie charts always represent the same frequency. Year 10 | Summer term | Block 2 – Graphs and diagrams | Step 1 Mathematical talk • What is the total frequency of the data set? • How can we calculate the angle for one category if we know its frequency and the total? • How does using the formula sector angle = frequency total × 360° calculate the number of degrees that is proportional to the total? • How can percentages be used to calculate sector angles? • How can you tell which category represents the greatest/least proportion of the whole? • If you know the angle of a sector on a pie chart, how can you work out what fraction of the whole this represents? • How could you work out how many students the sector represents if the total is ? H National Curriculum links • Construct and interpret appropriate tables, charts, and diagrams, including frequency tables, bar charts, pie charts, and pictograms for categorical data, and vertical line (or bar) charts for ungrouped and grouped numerical data (KS3)",,Year 10_14-15_Summer_Higher_Graphs and diagrams_1_Pie charts,year-10__14-15__summer__higher__graphs-and-diagrams__1__pie-charts,10,3,3,191,1
Year10SummerFoundationGraphsanddiagrams,Year 10,14-15,Summer,Foundation,3,Graphs and diagrams,Graphs and diagrams,1416,2,Line and bar charts,Updated May 2026,Updated May 2026,Year 10_14-15_Summer_Foundation_Graphs and diagrams_2_Line and bar charts,year-10__14-15__summer__foundation__graphs-and-diagrams__2__line-and-bar-charts,10,3,3,34,2
Year10SummerHigherGraphsanddiagrams,Year 10,14-15,Summer,Higher,3,Graphs and diagrams,Graphs and diagrams,1417,2,Time series graphs,"In this small step, students recap their Year 7 learning on drawing and interpreting time series graphs. Remind them that these graphs show changes over time and require clearly labelled axes for accurate interpretation. Emphasise that time is always plotted on the horizontal axis and that equal intervals are essential. Encourage students to discuss upward or downward trends, along with periods of stability. Emphasise that while time series graphs highlight overall trends, short-term fluctuations may not always reflect the longer-term trend. Discuss with students how time series graphs with points joined by solid lines imply that it is possible to estimate information between data points, while points joined by dashed lines imply that the data between these points is not reliable. Misconceptions and common errors • Students may focus on specific points on a graph rather than the overall trends. • Students may assume that trends will always be consistent. • Students may use solid lines instead of dashed lines or vice versa. Year 10 | Summer term | Block 2 – Graphs and diagrams | Step 2 Mathematical talk • Does the time series graph have to start at zero? Explain your answer. • How can you show that your axis has not started from zero? • What does the overall trend of the graph show? • How can you describe the trend in this part of the graph? • Could there be a seasonal pattern? Explain your answer. • Is there a point that does not fit the general pattern? Why might that be? • Can the time series graph be used to estimate between data points? Explain your answer. • What similarities and what differences do you notice when comparing these two time series graphs? H National Curriculum links • Interpret and construct tables and line graphs for time series data",,Year 10_14-15_Summer_Higher_Graphs and diagrams_2_Time series graphs,year-10__14-15__summer__higher__graphs-and-diagrams__2__time-series-graphs,10,3,3,191,2
Year10SummerFoundationGraphsanddiagrams,Year 10,14-15,Summer,Foundation,3,Graphs and diagrams,Graphs and diagrams,1418,3,Dual and composite bar charts,Updated May 2026,Updated May 2026,Year 10_14-15_Summer_Foundation_Graphs and diagrams_3_Dual and composite bar charts,year-10__14-15__summer__foundation__graphs-and-diagrams__3__dual-and-composite-bar-charts,10,3,3,34,3
Year10SummerHigherGraphsanddiagrams,Year 10,14-15,Summer,Higher,3,Graphs and diagrams,Graphs and diagrams,1419,3,Frequency polygons,"In this small step, students draw and interpret frequency polygons. Begin by modelling how to construct a frequency polygon by identifying the midpoint of each class interval, plotting these points and joining them with straight lines. Highlight that the horizontal axis shows data from the class intervals as a continuous scale and the vertical axis shows the frequencies. Discuss with students why midpoints of the class intervals are used to plot the data on the horizontal axis and to describe what the shape of the frequency polygon shows, such as increases or decreases in the data. Model how to compare two frequency polygons on the same axes and explain how the overall shape helps students interpret and compare different distributions. Misconceptions and common errors • Students may plot the class boundaries rather than the midpoint. • Students may join the first and last points to form a polygon. • Students may draw bars instead of a polygon. • Students may incorrectly join the points using a curve instead of straight lines. Year 10 | Summer term | Block 2 – Graphs and diagrams | Step 3 Mathematical talk • What is the difference between a midpoint and an endpoint? • Given the boundaries of a class interval, how do you work out the midpoint? • Why do we plot the midpoint instead of the class boundaries? • How does the scale on a set of axes affect how a frequency polygon looks? • What does the steepest part of the polygon tell you about the data? • Does the line between two points represent actual data or an estimate? Explain how you know. H National Curriculum links • Interpret, analyse and compare the distributions of data sets from univariate empirical distributions through: appropriate graphical representation involving discrete, continuous and grouped data, {including box plots}",,Year 10_14-15_Summer_Higher_Graphs and diagrams_3_Frequency polygons,year-10__14-15__summer__higher__graphs-and-diagrams__3__frequency-polygons,10,3,3,191,3
Year10SummerFoundationGraphsanddiagrams,Year 10,14-15,Summer,Foundation,3,Graphs and diagrams,Graphs and diagrams,1420,4,Draw pie charts,Updated May 2026,Updated May 2026,Year 10_14-15_Summer_Foundation_Graphs and diagrams_4_Draw pie charts,year-10__14-15__summer__foundation__graphs-and-diagrams__4__draw-pie-charts,10,3,3,34,4
Year10SummerHigherGraphsanddiagrams,Year 10,14-15,Summer,Higher,3,Graphs and diagrams,Graphs and diagrams,1421,4,Stem-and-leaf diagrams,"In this small step, students draw and interpret stem-and-leaf diagrams. Begin by explaining that these diagrams organise numerical data, using the stem to show place value and the leaf to show the final digit, allowing all values to remain visible. Emphasise that including a clear key is essential so the data can be correctly interpreted. Model how to organise the data, select a suitable stem, and record each leaf clearly so digits align. Revisit how to calculate averages and the range by finding the difference between the greatest and smallest values in the set. Include examples with decimal values, such as 7|3 representing 7.3 As students develop confidence, introduce back-to-back stem- and-leaf diagrams to compare two data sets. Misconceptions and common errors • Students may write leaves out of order instead of listing them from smallest to largest. • Students may forget to include a key, which can make it difficult to interpret the values represented. Year 10 | Summer term | Block 2 – Graphs and diagrams | Step 4 Mathematical talk • What does the stem represent in this diagram? How do you know? • Why do we list the leaves in ascending order rather than the order they were collected? • Why is a key important when interpreting the values from a stem-and-leaf diagram? • What is the smallest value and what is the largest? How do you know? • What does the length of each row suggest about the distribution of values? • How would this diagram change if the data included decimals? • When might a back-to-back stem-and-leaf diagram be useful? H National Curriculum links • Interpret, analyse and compare the distributions of data sets from univariate empirical distributions through: appropriate graphical representation involving discrete, continuous and grouped data, {including box plots}",,Year 10_14-15_Summer_Higher_Graphs and diagrams_4_Stem-and-leaf diagrams,year-10__14-15__summer__higher__graphs-and-diagrams__4__stem-and-leaf-diagrams,10,3,3,191,4
Year10SummerFoundationGraphsanddiagrams,Year 10,14-15,Summer,Foundation,3,Graphs and diagrams,Graphs and diagrams,1422,5,Interpret pie charts,Updated May 2026,Updated May 2026,Year 10_14-15_Summer_Foundation_Graphs and diagrams_5_Interpret pie charts,year-10__14-15__summer__foundation__graphs-and-diagrams__5__interpret-pie-charts,10,3,3,34,5
Year10SummerHigherGraphsanddiagrams,Year 10,14-15,Summer,Higher,3,Graphs and diagrams,Graphs and diagrams,1423,5,Draw histograms,"In this small step, students learn how to represent grouped data as a histogram. Highlight that the area of each bar of a histogram represents the frequency and provide opportunities for students to explore links between the class width and height of each bar. Explain that the height of each bar is the frequency density and explore the effect of using different scales for the frequency density axis. If appropriate, students can also explore creating their own axis or using different classes within a given data set. Misconceptions and common errors • Students may draw bars with equal widths even when class intervals differ. • Students may plot frequency instead of frequency density on the vertical axis. Year 10 | Summer term | Block 2 – Graphs and diagrams | Step 5 Mathematical talk • What is the same and what is different between a histogram and a bar chart? • What does the height of each bar represent? • If we know the class width and the frequency, how can we calculate the frequency density? • Why do we record frequency density rather than frequency on the vertical axis? • How does class width affect the appearance of the bars? • How can you check that the area of a bar correctly represents the frequency? • Where do the class intervals begin and end on the horizontal axis? • If the width of a class interval is doubled, what must happen to its height for the area to remain correct? H National Curriculum links • {construct and interpret diagrams for grouped discrete data and continuous data, i.e. histograms with equal and unequal class intervals and cumulative frequency graphs, and know their appropriate use}",,Year 10_14-15_Summer_Higher_Graphs and diagrams_5_Draw histograms,year-10__14-15__summer__higher__graphs-and-diagrams__5__draw-histograms,10,3,3,191,5
Year10SummerFoundationGraphsanddiagrams,Year 10,14-15,Summer,Foundation,3,Graphs and diagrams,Graphs and diagrams,1424,6,Time series graphs,Updated May 2026,Updated May 2026,Year 10_14-15_Summer_Foundation_Graphs and diagrams_6_Time series graphs,year-10__14-15__summer__foundation__graphs-and-diagrams__6__time-series-graphs,10,3,3,34,6
Year10SummerHigherGraphsanddiagrams,Year 10,14-15,Summer,Higher,3,Graphs and diagrams,Graphs and diagrams,1425,6,Interpret histograms,"In this small step, students build on their understanding of drawing histograms to now interpret them. Recap that histograms show continuous data and that the area of each bar represents frequency. Guide students to examine a single bar and identify what they know, such as the class boundaries and the height. Ask students how these two features could be used to calculate the frequency. Support students to derive the relationship, frequency = frequency density × class width. Provide opportunities to estimate values within an interval, including estimating a value for the median by accumulating frequencies. Encourage students to express parts of the distribution as fractions and percentages once they have calculated the total frequency. Misconceptions and common errors • Students may believe the frequency is represented by the height of the bar rather than the area. • Students may use class midpoints rather than class boundaries when estimating values. Year 10 | Summer term | Block 2 – Graphs and diagrams | Step 6 Mathematical talk • What does the area of each bar represent? • Why is the height alone not enough to work out the frequency? • If you know the class width and the frequency density, how can you work out the frequencies? • How can you work out the frequency of each class from the histogram? • How can you work out the total frequency represented by the diagram? • How can you identify the class that contains the median? • If we know the total frequency, how can you find the fraction or percentage of the data that lies in a certain interval? • How can you estimate the median on a histogram? H National Curriculum links • {construct and interpret diagrams for grouped discrete data and continuous data, i.e. histograms with equal and unequal class intervals and cumulative frequency graphs, and know their appropriate use}",,Year 10_14-15_Summer_Higher_Graphs and diagrams_6_Interpret histograms,year-10__14-15__summer__higher__graphs-and-diagrams__6__interpret-histograms,10,3,3,191,6
Year10SummerFoundationGraphsanddiagrams,Year 10,14-15,Summer,Foundation,3,Graphs and diagrams,Graphs and diagrams,1426,7,Frequency polygons,Updated May 2026,Updated May 2026,Year 10_14-15_Summer_Foundation_Graphs and diagrams_7_Frequency polygons,year-10__14-15__summer__foundation__graphs-and-diagrams__7__frequency-polygons,10,3,3,34,7
Year10SummerHigherGraphsanddiagrams,Year 10,14-15,Summer,Higher,3,Graphs and diagrams,Graphs and diagrams,1427,7,Draw cumulative frequency diagrams,"In this small step, students explore how cumulative frequency diagrams are constructed from grouped data. Begin by discussing how the total builds as we add on the frequency from each class interval and guide students to recognise that cumulative frequency represents a running total. Highlight that these totals are plotted at the upper boundary of the class interval. Ask students to discuss the shape of the diagram, noticing that it can rise or stay level but never fall. Highlight that a cumulative frequency diagram can be plotted with either a smooth curve or straight line segments. It can be helpful to demonstrate the plotting process under a visualiser so students can watch each step clearly as the cumulative frequency diagram is formed. Misconceptions and common errors • Students may plot cumulative frequencies at the midpoint of class boundaries instead of the upper boundaries. • Students may plot frequencies from a given table rather than a cumulative frequency. Year 10 | Summer term | Block 2 – Graphs and diagrams | Step 7 Mathematical talk • What does the cumulative frequency tell us about the data up to a given point? • How does adding each class frequency change the cumulative total? • Are cumulative frequency diagrams always plotted at the upper boundary? Explain your answer. • Can the shape of a cumulative frequency diagram show a decrease? Why or why not? • How are the plotted points joined? • What is the same and what is different between a frequency polygon and a cumulative frequency diagram? H National Curriculum links • {construct and interpret diagrams for grouped discrete data and continuous data, i.e. histograms with equal and unequal class intervals and cumulative frequency graphs and know their appropriate use}",,Year 10_14-15_Summer_Higher_Graphs and diagrams_7_Draw cumulative frequency diagrams,year-10__14-15__summer__higher__graphs-and-diagrams__7__draw-cumulative-frequency-diagrams,10,3,3,191,7
Year10SummerFoundationGraphsanddiagrams,Year 10,14-15,Summer,Foundation,3,Graphs and diagrams,Graphs and diagrams,1428,8,Stem-and-leaf diagrams,Updated May 2026,Updated May 2026,Year 10_14-15_Summer_Foundation_Graphs and diagrams_8_Stem-and-leaf diagrams,year-10__14-15__summer__foundation__graphs-and-diagrams__8__stem-and-leaf-diagrams,10,3,3,34,8
Year10SummerHigherGraphsanddiagrams,Year 10,14-15,Summer,Higher,3,Graphs and diagrams,Graphs and diagrams,1429,8,Interpret cumulative frequency diagrams,"In this small step, students develop their understanding of cumulative frequency diagrams by interpreting the data shown. Remind students that each plotted point represents a cumulative total. Guide students to identify an estimate for the median and lower and upper quartiles by finding 25%, 50% and 75% of the total frequency and locating these values on the curve. Students then calculate the interquartile range by subtracting the lower quartile from the upper quartile. They should also be able to compare two cumulative frequency diagrams by considering the median and interquartile range and deduce what these comparisons indicate. Encourage accurate reading of values by drawing horizontal and vertical lines and discuss why this method is more reliable than estimating by eye. Misconceptions and common errors • Students may attempt to find quartiles using the horizontal axis instead of the cumulative frequency axis. • Students may read values directly from the curve without drawing horizontal and vertical lines, resulting in inaccuracies. Year 10 | Summer term | Block 2 – Graphs and diagrams | Step 8 Mathematical talk • What does each plotted point represent on a cumulative frequency diagram? • How do we know where to find 25%, 50% and 75% of the data? • Why are the values for the median, upper and lower quartiles only an estimate? • What does the interquartile range tell us about the distribution of the data? • What does the graph tell us about the value below which 10% of the data lies? • Why can’t the range be identified from a grouped frequency table or a cumulative frequency table? H National Curriculum links • {construct and interpret diagrams for grouped discrete data and continuous data, i.e. histograms with equal and unequal class intervals and cumulative frequency graphs and know their appropriate use} • interpret, analyse and compare the distributions of data sets from univariate empirical distributions through: appropriate measures of central tendency (including modal class) and spread {including quartiles and inter-quartile range}",,Year 10_14-15_Summer_Higher_Graphs and diagrams_8_Interpret cumulative frequency diagrams,year-10__14-15__summer__higher__graphs-and-diagrams__8__interpret-cumulative-frequency-diagrams,10,3,3,191,8
Year10SummerHigherGraphsanddiagrams,Year 10,14-15,Summer,Higher,3,Graphs and diagrams,Graphs and diagrams,1430,9,Box plots,"In this small step, students learn how to represent the distribution of data sets by drawing box plots. Highlight that a box plot is formed from 5 values from a given data set: the median, the upper and lower quartiles and the minimum and maximum values. Use of a visualiser is recommended when modelling how to draw a box plot. Students can also explore the relationships between data represented on a cumulative frequency diagram and a box plot and identify quartiles carefully before drawing a box plot. Misconceptions and common errors • Students may misinterpret scales when drawing box plots. • Students may not recognise that they need to calculate missing values needed to draw a box plot. For example, if they are given the range and the lowest value, they need to work out the maximum value. Year 10 | Summer term | Block 2 – Graphs and diagrams | Step 9 Mathematical talk • What five key values do we need to know to draw a box plot? • Which line segment represents the median? • What does the length of the box represent? • How does the box plot show the spread that we see on the cumulative frequency graph? • How can we use a cumulative frequency graph to find the median and the upper and lower quartiles? • Why is it important to read values accurately from the scale? • How can we check that our box plot matches the information from the cumulative frequency graph? • How can we calculate the interquartile range from the box plot? H National Curriculum links • Interpret, analyse and compare the distributions of data sets from univariate empirical distributions through: appropriate graphical representation involving discrete, continuous and grouped data, {including box plots}",,Year 10_14-15_Summer_Higher_Graphs and diagrams_9_Box plots,year-10__14-15__summer__higher__graphs-and-diagrams__9__box-plots,10,3,3,191,9
Year10SummerHigherGraphsanddiagrams,Year 10,14-15,Summer,Higher,3,Graphs and diagrams,Graphs and diagrams,1431,10,Compare distributions using box plots (E),"In this small step, students learn how to compare distributions using box plots. Remind students that a box plot summarises a data set using the minimum, lower quartile, median, upper quartile and maximum values, allowing two or more distributions to be compared quickly on the same scale. Emphasise that comparisons should focus on a measure of average (median) and spread (range or interquartile range). Highlight that the relative positions of the medians can be used to decide which data set has the higher typical value. Encourage students to compare lengths of the boxes to judge differences in the interquartile ranges and discuss which data set shows greater consistency. Highlight the importance of using the same continuous scale so that comparisons are valid. Misconceptions and common errors • Students may draw incorrect conclusions, for example interpreting a larger range as an average or vice versa. • Students may incorrectly interpret the interquartile range or range, for example thinking a larger interquartile range is ‘better’. Year 10 | Summer term | Block 2 – Graphs and diagrams | Step 10 Mathematical talk • How do the positions of the medians help you compare trends in data sets? • Why is analysing the medians alone not enough to compare two data sets? • Which distribution shows a greater spread of data? How do you know? • How do the interquartile ranges compare? • What does a smaller interquartile range reveal about the spread of the middle half of the data? • How can you tell which data set is more consistent? • What do the “whiskers” tell you about the extremes in each data set? • What is the difference between the range and the interquartile range? Which of these measures might be affected by an outlier? H National Curriculum links • Interpret, analyse and compare the distributions of data sets from univariate empirical distributions through: appropriate graphical representation involving discrete, continuous and grouped data, {including box plots} E",,Year 10_14-15_Summer_Higher_Graphs and diagrams_10_Compare distributions using box plots (E),year-10__14-15__summer__higher__graphs-and-diagrams__10__compare-distributions-using-box-plots-e,10,3,3,191,10
Year10SummerFoundationVectors,Year 10,14-15,Summer,Foundation,4,Vectors,Vectors,1432,1,Understand and represent vectors,Updated May 2026,Updated May 2026,Year 10_14-15_Summer_Foundation_Vectors_1_Understand and represent vectors,year-10__14-15__summer__foundation__vectors__1__understand-and-represent-vectors,10,3,4,35,1
Year10SummerHigherVectors,Year 10,14-15,Summer,Higher,4,Vectors,Vectors,1433,1,Understand and represent vectors,"In this small step, students develop their understanding of vectors beyond the context of translating shapes, which they previously encountered in Year 9. This step will focus on interpreting column vectors and representing vectors as diagrams. Remind students that the top number in a column vector represents the horizontal direction, while the bottom number represents the vertical direction. It is important that students understand that a vector shows both direction and magnitude. The role of the arrow should also be emphasised, as it indicates the start point, end point, and direction of the vector. Comparing similar vectors can help to reinforce this understanding, for example by comparing 3 4 -   and -3 4   . Misconceptions and common errors • Students may neglect to draw arrows on vectors. • Students may draw arrows in the wrong direction on vectors. • Students may misinterpret column vectors, such as reading 2 4 -   as ‘2 up and 4 left’ rather than ‘2 right and 4 down’. Year 10 | Summer term | Block 3 – Vectors | Step 1 Mathematical talk • What is the same and what is different about a translation and a diagram representing a vector? • Which value represents the horizontal direction? • Which value represents the vertical direction? • What does the arrow show? • Explain what the vector 4 1 -   represents. • Where does the vector start and end? Explain how you know. • How do you know which direction to draw the arrow? • What is the same and what is different about the vectors -2 5   and 2 5 -   ? • Is it possible to draw a vector without an arrow? Explain your answer. H National Curriculum links • Describe translations as 2D vectors • Apply addition and subtraction of vectors, multiplication of vectors by a scalar, and diagrammatic and column representations of vectors; {use vectors to construct geometric arguments and proofs}",,Year 10_14-15_Summer_Higher_Vectors_1_Understand and represent vectors,year-10__14-15__summer__higher__vectors__1__understand-and-represent-vectors,10,3,4,192,1
Year10SummerFoundationVectors,Year 10,14-15,Summer,Foundation,4,Vectors,Vectors,1434,2,Vector notation,Updated May 2026,Updated May 2026,Year 10_14-15_Summer_Foundation_Vectors_2_Vector notation,year-10__14-15__summer__foundation__vectors__2__vector-notation,10,3,4,35,2
Year10SummerHigherVectors,Year 10,14-15,Summer,Higher,4,Vectors,Vectors,1435,2,Vector notation,"In this small step, students build on their understanding of vector representations as column vectors and directed line segments by introducing notation for labelling vectors. Different conventions should be introduced, such as writing a vector as AB , emphasising that this represents the vector from A to B. Comparing related vectors can further deepen understanding of vectors as movements between points, for example by comparing AB with BA . Students should also be given opportunities to work with vectors labelled using bold letters, such as a or x. Misconceptions and common errors • Students may misinterpret vectors, for example reading XY as YX . • Students may neglect to draw arrows on the vectors or draw arrows in the wrong direction. • Students may neglect to label vectors. For example, not labelling ‘E’ and ‘F’ on either end of a line segment to represent the vector EF . Year 10 | Summer term | Block 3 – Vectors | Step 2 Mathematical talk • What is the significance of the order of the letters in the vector AB ? How does this differ from the vector BA ? • Do the letters describing a vector always have to be in alphabetical order? Explain how you know. • If vector a = 3 4   what would –a represent? Explain how you know. • How can two vectors have the same magnitude but different directions? Write an example. • If CD = 2 3  , how would you represent CD on a grid? • If CD = 2 3  , how would you represent DC on a grid? H National Curriculum links • Describe translations as 2D vectors • Apply addition and subtraction of vectors, multiplication of vectors by a scalar, and diagrammatic and column representations of vectors; {use vectors to construct geometric arguments and proofs}",,Year 10_14-15_Summer_Higher_Vectors_2_Vector notation,year-10__14-15__summer__higher__vectors__2__vector-notation,10,3,4,192,2
Year10SummerFoundationVectors,Year 10,14-15,Summer,Foundation,4,Vectors,Vectors,1436,3,Translate by a vector,Updated May 2026,Updated May 2026,Year 10_14-15_Summer_Foundation_Vectors_3_Translate by a vector,year-10__14-15__summer__foundation__vectors__3__translate-by-a-vector,10,3,4,35,3
Year10SummerHigherVectors,Year 10,14-15,Summer,Higher,4,Vectors,Vectors,1437,3,Vectors multiplied by a scalar,"In this small step, students explore vectors that are parallel to each other. Introduce students to the concept of a scalar, emphasising that it is the value by which a vector is multiplied. Students should recognise that when one vector is a scalar multiple of another, the two vectors are parallel. Begin by using diagrams to represent different vectors, for example by comparing a and 2a on a grid, highlighting that both are parallel and that 2a is twice the magnitude of a. This can then be used to build towards multiplying column vectors by a scalar. Emphasise that both the horizontal and vertical components of a column vector are multiplied by the scalar. Students should also have opportunities to explore the effect of multiplying vectors by negative scalars; for example, multiplying by –1 reverses the direction of a vector. Misconceptions and common errors • Students may make arithmetic errors, particularly when calculating with negative numbers. • Students may neglect to multiply both values in a column vector by the scalar. Year 10 | Summer term | Block 3 – Vectors | Step 3 Mathematical talk • What is the same and what is different about parallel vectors? • Can two vectors be parallel but not equal in magnitude? Explain how you know. • How do we know if one vector is a multiple of the other? • What is a scalar? • What is the effect of multiplying a vector by a negative scalar? • How does multiplying a vector by a scalar change its magnitude? Does it ever change its direction? H National Curriculum links • Describe translations as 2D vectors • Apply addition and subtraction of vectors, multiplication of vectors by a scalar, and diagrammatic and column representations of vectors; {use vectors to construct geometric arguments and proofs}",,Year 10_14-15_Summer_Higher_Vectors_3_Vectors multiplied by a scalar,year-10__14-15__summer__higher__vectors__3__vectors-multiplied-by-a-scalar,10,3,4,192,3
Year10SummerFoundationVectors,Year 10,14-15,Summer,Foundation,4,Vectors,Vectors,1438,4,Vectors multiplied by a scalar,Updated May 2026,Updated May 2026,Year 10_14-15_Summer_Foundation_Vectors_4_Vectors multiplied by a scalar,year-10__14-15__summer__foundation__vectors__4__vectors-multiplied-by-a-scalar,10,3,4,35,4
Year10SummerHigherVectors,Year 10,14-15,Summer,Higher,4,Vectors,Vectors,1439,4,Add vectors,"In this small step, students learn how to add column vectors. Remind students that a vector has a horizontal component and a vertical component and that these components can be represented as column vectors. Emphasise that when adding two vectors, the resultant vector is found by adding the horizontal components together and the vertical components together. As with previous steps, visual representations of addition of vectors can help students to build a deeper understanding. Provide opportunities to draw vector diagrams to show how one vector follows another, making the connection between the geometric path and the numerical calculation. Once learning is secure move on to more abstract calculations, such as adding two column vectors. Misconceptions and common errors • Students may make arithmetic errors, particularly when using negative numbers. • Students may draw vectors incorrectly, such as drawing arrows facing the wrong direction. Year 10 | Summer term | Block 3 – Vectors | Step 4 Mathematical talk • What does each number in a column vector represent? • What does ‘resultant vector’ mean? • How can we represent adding vectors on a grid? • How do we identify the resultant of two vectors? • How do we add two column vectors together? • How can a diagram help us understand what the calculation is showing? • Does the order matter when we add two vectors? Explain your reasoning. • Why do we add the horizontal components and add the vertical components to find the resultant vector? • What happens if we add vector a to vector –a? H National Curriculum links • Describe translations as 2D vectors • Apply addition and subtraction of vectors, multiplication of vectors by a scalar, and diagrammatic and column representations of vectors; {use vectors to construct geometric arguments and proofs}",,Year 10_14-15_Summer_Higher_Vectors_4_Add vectors,year-10__14-15__summer__higher__vectors__4__add-vectors,10,3,4,192,4
Year10SummerFoundationVectors,Year 10,14-15,Summer,Foundation,4,Vectors,Vectors,1440,5,Add vectors,Updated May 2026,Updated May 2026,Year 10_14-15_Summer_Foundation_Vectors_5_Add vectors,year-10__14-15__summer__foundation__vectors__5__add-vectors,10,3,4,35,5
Year10SummerHigherVectors,Year 10,14-15,Summer,Higher,4,Vectors,Vectors,1441,5,Add and subtract vectors,"In this small step, students deepen their understanding of arithmetic with vectors by learning how to subtract vectors. As with previous steps, representing vector subtraction using diagrams is a helpful approach before introducing formal written methods. This can be introduced by considering equivalent calculations, such as a – b and a + (–b). Once students are confident, they can practise adding and subtracting vectors abstractly. If appropriate, challenge students to solve problems that combine operations such as multiplication with addition or subtraction, for example, 2 × 3 4   + 2 5 -  . Misconceptions and common errors • Students may make arithmetic errors, particularly when using negative numbers. • Students may struggle to represent vector subtraction problems as diagrams. • Students may neglect one of the values in a column vector when multiplying by a scalar. For example, writing –1 × 3 5 -   = - - 3 5  . Year 10 | Summer term | Block 3 – Vectors | Step 5 Mathematical talk • What does the arrow on a vector indicate? • What is the relationship between b and –b? • Is a – b the same as a + (–b)? Explain how you know. • How would a diagram representing a + b differ from a – b? • How can we identify vector addition on a diagram? • How can we identify vector subtraction on a diagram? • How do we subtract two column vectors? • Does the order matter when we subtract two vectors? Why or why not? • Can the subtraction of two vectors create a resulting vector longer than both original vectors? Explain how you know. H National Curriculum links • Describe translations as 2D vectors • Apply addition and subtraction of vectors, multiplication of vectors by a scalar, and diagrammatic and column representations of vectors; {use vectors to construct geometric arguments and proofs}",,Year 10_14-15_Summer_Higher_Vectors_5_Add and subtract vectors,year-10__14-15__summer__higher__vectors__5__add-and-subtract-vectors,10,3,4,192,5
Year10SummerFoundationVectors,Year 10,14-15,Summer,Foundation,4,Vectors,Vectors,1442,6,Add and subtract vectors,Updated May 2026,Updated May 2026,Year 10_14-15_Summer_Foundation_Vectors_6_Add and subtract vectors,year-10__14-15__summer__foundation__vectors__6__add-and-subtract-vectors,10,3,4,35,6
Year10SummerHigherVectors,Year 10,14-15,Summer,Higher,4,Vectors,Vectors,1443,6,Vector journeys in shapes,"In this small step, students explore different ways to express vector journeys, combining successive movements as vector calculations. This step builds the foundations needed for students to form geometric proofs later. Students learn to express a route such as AB + BC + CD = AD showing that multiple vectors can represent a single resultant vector. Students then move to simplifying expressions or comparing routes algebraically, for example, by writing a + b + 2a – b as 3a. Draw students’ attention to the fact that different routes can have the same resultant vector. Highlight the effect of reversing the direction of a vector, for example, if MN = a – 2b then NM = –a + 2b. Misconceptions and common errors • Students may neglect the direction of arrows on a vector diagram, such as using the vector a rather than –a. • Students may struggle to find a route using known vectors. • Students may make arithmetic errors, particularly with negative terms. Year 10 | Summer term | Block 3 – Vectors | Step 6 Mathematical talk • How can we describe a journey from one vertex to another using vectors? • How can we show that AB + BC = AC on a diagram? • How is XY related to YX ? • Why does taking different routes around a shape sometimes give the same resultant vector? • Can the same journey be described using a different combination of vectors? • If EF = a and FG = b, how could we describe EG in terms of a and b? • Why is it important to use consistent notation when writing vector journeys? H National Curriculum links • Describe translations as 2D vectors • Apply addition and subtraction of vectors, multiplication of vectors by a scalar, and diagrammatic and column representations of vectors; {use vectors to construct geometric arguments and proofs}",,Year 10_14-15_Summer_Higher_Vectors_6_Vector journeys in shapes,year-10__14-15__summer__higher__vectors__6__vector-journeys-in-shapes,10,3,4,192,6
Year10SummerFoundationVectors,Year 10,14-15,Summer,Foundation,4,Vectors,Vectors,1444,7,Solve problems with vectors (E),Updated May 2026,Updated May 2026,Year 10_14-15_Summer_Foundation_Vectors_7_Solve problems with vectors (E),year-10__14-15__summer__foundation__vectors__7__solve-problems-with-vectors-e,10,3,4,35,7
Year10SummerHigherVectors,Year 10,14-15,Summer,Higher,4,Vectors,Vectors,1445,7,Vectors in quadrilaterals,"In this small step, students apply their knowledge of vector journeys while considering the properties of quadrilaterals such as rectangles, parallelograms, and trapezia. Encourage students to discuss the properties of different quadrilaterals, for example, parallelograms have two pairs of parallel sides. Highlight that this means a parallelogram has two pairs of identical vectors. Draw students’ attention to the direction of arrows on diagrams and how this can affect the result of a vector journey and the accurate evaluation of vector addition or subtraction. Misconceptions and common errors • Students may neglect the direction of arrows on a vector diagram, such as using the vector a rather than –a. • Students may not recognise properties leading to vectors which aren’t labelled on diagrams. For example, using the fact that opposite sides in a parallelogram are parallel and equal in length. Year 10 | Summer term | Block 3 – Vectors | Step 7 Mathematical talk • Which quadrilaterals have pairs of parallel sides? How many pairs of parallel vectors will they have? • ‘A square has four equal vectors.’ Explain why the statement is false. • How can we describe each side of the quadrilateral using vectors? • What does it mean if two sides have equal vectors? • What does the direction of the arrow tell us about a vector? • If AB = a – 2b what is BA in terms of a and b? • How can we use vector relationships to identify the type of quadrilateral? H National Curriculum links • Describe translations as 2D vectors • Apply addition and subtraction of vectors, multiplication of vectors by a scalar, and diagrammatic and column representations of vectors; {use vectors to construct geometric arguments and proofs}",,Year 10_14-15_Summer_Higher_Vectors_7_Vectors in quadrilaterals,year-10__14-15__summer__higher__vectors__7__vectors-in-quadrilaterals,10,3,4,192,7
Year10SummerHigherVectors,Year 10,14-15,Summer,Higher,4,Vectors,Vectors,1446,8,Parallel vectors,"In this small step, students explore parallel vectors, recognising that vectors are parallel when one is a scalar multiple of the other. Students may have some understanding of this concept from earlier steps in this block. Highlight that parallel vectors have the same (or opposite) direction but may differ in magnitude. Support strategies for proving that column vectors are parallel by using vectors represented on grids to emphasise the link between vectors and scalars. After this, model how to prove that algebraic vectors are parallel through factorisation. Once students are confident, move on to more complex problems where they may need to consider vector journeys to compare two vectors. Misconceptions and common errors • Students may think vectors are parallel if they have the same magnitude. • Students may not recognise parallel vectors involving negative scalars. For example, writing 6 2 -   as –2 × -3 1   to show 6 2 -   and -3 1   are parallel. • Students may find it difficult to write algebraic expressions for vectors that represent movement in the opposite direction. Year 10 | Summer term | Block 3 – Vectors | Step 8 Mathematical talk • What does it mean for two vectors to be parallel? • How can we tell if one column vector is a multiple of another? • Can two vectors be parallel but point in opposite directions? Explain how you know. • How can we tell if two vectors in terms of a and b are parallel? • What happens to a vector when it is multiplied by a negative scalar? • Why do parallel vectors not have to be equal in length? • Are two vectors that are equal in magnitude always parallel? Why or why not? H National Curriculum links • Describe translations as 2D vectors • Apply addition and subtraction of vectors, multiplication of vectors by a scalar, and diagrammatic and column representations of vectors; {use vectors to construct geometric arguments and proofs}",,Year 10_14-15_Summer_Higher_Vectors_8_Parallel vectors,year-10__14-15__summer__higher__vectors__8__parallel-vectors,10,3,4,192,8
Year10SummerFoundationFactorsandpowers,Year 10,14-15,Summer,Foundation,5,Factors and powers,Factors and powers,1447,1,"Factors, multiples and primes",Updated May 2026,Updated May 2026,"Year 10_14-15_Summer_Foundation_Factors and powers_1_Factors, multiples and primes",year-10__14-15__summer__foundation__factors-and-powers__1__factors-multiples-and-primes,10,3,5,36,1
Year10SummerHigherFactorsandpowers,Year 10,14-15,Summer,Higher,5,Factors and powers,Factors and powers,1448,1,"Prime factorisation, HCF and LCM","In this small step, students recap finding the highest common factor (HCF), lowest common multiple (LCM), and writing numbers as a product of prime factors from Key Stage 3. Use practical contexts to reinforce when HCF or LCM is needed, and model listing with small numbers to show why it becomes inefficient for greater values. Revisit prime factorisation using factor trees, emphasising that every integer greater than 1 has a unique prime factorisation. Use Venn diagrams to organise information, highlighting that the HCF is the product of the common factors, while the LCM is the product of all factors within the diagram. Link back to listing to show both methods give the same result. Misconceptions and common errors • Students may include non-prime factors in their final product. • Students may confuse factors and multiples, particularly when using listing methods. • Students may rely on listing methods for large numbers, leading to inefficiency and increased likelihood of error. • Students may multiply all prime factors when finding the HCF, rather than only those common to all numbers. Year 10 | Summer term | Block 4 – Factors, powers and surds | Step 1 Mathematical talk • Explain what is meant by “highest common factor”. • Explain what is meant by “lowest common multiple”. • How can we decide whether a problem requires us to calculate the HCF or the LCM? • Can the HCF ever be greater than one of the numbers? Why or why not? • Is there more than one way to express 84 as a product of prime factors? • Does the order of the factors in a prime factorisation matter? Explain your answer. • What is the same and what is different between 2 × 2 × 2 × 3 and 23 × 3? • How do you find the HCF using a Venn diagram? • How do you find the LCM using a Venn diagram? H National Curriculum links • Use the concepts and vocabulary of prime numbers, factors (or divisors), multiples, common factors, common multiples, highest common factor, lowest common multiple, prime factorisation, including using product notation and the unique factorisation property (KS3)",,"Year 10_14-15_Summer_Higher_Factors and powers_1_Prime factorisation, HCF and LCM",year-10__14-15__summer__higher__factors-and-powers__1__prime-factorisation-hcf-and-lcm,10,3,5,193,1
Year10SummerFoundationFactorsandpowers,Year 10,14-15,Summer,Foundation,5,Factors and powers,Factors and powers,1449,2,Prime factorisation,Updated May 2026,Updated May 2026,Year 10_14-15_Summer_Foundation_Factors and powers_2_Prime factorisation,year-10__14-15__summer__foundation__factors-and-powers__2__prime-factorisation,10,3,5,36,2
Year10SummerHigherFactorsandpowers,Year 10,14-15,Summer,Higher,5,Factors and powers,Factors and powers,1450,2,"Powers, roots and negative indices","In this small step, students recap evaluating powers and roots, both mentally and using a calculator. Reinforce that a root is the inverse of a power, and ensure students can use calculator functions for powers and roots greater than 3. Support estimation by identifying the two integers a root lies between. Emphasise that a negative index does not make the value negative but instead indicates a reciprocal. Demonstrate this using a decreasing pattern, for example 22 = 4, 21 = 2, 20 = 1 and 2–1 = 1 2. Encourage students to generalise this to show that for any non-zero value of a, a–n = 1 an . Model converting negative indices into fractions with positive indices using numerical and algebraic examples, extending to bases with coefficients as confidence develops. Misconceptions and common errors • Students may assume that a negative index results in a negative answer, for example 3–2 = –9 • Students may multiply the base by the index instead of using a reciprocal, for example 2–3 = –6 • Students may misuse calculator functions for powers and roots, leading to incorrect evaluations. Year 10 | Summer term | Block 4 – Factors, powers and surds | Step 2 Mathematical talk • What is the same and what is different between (–5)4 and –54? • What do you notice about the sign of (–2)n when n is even compared to when n is odd? Explain your answer. • What is the same and what is different about 64 and 64 6 ? • If 54 = 625, what is the 4th root of 625? How do you know? • What is the same and what is different between 3–2 and 1 32 ? • Which is greater: 2–3 or 2–5? Explain your answer • If a–2 = 1 25 , what is the value of a? Explain how you know. • How else can you write a–4? • Explain why the value of a in a–1 cannot be equal to zero. H National Curriculum links • Use integer powers and associated real roots (square, cube and higher), recognise powers of 2, 3, 4, 5 and distinguish between exact representations of roots and their decimal approximations (KS3)",,"Year 10_14-15_Summer_Higher_Factors and powers_2_Powers, roots and negative indices",year-10__14-15__summer__higher__factors-and-powers__2__powers-roots-and-negative-indices,10,3,5,193,2
Year10SummerFoundationFactorsandpowers,Year 10,14-15,Summer,Foundation,5,Factors and powers,Factors and powers,1451,3,HCF and LCM,Updated May 2026,Updated May 2026,Year 10_14-15_Summer_Foundation_Factors and powers_3_HCF and LCM,year-10__14-15__summer__foundation__factors-and-powers__3__hcf-and-lcm,10,3,5,36,3
Year10SummerHigherFactorsandpowers,Year 10,14-15,Summer,Higher,5,Factors and powers,Factors and powers,1452,3,Fractional indices,"In this small step, students explore fractional indices. Some students may have previously covered this as an extend step in Year 8. Ensure students are fluent with square roots, cube roots and higher roots before introducing fractional indices using numerical bases. Develop understanding by reasoning from index laws, for example 9 1 2 × 9 1 2 = 91, and link this to 9 = 3 since 3 × 3 = 9. Use this to generalise that the denominator of a fractional index indicates the root. Once students are confident with unit fractional indices, introduce non-unit fractional indices, emphasising that the numerator represents a power applied after the root. Extend to fractional bases and negative fractional indices by linking back to negative indices as reciprocals. Misconceptions and common errors • Students may confuse the roles of the numerator and denominator, for example interpreting 64 3 2 as a cube root squared instead of a square root cubed. • Students may attempt to calculate a fraction of the base rather than taking the root and then applying the power. Year 10 | Summer term | Block 4 – Factors, powers and surds | Step 3 Mathematical talk • Explain why a 1 2 × a 1 2 = a1 • If 4 1 2 × 4 1 2 = 41, what is the value of 4 1 2 ? • What operation is a fractional power equivalent to? • What root is a power of a half/third equivalent to? Explain how you know. • How else can x 1 4 be written? • How can you generalise a rule for fractional indices? • If you know the value of x 1 3 , how can you find the value of – x 1 3? • What is the same and what is different about calculating 2 –3 64 and 3 –2 64 ? H National Curriculum links • Calculate with roots, and with integer {and fractional} indices",,Year 10_14-15_Summer_Higher_Factors and powers_3_Fractional indices,year-10__14-15__summer__higher__factors-and-powers__3__fractional-indices,10,3,5,193,3
Year10SummerFoundationFactorsandpowers,Year 10,14-15,Summer,Foundation,5,Factors and powers,Factors and powers,1453,4,Square and cube numbers,Updated May 2026,Updated May 2026,Year 10_14-15_Summer_Foundation_Factors and powers_4_Square and cube numbers,year-10__14-15__summer__foundation__factors-and-powers__4__square-and-cube-numbers,10,3,5,36,4
Year10SummerHigherFactorsandpowers,Year 10,14-15,Summer,Higher,5,Factors and powers,Factors and powers,1454,4,Four operations with surds,"In this small step, students work with all four operations involving surds. The focus is on adding/subtracting like surds and multiplying/dividing surds by surds/integers. At this stage, surds do not need to be simplified beyond an integer result. For example, 3 × 5 can remain as 15, while 4 × 4 simplifies to 4. This keeps the focus on structure rather than technique, with further surd simplification developed in the next step. When adding and subtracting, emphasise that only like surds can be combined, just as only like algebraic terms can be collected, for example, 3 2 + 5 2 = 8 2 but 2 + 3 cannot be simplified further. When multiplying, model that a × b æ ab and that multiplying by an integer scales the surd, for example a × b = a b. If students are secure, you may choose to combine this step with simplifying surds further. Misconceptions and common errors • Students may try to add or subtract surds with different bases, for example 2 + 3 • Students may multiply integers and surds incorrectly, for example writing 2 × 5 = 10 • Students may not recognise when the product of surds simplifies to an integer, such as 4 × 4 = 4 Year 10 | Summer term | Block 4 – Factors, powers and surds | Step 4 Mathematical talk • Are surds rational or irrational? • When we multiply/divide two surds, what happens to the numbers inside the square roots? • Explain why 4 × 4 is equivalent to 4 • Is a + a equivalent to 2a ? Why or why not? • Why does 2 × 3 not give an integer answer? • What stays the same and what changes when we multiply a surd by an integer? • Why can we not add surds with different bases, for example 2 + 3? • How is adding and subtracting surds similar to working with algebraic terms? H National Curriculum links • Simplify and manipulate algebraic expressions (including those involving surds) {and algebraic fractions} by: factorising quadratic expressions of the form x2 + bx + c, including the difference of two squares; {factorising quadratic expressions of the form ax2 + bx + c}; simplifying expressions involving sums, products and powers, including the laws of indices",,Year 10_14-15_Summer_Higher_Factors and powers_4_Four operations with surds,year-10__14-15__summer__higher__factors-and-powers__4__four-operations-with-surds,10,3,5,193,4
Year10SummerFoundationFactorsandpowers,Year 10,14-15,Summer,Foundation,5,Factors and powers,Factors and powers,1455,5,Powers and roots,Updated May 2026,Updated May 2026,Year 10_14-15_Summer_Foundation_Factors and powers_5_Powers and roots,year-10__14-15__summer__foundation__factors-and-powers__5__powers-and-roots,10,3,5,36,5
Year10SummerHigherFactorsandpowers,Year 10,14-15,Summer,Higher,5,Factors and powers,Factors and powers,1456,5,Simplify surds,"In this small step, students develop their understanding of surds by exploring how the number inside a square root affects how it can be simplified. Model how to simplify surds by rewriting the number inside the root as a product including a square factor, for example 18 = 9 × 2. Emphasise the importance of identifying a square factor as the result of square rooting a square number will be an integer. Highlight that it is often efficient to identify the greatest square factor to simplify a surd. If students cannot spot a square factor encourage the use of a factor tree to show the prime factorisation, for example 72 = 2 × 2 × 2 × 3 × 3 . Emphasise that this method relies on pairing equal factors to form a square number that can be square rooted. Once students are confident, extend this to other contexts such as area calculations or simplifying algebraic expressions. Misconceptions and common errors • Students may not fully simplify a surd, leaving a square factor inside the square root when more than one square factor is present. For example, 72 = 4 x 18 = 2 18 • Students may try to partition a surd using addition or subtraction, for example writing 18 = 9 + 9 Year 10 | Summer term | Block 4 – Factors, powers and surds | Step 5 Mathematical talk • Why does writing the number inside the square root as a product help us simplify a surd? • What does it mean for a surd to be fully simplified? • Which factor pair includes the greatest square factor? • How does a prime factor tree help us identify square factors? • How can we check that a surd cannot be simplified any further? • Why must we identify a square factor when simplifying a surd? • What happens if we try to take out a factor that is not a square number? • What are the factor pairs of ? • What are the prime factors of ? H National Curriculum links • Calculate exactly with fractions, {surds} and multiples of π; {simplify surd expressions involving squares [for example 12 = 4 × 3 = 4 × 3 = 2 3] and rationalise denominators}",,Year 10_14-15_Summer_Higher_Factors and powers_5_Simplify surds,year-10__14-15__summer__higher__factors-and-powers__5__simplify-surds,10,3,5,193,5
Year10SummerFoundationFactorsandpowers,Year 10,14-15,Summer,Foundation,5,Factors and powers,Factors and powers,1457,6,Negative indices,Updated May 2026,Updated May 2026,Year 10_14-15_Summer_Foundation_Factors and powers_6_Negative indices,year-10__14-15__summer__foundation__factors-and-powers__6__negative-indices,10,3,5,36,6
Year10SummerHigherFactorsandpowers,Year 10,14-15,Summer,Higher,5,Factors and powers,Factors and powers,1458,6,Expand single brackets with surds,"In this small step, students develop their understanding of surds by expanding and simplifying single brackets, such as a(b + c) and a( b + c). Remind students that surds behave like algebraic terms and that the distributive law applies. Model expansion by multiplying each term inside the bracket by the term outside, using bar models or area models to support understanding where appropriate. Emphasise that only like surds can be combined and that surds may need further simplification by taking out square factors, including simplifying to integers or to simpler surd forms. Once students are confident, they could be introduced to expanding and simplifying expressions involving two single brackets. Misconceptions and common errors • Students may try to combine surds and integers, for example 2 + 3 = 5 • Students may assume a × a æ a rather than a. • Students may not simplify surds fully after expansion, for example writing 2 + 12 rather than 2 + 2 3. Year 10 | Summer term | Block 4 – Factors, powers and surds | Step 6 Mathematical talk • What is the same and what is different about expanding 3(x + 5) and 3( 2 + 5)? • What is the same and what is different about multiplying 3 × a and 3 × 5? • When we multiply two surds, what happens to the values inside the square root? • Explain why 2 × 2 = 4 can be simplified to an integer but 2 × 5 = 10 cannot. • Explain why 2 3 + 5 2 cannot be simplified. • What makes two surds “like surds”? Give an example. • Explain how you know when an expression with surds is fully simplified. H National Curriculum links • Simplify and manipulate algebraic expressions (including those involving surds) {and algebraic fractions} by: factorising quadratic expressions of the form x2 + bx + c, including the difference of two squares; {factorising quadratic expressions of the form ax2 + bx + c}; simplifying expressions involving sums, products and powers, including the laws of indices",,Year 10_14-15_Summer_Higher_Factors and powers_6_Expand single brackets with surds,year-10__14-15__summer__higher__factors-and-powers__6__expand-single-brackets-with-surds,10,3,5,193,6
Year10SummerFoundationFactorsandpowers,Year 10,14-15,Summer,Foundation,5,Factors and powers,Factors and powers,1459,7,Irrational numbers and surds,Updated May 2026,Updated May 2026,Year 10_14-15_Summer_Foundation_Factors and powers_7_Irrational numbers and surds,year-10__14-15__summer__foundation__factors-and-powers__7__irrational-numbers-and-surds,10,3,5,36,7
Year10SummerHigherFactorsandpowers,Year 10,14-15,Summer,Higher,5,Factors and powers,Factors and powers,1460,7,Rationalise the denominator,"In this small step, students rationalise denominators that contain a single surd, building on their understanding of surds and rational numbers. Model the process by multiplying the numerator and denominator by the same surd so that the denominator becomes a rational number. For example, when the denominator is 2, multiply both the numerator and denominator by 2 so the denominator becomes 2. Emphasise that the value of the fraction does not change, only its form. Remind students to simplify the resulting fraction fully, including simplifying surds by considering square factors where possible. Keep the focus on single-term denominators such as 3 or 3 5. Rationalising denominators containing binomials will be covered later in the block. Misconceptions and common errors • Students may multiply only the denominator by the surd instead of multiplying both the numerator and denominator. • Students may think the value of the fraction changes when rationalising the denominator, rather than staying equivalent. • Students may not simplify fully after rationalising, including simplifying any surds or cancelling common factors. Year 10 | Summer term | Block 4 – Factors, powers and surds | Step 7 Mathematical talk • What does it mean for a denominator to be rational? • Why might it be useful to remove a surd from the denominator? • Does rationalising the denominator change the value of the fraction? Explain how you know. • How is rationalising the denominator similar to forming an equivalent fraction? • What is the product of a × a? • If the denominator is 2, what could we multiply by to make it rational? Why does this work? • Why must we multiply the numerator and the denominator by the same value? • How do we know if a fraction is fully simplified? H National Curriculum links • Calculate exactly with fractions, {surds} and multiples of π; {simplify surd expressions involving squares [for example 12 = 4 × 3 = 4 × 3 = 2 3] and rationalise denominators}",,Year 10_14-15_Summer_Higher_Factors and powers_7_Rationalise the denominator,year-10__14-15__summer__higher__factors-and-powers__7__rationalise-the-denominator,10,3,5,193,7
Year10SummerFoundationFactorsandpowers,Year 10,14-15,Summer,Foundation,5,Factors and powers,Factors and powers,1461,8,Simplify expressions with surds (E),Updated May 2026,Updated May 2026,Year 10_14-15_Summer_Foundation_Factors and powers_8_Simplify expressions with surds (E),year-10__14-15__summer__foundation__factors-and-powers__8__simplify-expressions-with-surds-e,10,3,5,36,8
Year10SummerHigherFactorsandpowers,Year 10,14-15,Summer,Higher,5,Factors and powers,Factors and powers,1462,8,Expand double brackets with surds,"In this small step, students extend their understanding of expanding single brackets with surds to expanding and simplifying double brackets. Model expansion by multiplying each term in the first bracket by each term in the second bracket, making all four products explicit. Area or grid models can help students see the structure and avoid missing terms. When simplifying after expansion, remind students that only like surds can be combined, and that surds may need further simplification by taking out square factors. This may lead to integer results or simpler surd forms. Once students are confident, they can be challenged with more complex expressions in the form (a + b c)(d + e c). Misconceptions and common errors • Students may only multiply the first and last terms in each brackets, for example writing ( 2 + 3)( 2 + 5) = 2 + 15 = 17 • Students may incorrectly simplify expressions, for example 10 + 5 2 + 2 + 2 = 19 • Students may not simplify products of surds where possible after expansion or may not realise it is possible for the final answer to be an integer. Year 10 | Summer term | Block 4 – Factors, powers and surds | Step 8 Mathematical talk • What is the same and what is different about expanding (x + 2)(x + 5) and ( x + 2)( x + 5)? • When we multiply two surds, what happens to the numbers inside the square root? Explain your answer. • Explain why 3 × 3 = 9 can be simplified, but 2 × 5 = 10 cannot be simplified further. • What do you notice when (a + b)(a – b) is expanded and simplified? Why do the surd terms cancel when simplifying? • What is the difference between simplifying a × a and simplifying a + a? • Can any of the surds in the resulting expansion be simplified further? Why or why not? H National Curriculum links • Simplify and manipulate algebraic expressions (including those involving surds) {and algebraic fractions} by: factorising quadratic expressions of the form x2 + bx + c, including the difference of two squares; {factorising quadratic expressions of the form ax2 + bx + c}; simplifying expressions involving sums, products and powers, including the laws of indices",,Year 10_14-15_Summer_Higher_Factors and powers_8_Expand double brackets with surds,year-10__14-15__summer__higher__factors-and-powers__8__expand-double-brackets-with-surds,10,3,5,193,8
Year10SummerFoundationFactorsandpowers,Year 10,14-15,Summer,Foundation,5,Factors and powers,Factors and powers,1463,9,Expand brackets with surds (E),"In this extend step, students develop their understanding of surds by expanding and simplifying single brackets involving surds. Begin with expanding single brackets and remind students that surds behave like algebraic terms and that the distributive law applies. Model expansion by multiplying each term inside the bracket by the term outside, using bar models or area models to support understanding. Once confident, students could be introduced to expanding and simplifying double brackets. Emphasise that only like surds can be combined. At this stage, avoid simplifying surds by factorising square factors, and instead focus on products that simplify directly to integers, such as 4 × 4 = 4 Misconceptions and common errors • Students may try to combine unlike surds after expansion, for example trying to simplify 2 + 3 • Students may assume a × a = a rather than a. • Students may multiply the integer and the surd incorrectly, for example writing 2 × 5 = 10 Year 10 | Summer term | Block 4 – Factors, powers and surds | Step 9 Mathematical talk • What is the same and what is different about expanding 3(x + 5) and 3( 2 + 5)? • What is the same and what is different about multiplying 3 × a and 3 × 5? • When we multiply two surds, what happens to the values inside the square root? • Explain why 2 × 2 = 4 can be simplified to an integer but 2 × 5 = 10 cannot. • Explain why 2 3 + 5 2 cannot be simplified. • What makes two surds “like surds”? Give an example. • Explain how you know when an expression with surds is fully simplified. F National Curriculum links • Simplify and manipulate algebraic expressions (including those involving surds) by: factorising quadratic expressions of the form x2 + bx + c, including the difference of two squares; simplifying expressions involving sums, products and powers, including the laws of indices E",,Year 10_14-15_Summer_Foundation_Factors and powers_9_Expand brackets with surds (E),year-10__14-15__summer__foundation__factors-and-powers__9__expand-brackets-with-surds-e,10,3,5,36,9
Year10SummerHigherFactorsandpowers,Year 10,14-15,Summer,Higher,5,Factors and powers,Factors and powers,1464,9,Rationalise the denominator with more complex denominators (E),"In this extend step, students will rationalise denominators with binomial expressions e.g. 1 + 5 2 Draw attention to the structure (a + b)(a – b), and highlight that this is a difference of two squares, simplifying to a2 – b, where the result will be an integer. Students will use this understanding to rationalise the denominator of a fraction, by multiplying both the numerator and denominator by the conjugate of the denominator. Emphasise that this is equivalent to multiplying by 1, so the value of the fraction does not change. Begin with examples such as 1 5 2 – where the denominator can be simplified to a positive integer, before moving on to more complex fractions such as 3 1 5 – where the denominator simplifies to a negative integer or 1 3 7 3 + + where the numerator has two terms. Misconceptions and common errors • Students may only multiply the denominator by the conjugate, changing the value of the fraction. • Students may multiply by the same denominator rather than the conjugate. Year 10 | Summer term | Block 4 – Factors, powers and surds | Step 9 Mathematical talk • What is the same and what is different about 1 b and 1 + a b ? • If the denominator has two terms, how can we use the fact that (a + b)(a – b) æ a2 – b to remove the surd from the denominator? • Why must we multiply the numerator and the denominator by the same expression? • How can we check that the value of the expression has not changed? • Why does the denominator simplify to an integer, or a rational number, in this method? • After rationalising the denominator, what further simplification might still be needed? H E National Curriculum links • Calculate exactly with fractions, {surds} and multiples of π; {simplify surd expressions involving squares [for example 12 = 4 × 3 = 4 × 3 = 2 3] and rationalise denominators}",,Year 10_14-15_Summer_Higher_Factors and powers_9_Rationalise the denominator with more complex denominators (E),year-10__14-15__summer__higher__factors-and-powers__9__rationalise-the-denominator-with-more-complex-denominators-e,10,3,5,193,9
Year10SummerHigherFactorsandpowers,Year 10,14-15,Summer,Higher,5,Factors and powers,Factors and powers,1465,10,Solve problems with surds,"In this small step, students apply their knowledge of surds in a range of contexts, including area and perimeter, calculations with exact values, and solving equations. Emphasise that surds often arise from square roots in geometry and that surd form gives an exact answer. Support students to identify the structure of each problem before trying to solve them. Encourage them to annotate the problem and write down any relevant formulas. Show how to break multi-step problems into smaller steps and keep expressions in surd form until the final stage, using prompts such as “What do I know?”, “What can I work out?” and “What is the context of the question?”. Misconceptions and common errors • Students may struggle to write surds in a specified form. • Students may square surds incorrectly when they appear in an area calculation or equation. • Students may struggle to identify the relevant formula or prior topic needed to solve the problem. Year 10 | Summer term | Block 4 – Factors, powers and surds | Step 10 Mathematical talk • What do we know and what can we work out? • What formula or prior knowledge might be useful? • What is the problem asking you to find? • How can we check the answer? Does your answer make sense for the context? • How can we break this problem into smaller steps? • What should we calculate first and why? • Can any terms be simplified or combined? H National Curriculum links • Calculate exactly with fractions, {surds} and multiples of π; {simplify surd expressions involving squares [for example 12 = 4 × 3 = 4 × 3 = 2 3] and rationalise denominators}",,Year 10_14-15_Summer_Higher_Factors and powers_10_Solve problems with surds,year-10__14-15__summer__higher__factors-and-powers__10__solve-problems-with-surds,10,3,5,193,10
Year10SummerFoundationPythagoras’theoremandtrigonometry,Year 10,14-15,Summer,Foundation,6,Pythagoras’ theorem and trigonometry,Pythagoras’ theorem and trigonometry,1466,1,Pythagoras’ theorem (find the hypotenuse),Updated May 2026,Updated May 2026,Year 10_14-15_Summer_Foundation_Pythagoras’ theorem and trigonometry_1_Pythagoras’ theorem (find the hypotenuse),year-10__14-15__summer__foundation__pythagoras-theorem-and-trigonometry__1__pythagoras-theorem-find-the-hypotenuse,10,3,6,37,1
Year10SummerFoundationPythagoras’theoremandtrigonometry,Year 10,14-15,Summer,Foundation,6,Pythagoras’ theorem and trigonometry,Pythagoras’ theorem and trigonometry,1467,2,Pythagoras’ theorem (find any side)​,Updated May 2026,Updated May 2026,Year 10_14-15_Summer_Foundation_Pythagoras’ theorem and trigonometry_2_Pythagoras’ theorem (find any side)​,year-10__14-15__summer__foundation__pythagoras-theorem-and-trigonometry__2__pythagoras-theorem-find-any-side,10,3,6,37,2
Year10SummerFoundationPythagoras’theoremandtrigonometry,Year 10,14-15,Summer,Foundation,6,Pythagoras’ theorem and trigonometry,Pythagoras’ theorem and trigonometry,1468,3,"Identify hypotenuse, opposite and adjacent sides​",Updated May 2026,Updated May 2026,"Year 10_14-15_Summer_Foundation_Pythagoras’ theorem and trigonometry_3_Identify hypotenuse, opposite and adjacent sides​",year-10__14-15__summer__foundation__pythagoras-theorem-and-trigonometry__3__identify-hypotenuse-opposite-and-adjacent-sides,10,3,6,37,3
Year10SummerFoundationPythagoras’theoremandtrigonometry,Year 10,14-15,Summer,Foundation,6,Pythagoras’ theorem and trigonometry,Pythagoras’ theorem and trigonometry,1469,4,Ratios in right-angled triangles,Updated May 2026,Updated May 2026,Year 10_14-15_Summer_Foundation_Pythagoras’ theorem and trigonometry_4_Ratios in right-angled triangles,year-10__14-15__summer__foundation__pythagoras-theorem-and-trigonometry__4__ratios-in-right-angled-triangles,10,3,6,37,4
Year10SummerFoundationPythagoras’theoremandtrigonometry,Year 10,14-15,Summer,Foundation,6,Pythagoras’ theorem and trigonometry,Pythagoras’ theorem and trigonometry,1470,5,Use the tangent ratio to find an unknown side length,Updated May 2026,Updated May 2026,Year 10_14-15_Summer_Foundation_Pythagoras’ theorem and trigonometry_5_Use the tangent ratio to find an unknown side length,year-10__14-15__summer__foundation__pythagoras-theorem-and-trigonometry__5__use-the-tangent-ratio-to-find-an-unknown-side-length,10,3,6,37,5
Year10SummerFoundationPythagoras’theoremandtrigonometry,Year 10,14-15,Summer,Foundation,6,Pythagoras’ theorem and trigonometry,Pythagoras’ theorem and trigonometry,1471,6,Use the sine and cosine ratio to find an unknown side length,Updated May 2026,Updated May 2026,Year 10_14-15_Summer_Foundation_Pythagoras’ theorem and trigonometry_6_Use the sine and cosine ratio to find an unknown side length,year-10__14-15__summer__foundation__pythagoras-theorem-and-trigonometry__6__use-the-sine-and-cosine-ratio-to-find-an-unknown-side-length,10,3,6,37,6
Year10SummerFoundationPythagoras’theoremandtrigonometry,Year 10,14-15,Summer,Foundation,6,Pythagoras’ theorem and trigonometry,Pythagoras’ theorem and trigonometry,1472,7,Use trigonometric ratios to find an unknown side length,Updated May 2026,Updated May 2026,Year 10_14-15_Summer_Foundation_Pythagoras’ theorem and trigonometry_7_Use trigonometric ratios to find an unknown side length,year-10__14-15__summer__foundation__pythagoras-theorem-and-trigonometry__7__use-trigonometric-ratios-to-find-an-unknown-side-length,10,3,6,37,7
Year10SummerFoundationPythagoras’theoremandtrigonometry,Year 10,14-15,Summer,Foundation,6,Pythagoras’ theorem and trigonometry,Pythagoras’ theorem and trigonometry,1473,8,Use trigonometric ratios to find an unknown angle,Updated May 2026,Updated May 2026,Year 10_14-15_Summer_Foundation_Pythagoras’ theorem and trigonometry_8_Use trigonometric ratios to find an unknown angle,year-10__14-15__summer__foundation__pythagoras-theorem-and-trigonometry__8__use-trigonometric-ratios-to-find-an-unknown-angle,10,3,6,37,8
Year10SummerFoundationSimultaneousequations,Year 10,14-15,Summer,Foundation,7,Simultaneous equations,Simultaneous equations,1475,1,Use one value to find another,Updated May 2026,Updated May 2026,Year 10_14-15_Summer_Foundation_Simultaneous equations_1_Use one value to find another,year-10__14-15__summer__foundation__simultaneous-equations__1__use-one-value-to-find-another,10,3,7,38,1
Year10SummerFoundationSimultaneousequations,Year 10,14-15,Summer,Foundation,7,Simultaneous equations,Simultaneous equations,1476,2,Introduction to simultaneous equations,Updated May 2026,Updated May 2026,Year 10_14-15_Summer_Foundation_Simultaneous equations_2_Introduction to simultaneous equations,year-10__14-15__summer__foundation__simultaneous-equations__2__introduction-to-simultaneous-equations,10,3,7,38,2
Year10SummerFoundationSimultaneousequations,Year 10,14-15,Summer,Foundation,7,Simultaneous equations,Simultaneous equations,1477,3,Solve simultaneous equations​ using graphs,Updated May 2026,Updated May 2026,Year 10_14-15_Summer_Foundation_Simultaneous equations_3_Solve simultaneous equations​ using graphs,year-10__14-15__summer__foundation__simultaneous-equations__3__solve-simultaneous-equations-using-graphs,10,3,7,38,3
Year10SummerFoundationSimultaneousequations,Year 10,14-15,Summer,Foundation,7,Simultaneous equations,Simultaneous equations,1478,4,Solve simultaneous equations (no adjustments),Updated May 2026,Updated May 2026,Year 10_14-15_Summer_Foundation_Simultaneous equations_4_Solve simultaneous equations (no adjustments),year-10__14-15__summer__foundation__simultaneous-equations__4__solve-simultaneous-equations-no-adjustments,10,3,7,38,4
Year10SummerFoundationSimultaneousequations,Year 10,14-15,Summer,Foundation,7,Simultaneous equations,Simultaneous equations,1479,5,Manipulating equations,Updated May 2026,Updated May 2026,Year 10_14-15_Summer_Foundation_Simultaneous equations_5_Manipulating equations,year-10__14-15__summer__foundation__simultaneous-equations__5__manipulating-equations,10,3,7,38,5
Year10SummerFoundationSimultaneousequations,Year 10,14-15,Summer,Foundation,7,Simultaneous equations,Simultaneous equations,1480,6,Solve simultaneous equations (adjust one),Updated May 2026,Updated May 2026,Year 10_14-15_Summer_Foundation_Simultaneous equations_6_Solve simultaneous equations (adjust one),year-10__14-15__summer__foundation__simultaneous-equations__6__solve-simultaneous-equations-adjust-one,10,3,7,38,6
Year10SummerFoundationSimultaneousequations,Year 10,14-15,Summer,Foundation,7,Simultaneous equations,Simultaneous equations,1481,7,Solve simultaneous equations (adjust both) (E),Updated May 2026,Updated May 2026,Year 10_14-15_Summer_Foundation_Simultaneous equations_7_Solve simultaneous equations (adjust both) (E),year-10__14-15__summer__foundation__simultaneous-equations__7__solve-simultaneous-equations-adjust-both-e,10,3,7,38,7
Year10SummerFoundationSimultaneousequations,Year 10,14-15,Summer,Foundation,7,Simultaneous equations,Simultaneous equations,1482,8,Solve simultaneous equations by substitution (E),Updated May 2026,Updated May 2026,Year 10_14-15_Summer_Foundation_Simultaneous equations_8_Solve simultaneous equations by substitution (E),year-10__14-15__summer__foundation__simultaneous-equations__8__solve-simultaneous-equations-by-substitution-e,10,3,7,38,8
