year,term,block,difficulty,topic,sub_topic,small_step_num_in_topic,small_step_name,ss_wr_desc_extracted,source_pdf_path,source_pdf_name,source_pdf_hash,extraction_confidence,match_method,is_duplicate_candidate,needs_manual_review,review_notes,small_step_id,small_step_key,topic_normalized
Year 7,Summer,1,,Time,Speed distance and time,1,"Convert between milliseconds, seconds, minutes and hours","In this small step, students convert between different units of time and extend this to fractional amounts of time. Remind students of common facts, such as 1 minute = 60 seconds and 1 2 hour = 30 minutes. Bar models are a useful representation to highlight the calculations necessary to complete conversions. Once students are confident converting between minutes, hours and seconds, explore conversions between seconds and milliseconds, highlighting the fact that 1 second = 1000 milliseconds. Students could be introduced to functions on a calculator to help convert units of time. Misconceptions and common errors • Students may use the wrong operation to complete a conversion, for example multiplying by 60 rather than dividing, or vice versa. • Students may assume that all time conversions involve multiplying or dividing by 60 • Students may misinterpret the hours as decimals, for example 2.25 hours = 2 hours 25 minutes, rather than 2 hours 15 minutes. Year 7 | Summer term | Block 1 – Speed, distance and time | Step 1 National Curriculum links • Use standard units of mass, length, time, money and other measures, including with decimal quantities • Change freely between related standard units [for example, time, length, area, volume/capacity, mass] Mathematical talk • How many minutes are there in 1/2/4.5 hour(s)? • How many hours are there in 90/150 minutes? • Is the same type of calculation used to convert 3 hours to minutes and to convert 3 minutes to seconds? Explain how you know. • Does 1.35 hours equal 1 hour and 35 minutes? Explain how you know. • What is the same and what is different about converting hours to minutes and minutes to seconds? • Which is longer, 2500 milliseconds or 2 seconds? How do you know? • Why might milliseconds be important in a swimming or running race?",WR_PDF/Year 7/y7_summer_backfill/WRE Maths v3 Y7 SUM B1 SOL - Speed distance and time .pdf,WRE Maths v3 Y7 SUM B1 SOL - Speed distance and time .pdf,,high,,False,False,,,,time
Year 7,Summer,1,,Time,Speed distance and time,2,"Convert between hours, days, months and years","In this small step, students build on the previous step to convert between different units of time. Students may already be familiar with some conversion facts from Key Stage 2, such as 1 day = 24 hours and 1 year = 12 months. As with the previous step, bar models are a useful representation to highlight the calculations necessary to complete the conversions. Students could use conversion facts to solve problems in context, for example working out the daily cost of a project based on the number of hours. Calculators could be used throughout this step to support students and reduce cognitive load. Misconceptions and common errors • Students may use the wrong operation to complete a conversion, for example multiplying by 24 rather than dividing, or vice versa. • Students may assume that all time conversions involve multiplying or dividing by 60 Year 7 | Summer term | Block 1 – Speed, distance and time | Step 2 National Curriculum links • Use standard units of mass, length, time, money and other measures, including with decimal quantities • Change freely between related standard units [for example, time, length, area, volume/capacity, mass] Mathematical talk • How many hours are there in 1 day? • How could you work out the number of hours in 3 days? • How many months are there in 1 year? • How could you work out the number of months in 8 years? • If someone sleeps 8 hours each night, how many hours do they sleep in a week? • Are all months the same length? How does this affect your calculations when working out how many days there are in 3 months? • Are there exactly 365 days in 1 year? Explain how you know. • When might years not be a useful unit to measure time?",WR_PDF/Year 7/y7_summer_backfill/WRE Maths v3 Y7 SUM B1 SOL - Speed distance and time .pdf,WRE Maths v3 Y7 SUM B1 SOL - Speed distance and time .pdf,,high,,False,False,,,,time
Year 7,Summer,1,,Time,Speed distance and time,3,Solve problems with tables and timetables,"In this small step, students interpret information from tables and timetables. Before introducing timetables, ensure that students can calculate with time, for example working out the elapsed time between 9:55 am and 11:17 am. If appropriate, number lines could be used to model these calculations. Students also interpret information from two-way tables. Once they can interpret tables and timetables, introduce more complex problems, for example calculating the total distance of a multi-part journey using information represented in a table. Misconceptions and common errors • Students may make errors when calculating with time. For example, when finding the difference between 2:25 pm and 5:15 pm, they may find the difference between the hours and minutes separately, getting the answer 3 hours 10 minutes, rather than considering how time passes on a clock. Year 7 | Summer term | Block 1 – Speed, distance and time | Step 3 National Curriculum links • Use standard units of mass, length, time, money and other measures, including with decimal quantities • Construct and interpret appropriate tables, charts, and diagrams, including frequency tables, bar charts, pie charts, and pictograms for categorical data, and vertical line (or bar) charts for ungrouped and grouped numerical data Mathematical talk • What is the total value of each row? • What is the total value of each column? • Describe what each cell in the table represents. • How long will it take to travel from to ? • What is the distance between and ? • Are there any patterns in the table? Describe any patterns you can see. • Which two cells could you compare to find the shortest route/ travel time/distance? • When is a two-way table a useful representation? Explain your answer. • Is there another way to represent the information? Explain your answer.",WR_PDF/Year 7/y7_summer_backfill/WRE Maths v3 Y7 SUM B1 SOL - Speed distance and time .pdf,WRE Maths v3 Y7 SUM B1 SOL - Speed distance and time .pdf,,high,,False,False,,,,time
Year 7,Summer,1,,Time,Speed distance and time,4,Solve problems with time and the calendar,"In this small step, students explore and interpret calendars. Remind students of key facts, such as which months have 30 or 31 days, which month has 28 or 29 days and approximately how many weeks there are in a year. Encourage efficient strategies for using a calendar, for example counting complete rows or using known facts about weeks and days to work out the time between two dates. Draw attention to how public holidays can affect planning. Presenting problems in everyday contexts, such as planning an event, working out term dates or counting days until a birthday, can help students to see the practical importance of understanding calendars and managing time effectively. Misconceptions and common errors • Some students may assume that all months have the same number of days. • Students may assume that there are exactly 4 weeks in a month. • Students may forget that February can have 28 or 29 days, depending on whether it is a leap year. • Students may be confused over whether to include both the start and end dates. Year 7 | Summer term | Block 1 – Speed, distance and time | Step 4 National Curriculum links • Construct and interpret appropriate tables, charts, and diagrams, including frequency tables, bar charts, pie charts, and pictograms for categorical data, and vertical line (or bar) charts for ungrouped and grouped numerical data Mathematical talk • How many days are there in the month of ? • How many Saturdays are there in the month of this year? • Does every month always have four Mondays? Explain how you know. • How would you work out the date 2 weeks after 27 May? • How would you work out the date 2 weeks after 27 June? • Are there exactly 365 days in a year? Explain how you know. • How could you check whether a year is a leap year? • How could you work out how many school days are left in this term?",WR_PDF/Year 7/y7_summer_backfill/WRE Maths v3 Y7 SUM B1 SOL - Speed distance and time .pdf,WRE Maths v3 Y7 SUM B1 SOL - Speed distance and time .pdf,,high,,False,False,,,,time
Year 7,Summer,1,,Time,Speed distance and time,5,Calculate speed,"In this small step, students explore the relationship between speed, distance and time, with the emphasis on understanding the meaning of speed, rather than using a formula. Highlight the meaning of compound units used to denote speed, for example 40 mph for “40 miles travelled for every hour”, as this emphasises the meaning of “per” and why speed is described as a rate. Representations such as double number lines, bar models and ratio tables can be useful to highlight direct proportional relationships when calculating speed. Discuss why contextual problems use the term “average speed”, rather than “speed”. Misconceptions and common errors • Some students may calculate speed incorrectly, for example dividing time by distance rather than distance by time. • Students may incorrectly convert time into decimals, for example calculating 2 hours 30 minutes as 2.3 instead of 2.5 • Students may forget to convert between units, for example using miles and minutes instead of miles and hours. • Students may forget to state the units or use incorrect units. Year 7 | Summer term | Block 1 – Speed, distance and time | Step 5 National Curriculum links • Use standard units of mass, length, time, money and other measures, including with decimal quantities • Use compound units such as speed, unit pricing and density to solve problems Mathematical talk • If a car travels at 30 mph, how far will it travel in 1 hour? How far will the car travel in 2 hours/30 minutes/10 minutes? • What information do you need to calculate the average speed? • Why is speed known as a compound measure? • Which is faster, 10 km/h or 10 mph? Explain how you know. • If a speed is given in mph, what are the units of the distance and what are the units of the time? • Why is the term “average speed” used instead of just “speed”? • What is the formula to calculate speed? • Explain how to convert 2 hours and 15 minutes into hours.",WR_PDF/Year 7/y7_summer_backfill/WRE Maths v3 Y7 SUM B1 SOL - Speed distance and time .pdf,WRE Maths v3 Y7 SUM B1 SOL - Speed distance and time .pdf,,high,,False,False,,,,time
Year 7,Summer,1,,Time,Speed distance and time,6,Calculate time and distance,"In this small step, students build on their learning on speed, calculating the time taken or the distance travelled. Start by exploring time and distance separately, to develop confidence and to allow opportunities to address misconceptions or common errors that may arise. Visual representations such as bar models, double number lines and ratio tables could be used to explore the relationships between speed, distance and time. Students should work with a range of contexts, where they need to select appropriate strategies and calculations to solve problems accurately and efficiently. Misconceptions and common errors • Students may convert times incorrectly, for example writing 1.3 hours as 1 hour 30 minutes. • Students may incorrectly interpret recurring decimals, for example 2.3˙ hours as 2.3 hours or 2 hours 18 minutes, rather than 2 hours 20 minutes. • Students may forget to state the unit of their answer or use incorrect units. Year 7 | Summer term | Block 1 – Speed, distance and time | Step 6 National Curriculum links • Use standard units of mass, length, time, money and other measures, including with decimal quantities • Use compound units such as speed, unit pricing and density to solve problems Mathematical talk • What does “average speed” mean? • If the speed is given in miles per hour, what are the units of the distance and the units of the time? • Explain how you could write 2.4 hours in hours and minutes. • If the speed of a car remains the same and the distance covered doubles, what effect does this have on the time taken? • If the speed of a car remains the same and the time taken doubles, what effect does this have on the distance covered? • When might a vehicle not travel at a constant speed? How would that affect your calculation? • In what everyday situations might you need to work out average speed?",WR_PDF/Year 7/y7_summer_backfill/WRE Maths v3 Y7 SUM B1 SOL - Speed distance and time .pdf,WRE Maths v3 Y7 SUM B1 SOL - Speed distance and time .pdf,,high,,False,False,,,,time
Year 7,Summer,1,,Time,Speed distance and time,7,"Solve problems with speed, distance and time","In this small step, students solve problems involving speed, distance and time, building on and consolidating their understanding from the previous steps. Where appropriate, start with problems that have integer answers to build confidence before exploring more complex problems. Encourage students to focus on understanding the context of a problem by looking at the units given. For example, a speed in mph can be calculated by dividing the number of miles (distance) by the time. Students can also be introduced to formulae, such as speed = distance time , and practise substituting values into the formula. Encourage the use of calculators throughout to support accuracy. Misconceptions and common errors • Students may use an incorrect operation to solve a problem, such as calculating speed ÷ time to work out distance. • Students may incorrectly convert units of time, for example converting 3 hours 15 minutes to 3.15 hours. • Students may assume that time is always in hours when it may be given in minutes or seconds. • Students may forget to convert between units, for example using miles and minutes instead of miles and hours. Year 7 | Summer term | Block 1 – Speed, distance and time | Step 7 National Curriculum links • Use standard units of mass, length, time, money and other measures, including with decimal quantities • Use compound units such as speed, unit pricing and density to solve problems Mathematical talk • How many minutes are there in 1.25 hours? • How many hours and minutes are there in 2.4 hours? • What fraction of an hour is 45 minutes? What is this as a decimal? • What does “constant speed” mean? • If you know the speed and the distance, how can you work out the time taken? • If you know the average speed and time taken, how can you work out the total distance travelled? • If you know the time taken and the distance, how can you work out the average speed?",WR_PDF/Year 7/y7_summer_backfill/WRE Maths v3 Y7 SUM B1 SOL - Speed distance and time .pdf,WRE Maths v3 Y7 SUM B1 SOL - Speed distance and time .pdf,,high,,False,False,,,,time
Year 7,Summer,1,,Time,Speed distance and time,8,Interpret distance-time graphs,"In this small step, students interpret journeys represented on distance–time graphs. Explain that the horizontal axis of a distance–time graph represents time and the vertical axis represents distance. Highlight the key features of distance–time graphs, such as diagonal line segments indicating motion and horizontal line segments representing when an object is stationary. Students should also understand that when a graph begins and ends at the horizontal axis, the journey represented is a return journey. Ensure that distance–time graphs are presented with different scales, for example altering the number of intervals used on the time axis so that 1 unit represents 20 minutes rather than 30 minutes. Misconceptions and common errors • Students may assume that a horizontal line means that an object is moving at a constant speed. • Students may misinterpret the scale of one axis/both axes. • Students may interpret a line segment with a negative gradient as representing a downhill journey. Year 7 | Summer term | Block 1 – Speed, distance and time | Step 8 National Curriculum links • Use compound units such as speed, unit pricing and density to solve problems • Model situations or procedures by translating them into algebraic expressions or formulae and by using graphs • Interpret mathematical relationships both algebraically and graphically Mathematical talk • What does the horizontal axis on a distance–time graph show? • What does a horizontal line segment represent? • Why is it important to include units on both the distance and the time axes? • How do you know when a distance–time graph represents a return journey? • Is the total distance travelled on a distance–time graph always the highest value the graph reaches on the vertical axis? Explain how you know. • What does a diagonal line on a distance–time graph tell you about the speed of a journey? • Which part(s) of the graph show when was moving? • Which part(s) of the graph show when was stationary?",WR_PDF/Year 7/y7_summer_backfill/WRE Maths v3 Y7 SUM B1 SOL - Speed distance and time .pdf,WRE Maths v3 Y7 SUM B1 SOL - Speed distance and time .pdf,,high,,False,False,,,,time
Year 7,Summer,1,,Time,Speed distance and time,9,Draw distance-time graphs,"In this small step, students build on their understanding from the previous step to draw distance–time graphs. Remind students of the key features of a distance–time graph, such as diagonal line segments indicating motion and horizontal lines representing when an object is stationary. Students may need support to interpret some scales. For example, if a time of 1 hour is split into six equal intervals, each interval represents one-sixth of an hour or 10 minutes. Provide students with partially complete distance–time graphs and ensure that they understand how return journeys and non-return journeys differ on a distance–time graph. Misconceptions and common errors • Students may misinterpret or use inconsistent scales on one axis/both axes. • Students may mix the axes up, putting time on the vertical axis and distance on the horizontal axis. • Students may forget to include a horizontal line segment to represent a rest or break. • Students may only draw the outward journey and not the return journey. Year 7 | Summer term | Block 1 – Speed, distance and time | Step 9 National Curriculum links • Use compound units such as speed, unit pricing and density to solve problems • Model situations or procedures by translating them into algebraic expressions or formulae and by using graphs • Interpret mathematical relationships both algebraically and graphically Mathematical talk • How do you represent moving at a constant speed on a distance–time graph? • How do you represent a stationary part of a journey on a distance–time graph? • Why is it important to use an equal scale on both axes when drawing the graph? • What is the same and what is different about how return journeys and non-return journeys are represented on distance–time graphs? • Is it possible to have a vertical line on a distance–time graph? Explain your answer. • How can you check if the graph that you have drawn matches the journey described in words?",WR_PDF/Year 7/y7_summer_backfill/WRE Maths v3 Y7 SUM B1 SOL - Speed distance and time .pdf,WRE Maths v3 Y7 SUM B1 SOL - Speed distance and time .pdf,,high,,False,False,,,,time
Year 7,Summer,1,,Time,Speed distance and time,10,Calculate speed from a distance-time graph  E,"In this extend step, students interpret speed from a distance–time graph. Remind students that speed can be calculated by dividing the distance travelled by the time taken and model how to retrieve this information from a distance–time graph. Although students will not be formally introduced to the concept of gradient until Year 8, discussions about how the steepness of a line segment relates to the speed could take place. If appropriate, students could also draw distance–time graphs from given information about the speed of part of a journey. Misconceptions and common errors • Students may complete calculations for speed incorrectly, for example dividing the time by the distance, rather than the distance by the time. • Students may misinterpret the time or distance represented by a line segment, which may lead to calculating the average speed for an entire journey, rather than the average speed represented by a line segment. Year 7 | Summer term | Block 1 – Speed, distance and time | Step 10 National Curriculum links • Use compound units such as speed, unit pricing and density to solve problems • Model situations or procedures by translating them into algebraic expressions or formulae and by using graphs • Interpret mathematical relationships both algebraically and graphically Mathematical talk • How can you calculate the average speed of a journey? • What information do you need to calculate the average speed of a journey from a distance–time graph? • Without calculating, how could you decide which part of a journey is the fastest? • What is the average speed represented by a horizontal line segment? • How can you calculate the speed from a line segment? • What is the difference between the average speed of the entire journey and the average speed when moving? • How could you calculate the average speed of a return journey? E",WR_PDF/Year 7/y7_summer_backfill/WRE Maths v3 Y7 SUM B1 SOL - Speed distance and time .pdf,WRE Maths v3 Y7 SUM B1 SOL - Speed distance and time .pdf,,high,,False,False,,,,time
Year 7,Summer,2,,Properties of,Properties of numbers,1,Multiples,"In this small step, students identify and list multiples, building on their understanding from Key Stage 2 It is beneficial to link multiples to students’ existing knowledge of times-tables. Emphasise that a multiple of a number is the result of multiplying that number by an integer. For example, 5, 7.5 and 10 are all multiples of 2.5. However, 2.5 is not a multiple of 2. These examples can help students to understand that multiples can also come from non-integer values. Once they are confident, students should use division to check if a number is a multiple of another. If appropriate, challenge students to apply their knowledge of multiples to algebraic expressions, enabling them to determine if expressions are multiples of a value. Misconceptions and common errors • Students may confuse factors and multiples. • Students may believe that multiples cannot take non-integer values. • Students may assume that algebraic expressions cannot represent multiples. For example, 6x represents multiples of 6 for all integer values of x. Year 7 | Summer term | Block 2 – Properties of numbers | Step 1 Mathematical talk • What are the multiples of 11? • Is it possible to have multiples of 1.5? Explain how you know. • Is it possible to have multiples of 1 3? Explain how you know. • Can a negative value be a multiple of a number? Explain your answer. • Explain why 4.5 is not a multiple of 3 • Explain a method that you can use to determine if one number is a multiple of another. (for example, if 456 is a multiple of 3) • Explain why 8x will represent multiples of 4 for all positive integer values of x. National Curriculum links • Use the concepts and vocabulary of prime numbers, factors (or divisors), multiples, common factors, common multiples, highest common factor, lowest common multiple, prime factorisation, including using product notation and the unique factorisation property",WR_PDF/Year 7/y7_summer_backfill/WRE Maths v3 Y7 SUM B2 SOL - Properties of numbers.pdf,WRE Maths v3 Y7 SUM B2 SOL - Properties of numbers.pdf,,high,,False,False,,,,properties of
Year 7,Summer,2,,Properties of,Properties of numbers,2,Factors,"In this small step, students list and identify factors of numbers, building on their Key Stage 2 understanding. Remind students that a factor is an integer that divides into another integer exactly, leaving no remainder. To support understanding, using arrays may help them to visualise factor pairs. Encourage students to apply systematic listing strategies to ensure that no factors are missed. When finding the factors of greater values, such as 450, prompt them to use division to determine whether one number is a factor of another, reinforcing the connection to multiples from the previous step. If appropriate, challenge students to explore algebraic factors in terms and expressions. Misconceptions and common errors • Students may confuse factors and multiples. • Students may write non-integer values as factors of a number, for example writing 7.5 as a factor of 15 • Students may forget to include 1 and the number itself when identifying factors. • Students may not recognise that an expression may have an algebraic factor. For example, x is a factor of 5x. Year 7 | Summer term | Block 2 – Properties of numbers | Step 2 National Curriculum links • Use the concepts and vocabulary of prime numbers, factors (or divisors), multiples, common factors, common multiples, highest common factor, lowest common multiple, prime factorisation, including using product notation and the unique factorisation property • Simplify and manipulate algebraic expressions to maintain equivalence by: collecting like terms; multiplying a single term over a bracket; taking out common factors; expanding products of two or more binomials Mathematical talk • Explain the difference between a factor of a number and a multiple of a number. • Can a number be both a factor and a multiple? Explain how you know. • Can zero be a factor of a number? Explain how you know. • What method can you use to determine if one number is a factor of another? • How do you know that you have identified all the factors when listing the factors of a number? • Explain why 3 is not a factor of 10 • Can negative numbers be factors of positive numbers? Explain how you know.",WR_PDF/Year 7/y7_summer_backfill/WRE Maths v3 Y7 SUM B2 SOL - Properties of numbers.pdf,WRE Maths v3 Y7 SUM B2 SOL - Properties of numbers.pdf,,high,,False,False,,,,properties of
Year 7,Summer,2,,Properties of,Properties of numbers,3,Prime numbers,"In this small step, students recognise and identify prime numbers. Highlight that a prime number is an integer greater than 1 with exactly two distinct factors, 1 and itself. Remind students that the first prime number is 2, not 1. Encourage the use of division strategies to check for factors other than 1 and the number itself. Link this to times-table knowledge: if a number appears in any times-table other than 1 and itself, it is not prime. Emphasise that 2 is the only even prime number and explore why this is the case. Discuss strategies for spotting divisibility, for example numbers ending in 0, 2, 4, 6 or 8 are divisible by 2 and therefore not prime. If appropriate, students can apply their understanding to algebraic expressions, determining whether they could represent prime numbers. Misconceptions and common errors • Students may assume that all odd numbers are prime. • Students may think that 1 is a prime number. • Students may think that 2 is not a prime number. • Students may confuse factors and multiples when determining if a number is prime. Year 7 | Summer term | Block 2 – Properties of numbers | Step 3 National Curriculum links • Use the concepts and vocabulary of prime numbers, factors (or divisors), multiples, common factors, common multiples, highest common factor, lowest common multiple, prime factorisation, including using product notation and the unique factorisation property Mathematical talk • Describe how you know if a number is prime. • Which number is the only even prime number? Explain how you know. • Are all odd numbers prime? Explain how you know. • When you add two prime numbers together, do they always give an even number? Explain your answer. • Can two prime numbers be added together to give another prime number? Explain how you know. • Is it possible to tell that a number is not prime just by looking at its digits? • Explain why 1 is not a prime number.",WR_PDF/Year 7/y7_summer_backfill/WRE Maths v3 Y7 SUM B2 SOL - Properties of numbers.pdf,WRE Maths v3 Y7 SUM B2 SOL - Properties of numbers.pdf,,high,,False,False,,,,properties of
Year 7,Summer,2,,Properties of,Properties of numbers,4,Write a number as a product of prime factors,"In this small step, students write numbers as a product of their prime factors. Discuss how all non-prime positive integers can be expressed as a product of prime factors, and that this product is unique for each number. Writing answers in index form is not a requirement at this stage, but it can be introduced if appropriate. Highlight key vocabulary such as “express” and “product”, explaining how these terms indicate how the answer should be written. Introduce the term “prime factor decomposition” as another way to describe this process. Begin with numbers that have two or three prime factors and encourage students to use prime factor trees to organise their work, circling prime numbers as they go. This helps them to clearly identify the prime factors and write the number as a product. Misconceptions and common errors • Students may include non-prime numbers as factors, for example 54 = 2 × 3 × 9 • Students may think that a number is prime because it is odd and so stop the factor tree prematurely. • Students may not write the prime factors as a product, but instead list them or write them as a sum. Year 7 | Summer term | Block 2 – Properties of numbers | Step 4 Mathematical talk • What is a prime number? • What is a factor? • How can you write as a product of its prime factors? • When writing a number as a product of its prime factors, does the order of the factors matter? Explain how you know. • Explain why every number has a unique product of prime factors. • Is there more than one way to express a number as a product of its prime factors? Explain how you know. • How can you check that you have correctly written a number as a product of its prime factors? National Curriculum links • Use the concepts and vocabulary of prime numbers, factors (or divisors), multiples, common factors, common multiples, highest common factor, lowest common multiple, prime factorisation, including using product notation and the unique factorisation property",WR_PDF/Year 7/y7_summer_backfill/WRE Maths v3 Y7 SUM B2 SOL - Properties of numbers.pdf,WRE Maths v3 Y7 SUM B2 SOL - Properties of numbers.pdf,,high,,False,False,,,,properties of
Year 7,Summer,2,,Properties of,Properties of numbers,5,"Square, cube and triangular numbers","In this small step, students develop understanding of square, cube and triangular numbers, exploring numerical patterns and relationships. Start by using manipulatives such as counters or cubes to demonstrate how these numbers can be formed, for example showing that square numbers can be arranged to create a perfect square using counters. Once students understand the visual representations, they can progress to drawing the patterns and extending them to greater values. Encourage students to investigate interesting relationships, such as the fact that the sum of two consecutive triangular numbers results in a square number. Misconceptions and common errors • Students may confuse square, cube and triangular numbers. • Students may assume that square, cube or triangular numbers increase proportionally, for example if the 3rd square number is 9, then the 6th square number must be 18 • Students may use manipulatives incorrectly, for example using 8 counters to make a square with a gap in the middle, leading them to think that 8 is a square number. Year 7 | Summer term | Block 2 – Properties of numbers | Step 5 National Curriculum links • Use integer powers and associated real roots (square, cube and higher), recognise powers of 2, 3, 4, 5 and distinguish between exact representations of roots and their decimal approximations Mathematical talk • How do you calculate a square number? • How do you calculate a cube number? • Describe the term-to-term rule for triangular numbers. • What is the 16th square number? Explain how you know. • Can a number be both a square number and a triangular number? Explain how you know. • Why do square numbers always have an odd number of factors? • Can triangular numbers be odd or even? Explain how you know. • Give an example of a square number that is not greater than the number being squared. • Is it possible to build 33 using interlocking cubes? • What do you notice about how cube numbers grow?",WR_PDF/Year 7/y7_summer_backfill/WRE Maths v3 Y7 SUM B2 SOL - Properties of numbers.pdf,WRE Maths v3 Y7 SUM B2 SOL - Properties of numbers.pdf,,high,,False,False,,,,properties of
Year 7,Summer,2,,Properties of,Properties of numbers,6,Square roots and cube roots,"In this small step, students build on their understanding of square and cube numbers and calculate their roots. Start with numbers that have integer square or cube roots, before working with numbers that do not have integer roots. Calculators should be used to find square and cube roots of numbers that do not result in integers. Highlight that negative numbers cannot be square-rooted, as squaring any number (positive or negative) always gives a positive result. Encourage students to explore why negative numbers can be cube-rooted. Misconceptions and common errors • Students may divide a number by 2 to calculate its square root or by 3 to calculate its cube root. • Students may not recognise that square-/cube-rooting is the inverse of squaring/cubing. • Students may believe that all square roots and cube roots are integers. • Students may forget that both positive and negative roots exist. Year 7 | Summer term | Block 2 – Properties of numbers | Step 6 National Curriculum links • Use integer powers and associated real roots (square, cube and higher), recognise powers of 2, 3, 4, 5 and distinguish between exact representations of roots and their decimal approximations Mathematical talk • What is the square root of ? Explain how you know. • What is the cube root of ? Explain how you know. • If n = 5, what is the value of n? Explain how you know. • Explain why a negative number cannot be square-rooted, but a negative number can be cube-rooted. • Between which two whole numbers does 20 lie? Explain how you know. • Explain why 36 = 6, but 36 3 is not a whole number. • What is the same and what is different about 64 and 64 3 ? • Can a number have more than one cube root? Explain how you know. • Can a number have more than one square root? Explain how you know.",WR_PDF/Year 7/y7_summer_backfill/WRE Maths v3 Y7 SUM B2 SOL - Properties of numbers.pdf,WRE Maths v3 Y7 SUM B2 SOL - Properties of numbers.pdf,,high,,False,False,,,,properties of
Year 7,Summer,2,,Properties of,Properties of numbers,7,Explore higher powers and roots  E,"In this extend step, students build on their understanding of powers and roots by exploring powers higher than cubes and their corresponding roots. Encourage discussion around equivalent calculations, for example recognising that 24 = 2 × 2 × 2 × 2, before working out the value. Model how to use a calculator to input higher powers and roots, reminding students to use brackets when entering calculations involving negative numbers. Emphasise that raising a negative number to an odd power results in a negative answer, while an even power results in a positive answer. Ensure that students understand that finding a root is the inverse of raising a number to a power. Misconceptions and common errors • Students may divide the number by the degree of the root instead of finding the root itself, for example working out 256 ÷ 8 instead of finding the 8th root of 256 • Students may confuse the base with the power, for example reading 43 as “3 to the power of 4” or thinking that it is equivalent to 34 • Students may multiply the number by the power directly, rather than multiplying the number by itself repeatedly, for example interpreting 34 as 3 × 4 instead of 3 × 3 × 3 × 3 Year 7 | Summer term | Block 2 – Properties of numbers | Step 7 National Curriculum links • Use integer powers and associated real roots (square, cube and higher), recognise powers of 2, 3, 4, 5 and distinguish between exact representations of roots and their decimal approximations Mathematical talk • What calculation is equivalent to 35? • What is the same and what is different about 64 and 64 6 ? • Explain why the value of (−3)4 is positive but (−3)5 is negative. • Why should brackets be used when raising a negative value to a power? • Which value is greater, 26 or 62? Explain how you know. • If 34 = 81, what is the 4th root of 81? Explain how you know. • What is the same and what is different about (−5)4 and −54? • Is the root of a number always smaller than the original number? Explain how you know. E",WR_PDF/Year 7/y7_summer_backfill/WRE Maths v3 Y7 SUM B2 SOL - Properties of numbers.pdf,WRE Maths v3 Y7 SUM B2 SOL - Properties of numbers.pdf,,high,,False,False,,,,properties of
Year 7,Summer,2,,Properties of,Properties of numbers,8,Highest common factor (HCF),"In this small step, students build on their understanding of factors to find the highest common factor (HCF) of two or more numbers. Start by asking students to identify and list the factors of each number, emphasising the meaning of “common” in this context. They should highlight all the common factors before selecting the greatest one. Emphasise that while a prime number has only two factors, it can still have an HCF with another number and that the HCF of a pair of numbers can be 1. Once students are confident, introduce word problems involving everyday contexts and challenges involving three or more numbers. Misconceptions and common errors • Students may confuse the highest common factor and lowest common multiple. • Students may find a common factor that is not the highest common factor. • Students may not list all the factors of a number. • Students may believe that prime numbers have no common factors with other numbers. • Students may believe that 1 cannot be the highest common factor of a pair of numbers. Year 7 | Summer term | Block 2 – Properties of numbers | Step 8 Mathematical talk • What are the factors of ? • What does “common factor” mean? • What are the common factors of and ? • How do you know when you have found the highest common factor of two numbers? • What do you notice about the highest common factor of two numbers when one is a multiple of the other? • Can two numbers have a highest common factor of 1? Explain how you know. • Can two numbers have more than one highest common factor? Explain how you know. • Can two odd numbers have an even highest common factor? Explain how you know. National Curriculum links • Use the concepts and vocabulary of prime numbers, factors (or divisors), multiples, common factors, common multiples, highest common factor, lowest common multiple, prime factorisation, including using product notation and the unique factorisation property",WR_PDF/Year 7/y7_summer_backfill/WRE Maths v3 Y7 SUM B2 SOL - Properties of numbers.pdf,WRE Maths v3 Y7 SUM B2 SOL - Properties of numbers.pdf,,high,,False,False,,,,properties of
Year 7,Summer,2,,Properties of,Properties of numbers,9,Lowest common multiple (LCM),"In this small step, students develop their understanding of multiples to find the lowest common multiple (LCM) of two or more numbers. Encourage a systematic approach when listing multiples, and discuss with students that, while multiples are infinite, they only need to list enough to identify a common one. Prompt them to highlight any common multiples before identifying the lowest common multiple. Once confident, students can progress to word problems and examples involving more than two numbers. Discuss the difference between the highest common factor and the lowest common multiple, helping students to understand when each one is used. Misconceptions and common errors • Students may confuse the highest common factor and the lowest common multiple. • Students may assume that the product of the two numbers is the lowest common multiple, for example that 36 is the lowest common multiple of 3 and 12 • Students may incorrectly list the multiples of two numbers. Year 7 | Summer term | Block 2 – Properties of numbers | Step 9 Mathematical talk • List the first ten multiples of • What are some common multiples of and ? • What is the lowest common multiple of and ? • Explain why the product of two numbers will be a common multiple of the numbers. • When is the lowest common multiple of two numbers not the same as their product? • Do all pairs of numbers have a lowest common multiple? Explain how you know. • Can the lowest common multiple of two numbers ever be the same as one of the numbers? Explain how you know. • Is it possible to work out the highest common multiple? Explain how you know. National Curriculum links • Use the concepts and vocabulary of prime numbers, factors (or divisors), multiples, common factors, common multiples, highest common factor, lowest common multiple, prime factorisation, including using product notation and the unique factorisation property",WR_PDF/Year 7/y7_summer_backfill/WRE Maths v3 Y7 SUM B2 SOL - Properties of numbers.pdf,WRE Maths v3 Y7 SUM B2 SOL - Properties of numbers.pdf,,high,,False,False,,,,properties of
Year 7,Summer,2,,Properties of,Properties of numbers,10,HCF and LCM from a Venn diagram  E,"In this extend step, students build on previous learning to use Venn diagrams to find the highest common factor (HCF) and lowest common multiple (LCM). Ensure that students are confident in expressing numbers as a product of their prime factors before introducing this method. Model how to represent the prime factors of two numbers in a Venn diagram, emphasising that the intersection shows the shared prime factors. Explain that multiplying the numbers in the intersection gives the highest common factor, while multiplying all the numbers in the Venn diagram gives the lowest common multiple. Misconceptions and common errors • Students may confuse which factors are multiplied to calculate the highest common factor or the lowest common multiple. • Students may duplicate prime factors in the Venn diagrams when they appear in both numbers. • Students may not understand that if there are no common prime factors in the intersection, then the highest common factor is 1 Year 7 | Summer term | Block 2 – Properties of numbers | Step 10 Mathematical talk • Express as a product of its prime factors. • Where in the Venn diagram do you write the common prime factors? • How do you calculate the highest common factor from a Venn diagram? • How do you calculate the lowest common multiple from a Venn diagram? • Explain why multiplying all the prime factors in the Venn diagram gives the lowest common multiple. • If two numbers have no common prime factors, what does the intersection of the Venn diagram contain? What does this tell you about their highest common factor? • What is the highest common factor when there are no common prime factors in the intersection of the Venn diagram? E National Curriculum links • Use the concepts and vocabulary of prime numbers, factors (or divisors), multiples, common factors, common multiples, highest common factor, lowest common multiple, prime factorisation, including using product notation and the unique factorisation property",WR_PDF/Year 7/y7_summer_backfill/WRE Maths v3 Y7 SUM B2 SOL - Properties of numbers.pdf,WRE Maths v3 Y7 SUM B2 SOL - Properties of numbers.pdf,,high,,False,False,,,,properties of
Year 7,Summer,2,,Properties of,Properties of numbers,11,Use factors to simplify calculations  E,"In this extend step, students develop flexibility in representing numbers by expressing them as a product of factors to simplify calculations. Encourage students to rewrite numbers in ways that make mental or written methods more efficient. For example, in the calculation 16 × 50, students could express 16 as 4 × 4 and 50 as 25 × 2, recognising that 4 × 25 = 100 and so simplifying the calculation to 100 × 4 × 2. Discuss the commutative property of multiplication, showing how reordering factors can make calculations easier. The focus is not on prime factorisation but on selecting factor groupings that simplify the process, helping students to develop efficient strategies for working without a calculator. Misconceptions and common errors • Students may write a value as a product of its prime factors, without considering how other representations may be more efficient. • Students may attempt to calculate the products in the order they are given, rather than looking for useful factor pairs that simplify the calculation, such as numbers that multiply to make 10 or 100 Year 7 | Summer term | Block 2 – Properties of numbers | Step 11 Mathematical talk • What are some useful factors of a number to identify? • Why is it useful to identify pairs of factors that multiply to give 10 or 100? • Write as a product of its factors. • Is writing a value as a product of its prime factors always the most efficient method? Explain how you know. • How many different ways can you express as a product of its factors? • Which product of factors is the most efficient for the calculation? Explain how you know. • Explain why multiplying the factors in any order still gives the same answer. E National Curriculum links • Use the concepts and vocabulary of prime numbers, factors (or divisors), multiples, common factors, common multiples, highest common factor, lowest common multiple, prime factorisation, including using product notation and the unique factorisation property",WR_PDF/Year 7/y7_summer_backfill/WRE Maths v3 Y7 SUM B2 SOL - Properties of numbers.pdf,WRE Maths v3 Y7 SUM B2 SOL - Properties of numbers.pdf,,high,,False,False,,,,properties of
Year 7,Summer,3,,Fractions,Add and subtract fractions,1,Simplify fractions,"In this small step, students build on their understanding of simplifying fractions from Key Stage 2 Students apply understanding of common factors to simplify fractions and recognise when a fraction is already in its simplest form. It may be necessary to revisit factors explicitly to support students who find this step challenging. Emphasise that a fraction is fully simplified when the numerator and denominator share no common factors. Encourage students to simplify in a single step, but also model how fractions can be simplified in multiple steps. Highlight useful strategies, such as noticing when both the numerator and denominator are even, to provide accessible starting points for simplification, before moving on to higher common factors. Misconceptions and common errors • Students may not notice a common factor when the numerator and denominator are not even. • Students may only partially simplify a fraction. • Students may cancel digits rather than factors, for example simplifying 24 32 to 4 3 by “crossing out 2s”. Year 7 | Summer term | Block 3 – Add and subtract fractions | Step 1 National Curriculum links • Use the concepts and vocabulary of prime numbers, factors (or divisors), multiples, common factors, common multiples, highest common factor, lowest common multiple, prime factorisation, including using product notation and the unique factorisation property Mathematical talk • Is the fraction fully simplified? Explain how you know. • What is a common factor of the numerator and the denominator? • Are the numerator and denominator even? How does this help you to decide a potential first step? • Can a fraction be simplified if it contains a prime number? Explain how you know. • How do you simplify the fraction in more than one step? Can you simplify the fraction in one step? • Can a simplified fraction contain a decimal? Explain your answer. • Which is the highest common factor of and ?",WR_PDF/Year 7/y7_summer_backfill/WRE Maths v3 Y7 SUM B3 SOL Add and subtract fractions.pdf,WRE Maths v3 Y7 SUM B3 SOL Add and subtract fractions.pdf,,high,,False,False,,,,fractions
Year 7,Summer,3,,Fractions,Add and subtract fractions,2,Convert between mixed numbers and improper fractions,"In this small step, students convert between mixed numbers and improper fractions. Ensure that students understand the difference between a mixed number and an improper fraction. Remind them that a mixed number shows the whole number and a separate fractional part, while an improper fraction expresses the same quantity as a single fraction based on the denominator, with both forms representing values greater than 1. Visual models, such as bar models and number lines, are effective tools for demonstrating the conversion process, as they highlight the total number of wholes alongside the remaining fractional part. Where appropriate, challenge students to generalise a method for conversion, for example a b c = ac + b c . Misconceptions and common errors • Students may believe that a fraction cannot be greater than 1, as fractions represent part of a whole. • When converting a mixed number to an improper fraction, students may multiply the whole by the numerator and add the denominator, for example 2 2 5 = 9 5 Year 7 | Summer term | Block 3 – Add and subtract fractions | Step 2 National Curriculum links • Use the four operations, including formal written methods, applied to integers, decimals, proper and improper fractions, and mixed numbers, all both positive and negative Mathematical talk • What is a mixed number? • What is an improper fraction? • How can a mixed number be expressed as an improper fraction? • Can you draw a bar model to represent the information? Explain your model. • How many wholes are there in 15 4 ? Explain how you know. What is the remaining fraction? How do you write 15 4 as a mixed number? • How many thirds are there in 2 wholes? Explain how you know. • Is 12 8 greater than 1? Explain how you know. • Is there an equivalent mixed number for every improper fraction? Explain your answer.",WR_PDF/Year 7/y7_summer_backfill/WRE Maths v3 Y7 SUM B3 SOL Add and subtract fractions.pdf,WRE Maths v3 Y7 SUM B3 SOL Add and subtract fractions.pdf,,high,,False,False,,,,fractions
Year 7,Summer,3,,Fractions,Add and subtract fractions,3,Add and subtract fractions with the same denominator,"In this small step, students add and subtract fractions with the same denominator, revisiting learning from Key Stage 2 Start by reinforcing the fundamental idea that a fraction represents equal parts, with the denominator indicating how many equal parts the whole is divided into. Bar models provide an effective visual representation, as they can be used to show the total number of equal parts when adding fractions, or the remaining parts when subtracting. Using bar models alongside abstract calculations helps to strengthen students’ conceptual understanding. Students should also work with non-unit fractions and mixed numbers. Misconceptions and common errors • Students may add the denominators as well as the numerators. • Students may add when they should subtract the fractions. • Students may not convert a mixed number to an improper fraction before performing a calculation, leading to an incorrect answer. Year 7 | Summer term | Block 3 – Add and subtract fractions | Step 3 National Curriculum links • Use the four operations, including formal written methods, applied to integers, decimals, proper and improper fractions, and mixed numbers, all both positive and negative Mathematical talk • What fraction remains if you subtract 2 7 from 5 7? • How could you draw a bar model to represent the calculation? • Explain why you do not add/subtract the denominators. • Will the answer be greater than 1 whole? How do you know? • How can you write your answer as a mixed number? • Is it possible to have a negative fraction? Explain your answer. • Can your answer be simplified? Explain how you know. • How many make 1 whole? • How many are there in total?",WR_PDF/Year 7/y7_summer_backfill/WRE Maths v3 Y7 SUM B3 SOL Add and subtract fractions.pdf,WRE Maths v3 Y7 SUM B3 SOL Add and subtract fractions.pdf,,high,,False,False,,,,fractions
Year 7,Summer,3,,Fractions,Add and subtract fractions,4,Add and subtract with fractions and integers,"In this small step, students develop their understanding of adding and subtracting fractions with integers. Start with subtracting a fraction from 1, reinforcing that a whole can be expressed as an equivalent fraction, for example 1 − 2 3 = 3 3 − 2 3. Extend this to wholes greater than 1. When students are confident, introduce a partitioning method, where they partition the integers before subtracting, for example 5 − 3 7 = 4 + 1 − 3 7. Students should also practise adding fractions to whole numbers, using similar approaches. Remind them that improper fractions can be rewritten as mixed numbers, allowing the integer parts to be added together. Bar models are an effective representation for visualising the relationship between wholes and fractional parts. Misconceptions and common errors • When adding, students may not adjust the integer when the fractional part gives an improper fraction, for example 1 3 4 + 2 4 = 2 5 4 • Students may add/subtract the numerator to/from the integer, for example 1 + 3 5 = 4 5 Year 7 | Summer term | Block 3 – Add and subtract fractions | Step 4 Mathematical talk • How can an integer be written in thirds/quarters/fifths? • Is the fraction greater than 1? How do you know? • Can the fraction be written as a mixed number? Explain how you know. • How many wholes are there in total? • Do you always need to write the integer as a fraction before performing the calculation? Explain your answer. • How does partitioning help when subtracting fractions from integers? • Will the answer always be a fraction? Explain your answer. • How can you draw a bar model to represent the calculation? • How many are there in 1 whole? National Curriculum links • Use the four operations, including formal written methods, applied to integers, decimals, proper and improper fractions, and mixed numbers, all both positive and negative",WR_PDF/Year 7/y7_summer_backfill/WRE Maths v3 Y7 SUM B3 SOL Add and subtract fractions.pdf,WRE Maths v3 Y7 SUM B3 SOL Add and subtract fractions.pdf,,high,,False,False,,,,fractions
Year 7,Summer,3,,Fractions,Add and subtract fractions,5,Add and subtract fractions where denominators share a,"In this small step, students build on their understanding of lowest common multiples and their prior work with adding and subtracting fractions that share the same denominator. It is useful to make an explicit connection to the earlier step, extending it to cases where a common denominator must first be found. The focus should be on fractions with denominators that have a simple common multiple, for example 1 3 + 5 6, so that only one fraction needs to be adjusted to find a common denominator. Where appropriate, provide further challenge by including calculations with three fractions, in which one denominator is a multiple of the others. Misconceptions and common errors • Students may not identify that one of the denominators is a multiple of the others and may not use the lowest common multiple when finding equivalent fractions. • Students may add the numerators together and add the denominators together after finding an equivalent fraction. • Students may add the numerators together without finding a common denominator first. Year 7 | Summer term | Block 3 – Add and subtract fractions | Step 5 National Curriculum links • Use the four operations, including formal written methods, applied to integers, decimals, proper and improper fractions, and mixed numbers, all both positive and negative Mathematical talk • Why do you need common denominators to add or subtract fractions? • Which fraction(s) should be adjusted to make the denominators the same? • Why is it important to multiply the numerator and denominator by the same value when calculating an equivalent fraction? • What is an equivalent fraction to ? • Explain why you only add and subtract the numerators when the denominators are the same. • Can you simplify your answer? Explain how you know. • What is the lowest common denominator of and ?",WR_PDF/Year 7/y7_summer_backfill/WRE Maths v3 Y7 SUM B3 SOL Add and subtract fractions.pdf,WRE Maths v3 Y7 SUM B3 SOL Add and subtract fractions.pdf,,high,,False,False,,,,fractions
Year 7,Summer,3,,Fractions,Add and subtract fractions,6,Add and subtract fractions with any denominator,"In this small step, students add and subtract fractions with different denominators by rewriting each fraction as an equivalent fraction with a common denominator. Building on their prior knowledge, students identify a common multiple of the denominators. Discuss that, while any common multiple can be used, the lowest common multiple (LCM) is the most efficient choice. Begin with examples where the product of the denominators is the lowest common multiple, before progressing to cases where students either calculate the lowest common multiple using another method or simplify their final answer if they choose a different common multiple as the denominator. Once secure with two fractions, challenge students by including calculations that involve three fractions. Misconceptions and common errors • Students may incorrectly identify the lowest common multiple of the denominators. • Students may add/subtract the numerators and denominators without using equivalent fractions. Year 7 | Summer term | Block 3 – Add and subtract fractions | Step 6 National Curriculum links • Use the four operations, including formal written methods, applied to integers, decimals, proper and improper fractions, and mixed numbers, all both positive and negative Mathematical talk • Why do you need a common denominator to add or subtract fractions? • Why do you not always multiply the denominators to find their lowest common multiple? • What is the lowest common multiple of and ? Explain how you know. • Why is it more efficient to use the lowest common multiple of the denominators, rather than any common multiple? • How can you rewrite the calculation so that the fractions have the same denominators? • Will the answer be greater than 1? Explain how you know. • Can you simplify your answer? Explain how you know. • How can you write your answer as a mixed number?",WR_PDF/Year 7/y7_summer_backfill/WRE Maths v3 Y7 SUM B3 SOL Add and subtract fractions.pdf,WRE Maths v3 Y7 SUM B3 SOL Add and subtract fractions.pdf,,high,,False,False,,,,fractions
Year 7,Summer,3,,Fractions,Add and subtract fractions,7,Add and subtract improper fractions and mixed numbers,"In this small step, students add and subtract fractions expressed as mixed numbers and improper fractions. It is useful to explore multiple methods for adding and subtracting mixed numbers so that students can choose the most efficient approach. Model the process of rewriting a mixed number as an improper fraction before finding a common denominator. Alternatively, students may apply the partitioning method, working with the integer and fractional parts separately. Challenge students who are confident working with directed number, to complete calculations that include negative fractions, for example −13 4 + 12 5 Misconceptions and common errors • Students may convert a mixed number to an improper fraction incorrectly. • Students may add/subtract the integers and fractions separately without adjusting the overall integer when the fraction is greater than 1 or less than zero, for example 3 4 5 + 2 3 10 = 5 11 10 instead of 6 1 10 Year 7 | Summer term | Block 3 – Add and subtract fractions | Step 7 National Curriculum links • Use the four operations, including formal written methods, applied to integers, decimals, proper and improper fractions, and mixed numbers, all both positive and negative Mathematical talk • How do you convert between mixed numbers and improper fractions? • Explain why the denominators must be the same to add or subtract the fractions. • What is the lowest common multiple of and ? • Is there a more efficient way of performing the calculation? • Is the fractional part greater than 1? How can you rewrite your answer? • Explain how you can use the partitioning method when subtracting mixed numbers. • Is it possible to have a negative fraction? Explain your answer. • Can your answer be written as a mixed number? Explain how you know.",WR_PDF/Year 7/y7_summer_backfill/WRE Maths v3 Y7 SUM B3 SOL Add and subtract fractions.pdf,WRE Maths v3 Y7 SUM B3 SOL Add and subtract fractions.pdf,,high,,False,False,,,,fractions
Year 7,Summer,3,,Fractions,Add and subtract fractions,8,Use equivalence to add and subtract decimals and fractions  E,"In this extend step, students use equivalence to add and subtract fractions and decimals. Start by revisiting prior knowledge of fraction and decimal equivalence to reinforce the necessary skills. Highlight how it is useful for all values to be expressed in the same form before adding or subtracting. Explore examples of converting all numbers to fractions and converting all numbers to decimals, then discuss which method is more efficient, depending on the given calculation. Where appropriate, revisit formal written methods for decimal addition and subtraction to ensure that students are confident in applying them. Misconceptions and common errors • Students may convert fractions to a decimal incorrectly, for example 2 100 = 0.2 • Students may make errors when adding or subtracting decimals by ignoring place value, for example 0.75 − 0.2 = 0.73 Year 7 | Summer term | Block 3 – Add and subtract fractions | Step 8 National Curriculum links • Use the four operations, including formal written methods, applied to integers, decimals, proper and improper fractions, and mixed numbers, all both positive and negative • Work interchangeably with terminating decimals and their corresponding fractions (such as 3.5 and 7 2 or 3.75 and 3 8 ) Mathematical talk • Explain how to convert a fraction to a decimal. • Explain how to convert a decimal to a fraction. • Why must the denominators be equal to add and subtract fractions? • Can all fractions easily be written as decimals? Explain your answer. • Is it more efficient to convert all the values to decimals or fractions? Explain your answer. • If you know that 1 4 = 0.25, how can you use this to convert 1 8 to a decimal? • How could you check your answer? E",WR_PDF/Year 7/y7_summer_backfill/WRE Maths v3 Y7 SUM B3 SOL Add and subtract fractions.pdf,WRE Maths v3 Y7 SUM B3 SOL Add and subtract fractions.pdf,,high,,False,False,,,,fractions
Year 7,Summer,3,,Fractions,Add and subtract fractions,9,Add and subtract simple algebraic fractions  E,"In this extend step, students further develop their understanding of fractions within the context of algebra. Start by comparing the addition of fractional expressions to the addition of fractions in numerical form, keeping examples simple at this introductory stage, rather than using complex multi-term expressions. Provide practice with algebraic fractions that include variables in both numerators and denominators. If necessary, revisit the process of adding and subtracting fractions with different denominators before extending to algebraic cases. Where appropriate, challenge students with equations equal to a whole involving algebraic fractions, for example 3 x + 2 x = 1 Misconceptions and common errors • Students may not make the denominators equal before adding or subtracting the fractions. • Students may struggle to identify common denominators when the denominators are algebraic. • Students may incorrectly convert an expression into a fraction before adding or subtracting, for example x + 3x 4 = x x + 3x 4 Year 7 | Summer term | Block 3 – Add and subtract fractions | Step 9 National Curriculum links • Use the four operations, including formal written methods, applied to integers, decimals, proper and improper fractions, and mixed numbers, all both positive and negative • Use and interpret algebraic notation, including: ab in place of a × b; 3y in place of y + y + y and 3 × y; a2 in place of a × a, a3 in place of a × a × a; a2b in place of a × a × b; a b in place of a ÷ b; coefficients written as fractions rather than as decimals; brackets Mathematical talk • What is meant by “like terms”? • What is the same and what is different about 1 2 + 1 2 and a 2 + a 2 ? • How can you rewrite 3 x + 1 2x with equivalent denominators? • What is the same and what is different about x 4 and 1 4 x? • What does “in terms of m” mean? • Can the fraction be simplified? Explain your answer. • What must the value of y be if 2 y + 5 y = 1? Explain how you know. E",WR_PDF/Year 7/y7_summer_backfill/WRE Maths v3 Y7 SUM B3 SOL Add and subtract fractions.pdf,WRE Maths v3 Y7 SUM B3 SOL Add and subtract fractions.pdf,,high,,False,False,,,,fractions
Year 7,Summer,3,,Fractions,Add and subtract fractions,10,Substitution and solving equations with fractions  E,"In this extend step, students apply their knowledge of adding and subtracting algebraic fractions within algebraic contexts, including substitution and solving equations. Start by focusing on substituting values into a range of algebraic fractional expressions. It may be helpful to revisit substitution in expressions without fractions before extending to those that include them. Similarly, when solving equations, recap methods for one- and two-step equations before introducing fractional terms, to support understanding. Where appropriate, provide additional challenge by including fractions greater than 1 in substitution problems or equations. Misconceptions and common errors • Students may apply the incorrect inverse operation when solving equations. • Students may make errors when substituting into expressions with powers, for example treating p2 as “double p” instead of squaring the value of p. Year 7 | Summer term | Block 3 – Add and subtract fractions | Step 10 National Curriculum links • Use the four operations, including formal written methods, applied to integers, decimals, proper and improper fractions, and mixed numbers, all both positive and negative • Substitute numerical values into formulae and expressions, including scientific formulae • Use algebraic methods to solve linear equations in one variable (including all forms that require rearrangement) Mathematical talk • What is the value of the expression if x = ? • Is it possible to substitute fractions into algebraic expressions? Explain your answer. • What is the inverse of ? • What is a possible first step to solving the equation? • What calculation is equivalent to x2? • Can you collect any like terms before beginning to solve the equation? Explain your answer. • Can the value of an unknown be both negative and fractional? Explain your answer. E",WR_PDF/Year 7/y7_summer_backfill/WRE Maths v3 Y7 SUM B3 SOL Add and subtract fractions.pdf,WRE Maths v3 Y7 SUM B3 SOL Add and subtract fractions.pdf,,high,,False,False,,,,fractions
Year 7,Summer,4,,Angles and,Angles and polygons,1,Draw and measure line segments and angles,"In this small step, students develop the practical skills of drawing and measuring line segments and angles accurately, building on understanding from Key Stage 2 Recap the correct use of a ruler for drawing and measuring line segments before introducing the protractor as the tool for measuring and drawing angles. Ensure that students know how to align the baseline and select the correct scale, modelling these skills clearly. Emphasise that an angle is a measure of turn. Provide questions where students both draw given angles and measure angles already drawn. Encourage them to estimate before measuring in order to develop a sense of size. Everyday contexts, such as design or navigation, help to show why accuracy matters. Misconceptions and common errors • Students may misalign the protractor baseline with the line segment, leading to inaccurate measurements. • The term “line segment” may be unfamiliar and students may not realise that a line is infinite in length. • Students may read from the wrong scale on the protractor, for example 140° instead of 40°. • Students may misalign the ruler by not positioning the beginning of a line segment at zero. Year 7 | Summer term | Block 4 – Angles and polygons | Step 1 Mathematical talk • What is the difference between a line and a line segment? • When measuring a line segment, what happens if you do not start from zero on the ruler? • How can you measure the size of a turn? • How can you describe the direction of a turn? • How can you check that your protractor is lined up correctly before measuring? • Which scale should you read from the protractor? What strategies can you use to make sure that you are using the correct protractor scale? • Is the angle acute, right, obtuse or reflex? Explain how you know without measuring. • How would you use a protractor to measure an angle greater than 180°? National Curriculum links • Draw and measure line segments and angles in geometric figures, including interpreting scale drawings",WR_PDF/Year 7/y7_summer_backfill/WRE Maths v3 Y7 SUM B4 SOL Angles and polygons.pdf,WRE Maths v3 Y7 SUM B4 SOL Angles and polygons.pdf,,high,,False,False,,,,angles and
Year 7,Summer,4,,Angles and,Angles and polygons,2,Understand and use geometric notation,"In this small step, students understand and use geometric notation accurately. Show how capital letters are used to label vertices, with two letters defining a line segment and three letters an angle. Reinforce the accurate use of symbols, such as the degree symbol (°) and the angle symbol ( ). When using letters to name polygons, students should list vertices in consecutive order around the shape, noting that this may not always be alphabetical. Model both correct and incorrect examples to highlight why accuracy matters and emphasise that precise notation underpins clear reasoning and effective communication in geometry. This step provides an opportunity to practise classifying angles as acute, right, obtuse or reflex before measuring. Misconceptions and common errors • Students may write only the letter labelled at the vertex to describe it, rather than using three-letter notation. • Students may mix up the order of letters when naming an angle, for example writing ABC instead of ACB. • Students may not appreciate that, for example, AOB and BOA represent the same angle. Year 7 | Summer term | Block 4 – Angles and polygons | Step 2 Mathematical talk • How is geometric notation used to describe an angle? • Can an angle be described using two letters? Explain your answer. • Which is the line segment AB? • What symbol should you use to label a right angle? • A quadrilateral is named ABCD. Why might it also be called DCBA? • A polygon is named VWXYZ. How many sides does the polygon have? Explain how you know. • What is the same and what is different about XYZ and ZYX? • Do ABC and ACB represent the same angle? Explain how you know. National Curriculum links • Draw and measure line segments and angles in geometric figures, including interpreting scale drawings • Describe, sketch and draw using conventional terms and notations: points, lines, parallel lines, perpendicular lines, right angles, regular polygons, and other polygons that are reflectively and rotationally symmetric",WR_PDF/Year 7/y7_summer_backfill/WRE Maths v3 Y7 SUM B4 SOL Angles and polygons.pdf,WRE Maths v3 Y7 SUM B4 SOL Angles and polygons.pdf,,high,,False,False,,,,angles and
Year 7,Summer,4,,Angles and,Angles and polygons,3,Angles around a point,"In this small step, students consolidate their understanding from Key Stage 2 that angles around a point sum to 360°. Use clear diagrams to show how angles meet at a single point and compare this with a complete rotation. Emphasise that although the sizes of individual angles may vary, their total will always be 360°. Practical demonstrations, such as turning objects through a full rotation and using examples alongside non-examples, can support deeper understanding. The focus is on applying this known fact to calculate unknown angles, forming equations to show how the angles around a point sum to 360°. Calculators can be used to keep the focus on applying the angle rule, rather than on the arithmetic. Misconceptions and common errors • Students may think that angles around a point sum to 180°. • Students may forget to include all the angles at the point, for example omitting a right angle. • Students may try to measure rather than calculate angles. • Students may use incorrect or incomplete explanations when giving reasons, for example “because the angles are around a point”, rather than “because angles around a point sum to 360°”. Year 7 | Summer term | Block 4 – Angles and polygons | Step 3 Mathematical talk • What is the sum of the angles around a point? • How many right angles form a full turn? • What fraction of a full turn is 180°? • Can two angles around a point be reflex angles? Explain your answer. • A full turn is split into three equal angles. What is the size of each angle? • There are four angles around a point. Three of the angles are 63°, 120° and 90°. What is the size of the fourth angle? Explain how you know. • Do the angles 145°, 75°, 100° and 90° form a full turn? Explain how you know. • Can the angles around a point all be acute? Explain your answer. • How could you form an equation to work out the missing angle? • How could you check your answer? National Curriculum links • Apply the properties of angles at a point, angles at a point on a straight line, vertically opposite angles",WR_PDF/Year 7/y7_summer_backfill/WRE Maths v3 Y7 SUM B4 SOL Angles and polygons.pdf,WRE Maths v3 Y7 SUM B4 SOL Angles and polygons.pdf,,high,,False,False,,,,angles and
Year 7,Summer,4,,Angles and,Angles and polygons,4,Angles on a straight line,"In this small step, students consolidate their understanding from Key Stage 2 that adjacent angles on a straight line sum to 180°. Recap that a straight line represents half a turn, linking directly to the previous step on angles around a point. Ensure that students know that angles on a straight line only sum to 180° when the angles share a common vertex and lie on the same straight line, directly adjacent to each other. Use clear diagrams alongside non-examples to highlight where the rule does not apply, such as when angles are on different lines or do not meet at a point. Calculators can be used to keep the focus on applying the angle rule, rather than on the arithmetic. Misconceptions and common errors • Students may confuse the rule for angles on a straight line with angles around a point and use 360° rather than 180°. • Students may believe that angles that lie on the same line but are not adjacent and do not share a common vertex still sum to 180°. • Students may try to measure rather than calculate angles. • Students may use incorrect or incomplete explanations when giving reasons, for example “because it is a straight line”. Year 7 | Summer term | Block 4 – Angles and polygons | Step 4 Mathematical talk • What is the sum of the angles that meet on a straight line? How do you know? • If one angle on a straight line is , what is the other angle? Explain how you know. • When two angles meet on a straight line, must one be acute and one obtuse? Give an example where this is not the case. • Can more than two angles lie on a straight line? Explain your answer. • What is the same and what is different about the rule for angles on a straight line and the rule for angles around a point? • How many right angles make up a straight line? • If the angles 81°, 47° and 51° meet, will they form a straight line? Explain how you know. • How could you form an equation to calculate an unknown angle? National Curriculum links • Apply the properties of angles at a point, angles at a point on a straight line, vertically opposite angles",WR_PDF/Year 7/y7_summer_backfill/WRE Maths v3 Y7 SUM B4 SOL Angles and polygons.pdf,WRE Maths v3 Y7 SUM B4 SOL Angles and polygons.pdf,,high,,False,False,,,,angles and
Year 7,Summer,4,,Angles and,Angles and polygons,5,Vertically opposite angles,"In this small step, students explore how vertically opposite angles are equal in size. Emphasise that these angles are formed when two straight lines intersect at a point, creating pairs of opposite angles. Use diagrams to highlight which angles are opposite and which are adjacent. Encourage students to use their knowledge of angles on a straight line and angles around a point to explain why vertically opposite angles are equal. Demonstrating that the adjacent angles sum to 180° helps students to see that the remaining opposite angle must also be equal. Show non-examples where lines do not intersect or are not straight. Misconceptions and common errors • Students may think that vertically opposite angles must be arranged vertically (up and down), rather than opposite each other at an intersection. • Students may identify the wrong pair of angles as vertically opposite, especially when more than two lines intersect. • Students may try to measure rather than calculate angles. • Students may use incorrect or incomplete explanations when giving reasons, such as “because they are opposite”. Year 7 | Summer term | Block 4 – Angles and polygons | Step 5 Mathematical talk • When are vertically opposite angles formed? • Which angles are equal in size? Explain how you know. • How can you prove that two vertically opposite angles are equal? How do angle facts about angles on a straight line and angles around a point help? • Can vertically opposite angles be reflex? Explain your answer. • Which angle is vertically opposite angle ? How do you know? • When two lines intersect, can you always find the sizes of all four angles if only one is given? Explain your answer. • When two lines intersect, will they always form one pair of acute vertically opposite angles and one obtuse pair? Explain your answer. National Curriculum links • Apply the properties of angles at a point, angles at a point on a straight line, vertically opposite angles",WR_PDF/Year 7/y7_summer_backfill/WRE Maths v3 Y7 SUM B4 SOL Angles and polygons.pdf,WRE Maths v3 Y7 SUM B4 SOL Angles and polygons.pdf,,high,,False,False,,,,angles and
Year 7,Summer,4,,Angles and,Angles and polygons,6,Recognise and name polygons,"In this small step, students consolidate and extend their Key Stage 2 understanding of recognising and naming polygons up to a decagon. Emphasise that polygons are closed 2-D shapes made from straight line segments. Identify polygons by counting sides, reminding students about using the correct terminology. Encourage connections with other words to support the meaning of prefixes, for example “pentathlon” and “octopus”. Discuss the difference between regular and irregular polygons, ensuring that students recognise that regular polygons have equal side lengths and equal interior angles. Once this knowledge is secure, explore different types of triangles and quadrilaterals, providing opportunities for students to classify these. Misconceptions and common errors • Students may believe that shapes are regular if their side lengths are equal, even when their angles differ. • Students may believe that polygons can have curved sides, for example mistaking circles for polygons. • Students may assume that all quadrilaterals are squares or rectangles, rather than recognising kites, trapezia and parallelograms. Year 7 | Summer term | Block 4 – Angles and polygons | Step 6 Mathematical talk • What is the definition of a polygon? • Is a circle a polygon? Explain your answer. • How many sides does a decagon have? Explain how you know. • Do polygons always have the same number of sides as they do angles? Explain your answer. • When is a polygon regular? • What is the name for a regular three-/four-sided polygon? • What is the same and what is different about a square and a rhombus? • Name as many different quadrilaterals as you can. What different properties do they have? • Can two different polygons have the same number of sides? Give examples to support your answer. • How might you sort polygons into groups? National Curriculum links • Describe, sketch and draw using conventional terms and notations: points, lines, parallel lines, perpendicular lines, right angles, regular polygons, and other polygons that are reflectively and rotationally symmetric",WR_PDF/Year 7/y7_summer_backfill/WRE Maths v3 Y7 SUM B4 SOL Angles and polygons.pdf,WRE Maths v3 Y7 SUM B4 SOL Angles and polygons.pdf,,high,,False,False,,,,angles and
Year 7,Summer,4,,Angles and,Angles and polygons,7,Angles in a triangle,"In this small step, students consolidate their understanding from Key Stage 2 that interior angles of a triangle sum to 180°. Remind students that the angles on a straight line also sum to 180° and link this to tearing off and rearranging the corners of a triangle to form a straight line. Encourage exploration with different types of triangles, including scalene, isosceles and equilateral, to show that the rule always holds. Practical activities, such as folding paper triangles, can help secure understanding of triangle properties, for example folding an isosceles triangle along its line of symmetry to show that the base angles are equal. Once confident, students apply this fact to calculate unknown angles in a triangle. Challenge them to solve multi-step angle problems that require applying a combination of the angle facts covered so far in this block. Calculators can be used to keep the focus on applying the angle rule, rather than on the arithmetic. Misconceptions and common errors • Students may believe that the sum of angles in a triangle is 360°. • Students may try to measure rather than calculate angles. • Students may use incorrect or incomplete explanations when giving reasons, such as “because they add to 180°”. Year 7 | Summer term | Block 4 – Angles and polygons | Step 7 Mathematical talk • What is the sum of the interior angles of a triangle? • How can you show that the angles in a triangle always sum to 180°? • How many angles do you need to know to be able to find all the interior angles of a triangle? • If two angles in a triangle are 45° and 90°, what is the size of the unknown angle? What type of triangle is it? • If one angle in an isosceles triangle is 50°, what could the other two angles be? Is there more than one possible answer? Are there more than two possible answers? • If a triangle has two equal angles, what can you say about its sides? • Can a triangle have more than one obtuse angle? Explain your answer. National Curriculum links • Derive and illustrate properties of triangles, quadrilaterals, circles, and other plane figures [for example, equal lengths and angles] using appropriate language and technologies • Derive and use the sum of angles in a triangle and use it to deduce the angle sum in any polygon, and to derive properties of regular polygons",WR_PDF/Year 7/y7_summer_backfill/WRE Maths v3 Y7 SUM B4 SOL Angles and polygons.pdf,WRE Maths v3 Y7 SUM B4 SOL Angles and polygons.pdf,,high,,False,False,,,,angles and
Year 7,Summer,4,,Angles and,Angles and polygons,8,Angles in a quadrilateral,"In this small step, students consolidate their understanding from Key Stage 2 that the interior angles of a quadrilateral sum to 360°. Link the angle sum in a quadrilateral to the angle sum in a triangle by showing how a quadrilateral can be split into two triangles. Demonstrating this with both convex and concave quadrilaterals reinforces that the rule applies in all cases. Explore a range of familiar quadrilaterals, such as rectangles, trapezia and parallelograms, to see that the sum of interior angles is always 360°. Students use this fact to form equations and calculate unknown angles, before solving multi-step problems involving quadrilaterals. Calculators can be used to keep the focus on applying the angle fact, rather than on the arithmetic. Misconceptions and common errors • Students may think that the interior angles in a quadrilateral sum to 180°, rather than 360°. • Students may believe that the angle sum changes for concave quadrilaterals. • Students may try to measure rather than calculate angles. • Students may use incorrect or incomplete explanations when giving reasons, such as “because it is a quadrilateral”. Year 7 | Summer term | Block 4 – Angles and polygons | Step 8 Mathematical talk • How many triangles can a quadrilateral be split into? What does this tell you about the total angle sum? • If a quadrilateral has four right angles, is it a square? Explain your answer. • Can a quadrilateral have four obtuse angles? Explain your answer. • If a quadrilateral has two pairs of equal angles, what type of quadrilateral could it be? • Can a quadrilateral have one reflex interior angle? Explain your answer. • How could you form an equation to calculate the unknown angle? • How could you check your answer? National Curriculum links • Derive and illustrate properties of triangles, quadrilaterals, circles, and other plane figures [for example, equal lengths and angles] using appropriate language and technologies • Apply angle facts, triangle congruence, similarity and properties of quadrilaterals to derive results about angles and sides, including Pythagoras’ theorem, and use known results to obtain simple proofs",WR_PDF/Year 7/y7_summer_backfill/WRE Maths v3 Y7 SUM B4 SOL Angles and polygons.pdf,WRE Maths v3 Y7 SUM B4 SOL Angles and polygons.pdf,,high,,False,False,,,,angles and
Year 7,Summer,4,,Angles and,Angles and polygons,9,Solve problems with angles,"In this small step, students apply known angle facts to calculate unknown angles in a variety of contexts. At this stage, students should be confident in using all the angle facts covered so far in this block. The focus of this step is on identifying which fact to apply and justifying solutions using accurate mathematical vocabulary and notation. Encourage students to explain their thinking clearly and to check whether their answers are sensible. Model how to set up and solve equations based on different angle facts. More challenging questions may combine several angle facts, requiring a step-by- step approach to reach the solution. Calculators can be used to ensure that the focus remains on the application of the angle facts, rather than the arithmetic. Misconceptions and common errors • Students may confuse which fact or facts apply to a situation. • Students may forget that vertically opposite angles are equal and instead assume that they sum to 180° or 360°. • Students may try to measure rather than calculate angles. • Students may not show clear reasoning or may use incorrect or incomplete justification when explaining their answers. Year 7 | Summer term | Block 4 – Angles and polygons | Step 9 Mathematical talk • What do you know? What can you find out? • What information can you add to the diagram? • How do you decide which angle fact to use and apply? • Is it possible to apply more than one angle fact in this problem? • Which angle facts do you know? • Which angle facts do you think you will need to apply to this problem? • How do you know whether to use 180° or 360° in a calculation? • How can you check that your answer is sensible once you have calculated an unknown angle? National Curriculum links • Apply the properties of angles at a point, angles at a point on a straight line, vertically opposite angles • Derive and use the sum of angles in a triangle and use it to deduce the angle sum in any polygon, and to derive properties of regular polygons • Apply angle facts, triangle congruence, similarity and properties of quadrilaterals to derive results about angles and sides, including Pythagoras’ theorem, and use known results to obtain simple proofs",WR_PDF/Year 7/y7_summer_backfill/WRE Maths v3 Y7 SUM B4 SOL Angles and polygons.pdf,WRE Maths v3 Y7 SUM B4 SOL Angles and polygons.pdf,,high,,False,False,,,,angles and
Year 7,Summer,4,,Angles and,Angles and polygons,10,Parallel and perpendicular lines,"In this small step, students consolidate and extend their Key Stage 2 understanding of parallel and perpendicular lines. Remind students that parallel lines are always the same distance apart and never meet, no matter how far they are extended. Perpendicular lines meet at a right angle (90°), which can be shown using a square corner or set square. Use clear diagrams and practical examples, such as train tracks for parallel lines or the corner of a book for perpendicular lines. Encourage students to spot these relationships in shapes, coordinate grids and the classroom environment. Emphasise accurate vocabulary, such as “intersect” and “right angle”, and correct notation, including arrows for parallel lines and squares for right angles. Students should practise drawing parallel and perpendicular lines using a ruler and protractor or set square. Misconceptions and common errors • Students may assume that all lines that do not meet are parallel, overlooking the fact that parallel lines must also be equidistant. • Students may assume that lines need to be the same length to be parallel. • Students may confuse perpendicular lines with any intersecting lines. Year 7 | Summer term | Block 4 – Angles and polygons | Step 10 Mathematical talk • How can you tell that two lines are parallel? • What does it mean for two lines to be the same distance apart? • Can parallel lines ever meet? Explain your answer. • What makes a pair of lines perpendicular? • How can you check that two lines are perpendicular? • What is the same and what is different about parallel lines and perpendicular lines? • Where might you see parallel/perpendicular lines in everyday life? • If line AB is perpendicular to CD, and EF is parallel to AB, what is the relationship between EF and CD? National Curriculum links • Describe, sketch and draw using conventional terms and notations: points, lines, parallel lines, perpendicular lines, right angles, regular polygons, and other polygons that are reflectively and rotationally symmetric",WR_PDF/Year 7/y7_summer_backfill/WRE Maths v3 Y7 SUM B4 SOL Angles and polygons.pdf,WRE Maths v3 Y7 SUM B4 SOL Angles and polygons.pdf,,high,,False,False,,,,angles and
Year 7,Summer,4,,Angles and,Angles and polygons,11,Investigate angles in parallel lines  E,"In this extend step, students explore angles formed when a transversal crosses parallel lines. The focus of this step is on careful measurement and observation of angles in parallel lines. Students investigate patterns and compare different angle positions. Encourage them to use known angle facts, such as angles on a straight line or around a point, to justify their ideas, where possible. Provide opportunities for students to test their conjectures with further examples to build confidence. This investigative approach develops curiosity and provides a secure foundation for introducing formal parallel line angle facts in later steps. Misconceptions and common errors • Students may believe that all angles formed by a transversal and parallel lines are equal. • Students may believe that parallel lines must always be horizontal. • Students may not understand that there can be more than two parallel lines in a set. Year 7 | Summer term | Block 4 – Angles and polygons | Step 11 Mathematical talk • How can you identify parallel lines? • Do parallel lines always have to be drawn horizontally? Explain your answer. • How many angles are created when a transversal intersects a pair of parallel lines? • What do you notice about the sizes of the angles formed between a transversal and parallel lines? Is there a pattern? • Are there any other pairs of equal angles? Explain how you know. • If you know the size of one angle, how can you use angles on a straight line, vertically opposite angles and angles around a point to work out other angles? National Curriculum links • Apply the properties of angles at a point, angles at a point on a straight line, vertically opposite angles • Understand and use the relationship between parallel lines and alternate and corresponding angles • Describe, sketch and draw using conventional terms and notations: points, lines, parallel lines, perpendicular lines, right angles, regular polygons, and other polygons that are reflectively and rotationally symmetric E",WR_PDF/Year 7/y7_summer_backfill/WRE Maths v3 Y7 SUM B4 SOL Angles and polygons.pdf,WRE Maths v3 Y7 SUM B4 SOL Angles and polygons.pdf,,high,,False,False,,,,angles and
Year 7,Summer,4,,Angles and,Angles and polygons,12,Angles in any polygon  E,"In this extend step, students are introduced to the sum of the interior angles in a polygon. Start with triangles, where the angles sum to 180°, and quadrilaterals, which can be split into two triangles to give 360°. Explore polygons with more sides by partitioning them into triangles from a single vertex, for example splitting a pentagon into three triangles, making the sum of the interior angles 540°. Encourage students to investigate different polygons and record their findings, noticing how the number of sides links to the number of triangles and the total angle sum. Then introduce regular polygons, showing how each interior angle can be found by dividing the total by the number of sides. Students also identify interior and exterior angles at a vertex and calculate them using their knowledge of angles on a straight line. Misconceptions and common errors • Students may think that the sum of the interior angles differs between regular and irregular polygons. • Students may assume that the sum of the angles can be found by multiplying the number of sides by 180°. • Students may struggle to split the polygons into triangles, using more than one vertex. Year 7 | Summer term | Block 4 – Angles and polygons | Step 12 Mathematical talk • How many triangles can a quadrilateral be split into? What does that tell you about the total sum of its interior angles? • If a pentagon can be split into three triangles, what does that tell you about the total sum of its interior angles? • Why is the interior angle sum of any polygon always a multiple of 180°? • Describe the relationship between the number of sides a polygon has and the number of triangles it can be split into from one vertex. • How can you calculate the angle sum of any polygon? Does your method work for concave polygons? National Curriculum links • Derive and use the sum of angles in a triangle and use it to deduce the angle sum in any polygon, and to derive properties of regular polygons E",WR_PDF/Year 7/y7_summer_backfill/WRE Maths v3 Y7 SUM B4 SOL Angles and polygons.pdf,WRE Maths v3 Y7 SUM B4 SOL Angles and polygons.pdf,,high,,False,False,,,,angles and
Year 7,Summer,4,,Angles and,Angles and polygons,13,Simple proofs  E,"In this extend step, students are introduced to the idea of simple proofs using known angle facts. Distinguish between a demonstration, which shows why something is true in one case, and a proof, which explains why it is always true. Model how the angles in a triangle sum to 180° by cutting out the three corners and rearranging them so that they fit together along a straight line. Encourage students to make links to earlier angle facts, recognising that angles on a straight line sum to 180°. Students should practise writing short proofs, focusing on clear reasoning and step-by-step justification. Discussions about efficiency and generalisation will help students to see how proofs provide certainty and are more powerful than examples alone. Misconceptions and common errors • Students may think that showing one example is enough to prove a fact. • Students may think that proofs are only shown by calculations, rather than reasoning and logical facts. • Students may write explanations without a clear structure. • Students may struggle with more challenging expressions such as 180 − (90 − x). Year 7 | Summer term | Block 4 – Angles and polygons | Step 13 Mathematical talk • What is the same and what is different about a proof and a demonstration? • What do you know? What can you find out? • Is it possible to prove something in more than one way? • How could you prove that there are 360° in a full turn? • Why is it important to write each step of a proof in order? • This trapezium has two right angles. Does this mean that every trapezium has two right angles? Explain how you know. • How can you prove that the angles in a pentagon sum to 540° using the fact that angles in a triangle sum to 180°? National Curriculum links • Apply angle facts, triangle congruence, similarity and properties of quadrilaterals to derive results about angles and sides, including Pythagoras’ theorem, and use known results to obtain simple proofs E",WR_PDF/Year 7/y7_summer_backfill/WRE Maths v3 Y7 SUM B4 SOL Angles and polygons.pdf,WRE Maths v3 Y7 SUM B4 SOL Angles and polygons.pdf,,high,,False,False,,,,angles and
Year 8,Summer,1,,Angles in,Angles in parallel lines and polygons,1,Basic angle rules and notation,"In this small step, students review the basic rules of angles and notation covered in Year 7 Start by looking at each rule in isolation: the sum of angles on a straight line, angles around a point and angles in triangles and quadrilaterals. Students should be able to identify when angles sum to 180° or 360° and when angles are equal. Once they are confident in identifying the correct rule, move on to diagrams where more than one rule may need to be applied. Remind students of the three-letter angle notation, which is used throughout the block. Encourage them to explain and justify how they identify and calculate angles, using correct vocabulary and angle rules. Misconceptions and common errors • Students may confuse the different rules relating to angles in lines and shapes. • Students may confuse instances when angles sum to 180° and when they sum to 360°. • Students may believe that angles on the same straight line that do not meet still sum to 180°. • In their calculations, students may not account for angles that are not labelled. Year 8 | Summer term | Block 1 – Angles in parallel lines and polygons | Step 1 National Curriculum links • Use the standard conventions for labelling the sides and angles of triangle ABC, and know and use the criteria for congruence of triangles • Apply the properties of angles at a point, angles at a point on a straight line, vertically opposite angles Mathematical talk • What is the sum of the angles on a straight line? • In which shape do the interior angles sum to 360°? • A triangle has angles of ° and °. What is the size of the third angle? • What is the difference between an acute angle and an obtuse angle? • In the angle notation ABC, the intersection of the lines forming the angle will be labelled with which letter? • Vertically opposite angles are • Angles in a triangle sum to °. • Angles in a quadrilateral sum to °.",WR_PDF/Year 8/y8_summer_backfill/WRE Maths v3 Y8 SUM B1 SOL Angles in parallel lines and polygons.pdf,WRE Maths v3 Y8 SUM B1 SOL Angles in parallel lines and polygons.pdf,,high,,False,False,,,,angles in
Year 8,Summer,1,,Angles in,Angles in parallel lines and polygons,2,Angles in parallel lines,"In this small step, students investigate the properties of parallel lines, and the angles formed between them and an intersecting transversal. Ensure that students are confident in identifying when lines are parallel and when they are not, using examples and non-examples. Once students are confident in the properties of parallel lines, introduce the transversal. Students measure the angles formed and discover the relationship between the angles. Encourage them to use the correct vocabulary when describing angles. The terms “alternate” and “corresponding” are introduced in this step to describe pairs of angles and their relative positions. Misconceptions and common errors • Students may think that two lines with a transversal are parallel when they are not. • Students may believe that all angles between parallel lines and a transversal are equal. • Students may believe that parallel lines must be horizontal. • Students may not know that there can be more than two parallel lines in a set. Year 8 | Summer term | Block 1 – Angles in parallel lines and polygons | Step 2 National Curriculum links • Apply the properties of angles at a point, angles at a point on a straight line, vertically opposite angles • Understand and use the relationship between parallel lines and alternate and corresponding angles • Describe, sketch and draw using conventional terms and notations: points, lines, parallel lines, perpendicular lines, right angles, regular polygons, and other polygons that are reflectively and rotationally symmetric Mathematical talk • What do sets of parallel lines have in common? • How can you identify a set of parallel lines? • Are parallel lines always drawn horizontally? Explain how you know. • How can you identify a pair of equal angles? • If a transversal is perpendicular to a set of parallel lines, what is the size of each angle formed? • What do you notice about the sizes of the angles formed between a transversal and parallel lines? • How can you identify which angles are of equal size? • How can you identify a pair of alternate/corresponding angles?",WR_PDF/Year 8/y8_summer_backfill/WRE Maths v3 Y8 SUM B1 SOL Angles in parallel lines and polygons.pdf,WRE Maths v3 Y8 SUM B1 SOL Angles in parallel lines and polygons.pdf,,high,,False,False,,,,angles in
Year 8,Summer,1,,Angles in,Angles in parallel lines and polygons,3,Alternate and corresponding angles,"In this small step, students begin formally calculating the sizes of alternate and corresponding angles between parallel lines. They build on their learning from the previous step, understanding that in parallel lines, alternate angles are always equal and corresponding angles are always equal. Use examples and non-examples to aid understanding. As with previous steps, ensure that students use the correct vocabulary and angle notation when describing angles and the appropriate language when justifying their reasoning, for example stating “because alternate angles are equal” rather than “because they are alternate”. Misconceptions and common errors • Students may confuse the positions of alternate and corresponding angles. • Students may believe that alternate and corresponding angles are always equal regardless of whether the lines are parallel. • Students may not label the diagram correctly, leading to misapplied reasoning. Year 8 | Summer term | Block 1 – Angles in parallel lines and polygons | Step 3 National Curriculum links • Understand and use the relationship between parallel lines and alternate and corresponding angles • Describe, sketch and draw using conventional terms and notations: points, lines, parallel lines, perpendicular lines, right angles, regular polygons, and other polygons that are reflectively and rotationally symmetric Mathematical talk • What is the same and what is different about alternate and corresponding angles? • What do you notice about the positions of alternate/ corresponding angles? • How can you identify a pair of corresponding angles? • Can a pair of alternate angles be reflex angles? • Which of the angles is alternate to angle x? Which angles are corresponding? Explain how you know. • Would the corresponding angles be equal if the lines were not parallel? Explain how you know. • Corresponding angles are • Alternate angles are",WR_PDF/Year 8/y8_summer_backfill/WRE Maths v3 Y8 SUM B1 SOL Angles in parallel lines and polygons.pdf,WRE Maths v3 Y8 SUM B1 SOL Angles in parallel lines and polygons.pdf,,high,,False,False,,,,angles in
Year 8,Summer,1,,Angles in,Angles in parallel lines and polygons,4,"Alternate, corresponding and co-interior angles","In this small step, students consolidate their knowledge of alternate and corresponding angles and begin to explore co-interior angles in parallel lines. As in previous steps, explore examples and non-examples using parallel and non-parallel lines to make connections to the fact that co-interior angles in parallel lines sum to 180°. Emphasise that they lie on the same side of the transversal, with both angles between the parallel lines. Initially, encourage students to measure co-interior angles to highlight the relationship between them, discussing how they are different from alternate and corresponding angles, not just in position but also in their properties. Include vertical parallel lines and sets of more than two parallel lines with the same transversal. Misconceptions and common errors • Students may believe that co-interior angles are equal in size, as with alternate and corresponding angles. • Students may misidentify co-interior angles, for example believing that angles that are on the same side of the transversal but not within the parallel lines are co-interior. • Students may struggle to identify co-interior angles when the parallel lines are vertical or embedded in a complex diagram. Year 8 | Summer term | Block 1 – Angles in parallel lines and polygons | Step 4 National Curriculum links • Apply the properties of angles at a point, angles at a point on a straight line, vertically opposite angles • Understand and use the relationship between parallel lines and alternate and corresponding angles Mathematical talk • What do co-interior angles sum to? • How can you identify a pair of co-interior angles on a diagram? • One angle in a pair of co-interior angles is °. What must the other angle be? Explain how you know. • What is the same and what is different about co-interior angles and alternate angles? • How can you use other angle facts to show that co-interior angles sum to 180°? • A pair of angles on a diagram are 56° and 124°. Could the angles be co-interior? Explain how you know. • The co-interior angles on the diagram are ° and °. • Are the lines on the diagram parallel? Explain how you know.",WR_PDF/Year 8/y8_summer_backfill/WRE Maths v3 Y8 SUM B1 SOL Angles in parallel lines and polygons.pdf,WRE Maths v3 Y8 SUM B1 SOL Angles in parallel lines and polygons.pdf,,high,,False,False,,,,angles in
Year 8,Summer,1,,Angles in,Angles in parallel lines and polygons,5,Solve problems with angles in parallel lines,"In this small step, students use the angle facts covered in the previous steps to solve more complex, multi-step problems. Model the thought processes involved when approaching problem-solving questions. Verbalise each step to help students understand how to break down a problem, identify key information and decide which mathematical strategy to apply. Throughout this step, encourage students to label their diagrams, show their workings clearly and justify their answers using correct angle notation and vocabulary. Ensure that students check their answers throughout. Misconceptions and common errors • Students may misapply the rules for alternate and corresponding angles. • Students may mistakenly believe that pairs of angles are equal in situations where they sum to 180°, or vice versa. • Students may not recognise pairs of alternate, corresponding or co-interior angles in more complex diagrams or problems. Year 8 | Summer term | Block 1 – Angles in parallel lines and polygons | Step 5 National Curriculum links • Apply the properties of angles at a point, angles at a point on a straight line, vertically opposite angles • Understand and use the relationship between parallel lines and alternate and corresponding angles Mathematical talk • What do you know? What can you find out? • Which pairs of angles are equal? • Which angles sum to 180°? • What information can you add to the diagram? • Can you identify the pairs of parallel lines? • How can you tell that two lines are parallel? • What angle facts do you need for this question? • How do you know that angles and are equal? • Is line segment parallel to line segment ? Explain how you know. • Which angles do you need to know to be able to work out the sizes of all the others? • How can you check your answer?",WR_PDF/Year 8/y8_summer_backfill/WRE Maths v3 Y8 SUM B1 SOL Angles in parallel lines and polygons.pdf,WRE Maths v3 Y8 SUM B1 SOL Angles in parallel lines and polygons.pdf,,high,,False,False,,,,angles in
Year 8,Summer,1,,Angles in,Angles in parallel lines and polygons,6,Properties of special quadrilaterals and their diagonals,"In this small step, students investigate the properties of quadrilaterals and their diagonals. A Frayer model can be useful to explore the characteristics of quadrilaterals, as well as providing examples and non-examples. Start by focusing on special quadrilaterals such as squares, rectangles, trapezia, rhombi and parallelograms. Encourage students to consider their similarities as well as how they differ, for example in terms of how many sets of parallel lines or right angles they have. Students can then discuss the fact that diagonals join opposite vertices of a quadrilateral and can sometimes be vertical or horizontal in orientation. Misconceptions and common errors • Students may confuse the names and properties of different quadrilaterals. • Students may believe that all quadrilaterals have the same properties, for example equal sides and right angles. • Students may not recognise that diagonals connect opposite vertices, not adjacent ones. • Students may believe that diagonals cannot be vertical or horizontal in orientation. Year 8 | Summer term | Block 1 – Angles in parallel lines and polygons | Step 6 National Curriculum links • Derive and illustrate properties of triangles, quadrilaterals, circles, and other plane figures [for example, equal lengths and angles] using appropriate language and technologies • Apply angle facts, triangle congruence, similarity and properties of quadrilaterals to derive results about angles and sides, including Pythagoras’ theorem, and use known results to obtain simple proofs Mathematical talk • What is the same and what is different about a parallelogram and a rectangle? • What is the name of a four-sided shape with two pairs of parallel lines? Is there more than one answer? • Can a trapezium contain more than two right angles? Explain how you know. • What is the name of a regular quadrilateral? • Can the diagonal of a square be the same length as its sides? Explain how you know. • What types of quadrilaterals have diagonals that are equal in length? • Which quadrilaterals have diagonals that are perpendicular? Explain how you know.",WR_PDF/Year 8/y8_summer_backfill/WRE Maths v3 Y8 SUM B1 SOL Angles in parallel lines and polygons.pdf,WRE Maths v3 Y8 SUM B1 SOL Angles in parallel lines and polygons.pdf,,high,,False,False,,,,angles in
Year 8,Summer,1,,Angles in,Angles in parallel lines and polygons,7,Find unknown lengths and angles in special quadrilaterals,"In this small step, students use the properties of special quadrilaterals to work out unknown sides and angles. Throughout this step, students apply their knowledge of angle facts, particularly that angles in a quadrilateral sum to 360° and the properties of angles in parallel lines, to make deductions and justify their answers. Start with quadrilaterals in isolation before moving on to compound shapes and more complex diagrams involving quadrilaterals. Encourage students to discuss and label the information on the diagrams and to use correct angle notation and vocabulary to give reasons for their answers. Calculators can be used to ensure that the focus is on angle reasoning rather than arithmetic. Misconceptions and common errors • Students may believe that all quadrilaterals have equal sides and equal angles. • Students may confuse the properties of specific quadrilaterals. • Students may misapply angle facts and properties of shapes. • Students may not give sufficient reasons for their answers. Year 8 | Summer term | Block 1 – Angles in parallel lines and polygons | Step 7 National Curriculum links • Apply angle facts, triangle congruence, similarity and properties of quadrilaterals to derive results about angles and sides, including Pythagoras’ theorem, and use known results to obtain simple proofs Mathematical talk • What is the same and what is different about a rhombus and a parallelogram? • What quadrilaterals can you see in the diagram? • Given that the length of is , what else can you work out? • Have you fully labelled your diagram? Explain how you know. • How many right angles does the shape have? • What is the sum of the angles in a quadrilateral? • What do you know about opposite sides in a rectangle/parallelogram/rhombus? • What do you know about the side lengths of a square?",WR_PDF/Year 8/y8_summer_backfill/WRE Maths v3 Y8 SUM B1 SOL Angles in parallel lines and polygons.pdf,WRE Maths v3 Y8 SUM B1 SOL Angles in parallel lines and polygons.pdf,,high,,False,False,,,,angles in
Year 8,Summer,1,,Angles in,Angles in parallel lines and polygons,8,Exterior angles of a polygon,"In this small step, students explore the exterior angles of a polygon. Discuss the definition of a polygon, using examples and non-examples to support understanding. Ensure that students are familiar with exterior angles, understanding that they are formed by extending the sides of a polygon and not that they are the remaining angle around the point at each vertex. Establish the relationship between interior and exterior angles, recognising that the two angles will form a straight line and therefore sum to 180°. Then move on to deduce that the exterior angle sum of any polygon is 360°. Ensure that students understand that the exterior angles will only ever be equal when the polygon is regular. Misconceptions and common errors • Students may believe that the exterior angle is the remaining angle around a point, rather than being formed by extending the sides of the polygon. • Students may believe that the exterior angle sum varies, depending on the number of sides of the polygon. • Students may believe that the sum of interior and exterior angles is 360° rather than 180°. Year 8 | Summer term | Block 1 – Angles in parallel lines and polygons | Step 8 National Curriculum links • Derive and use the sum of angles in a triangle and use it to deduce the angle sum in any polygon, and to derive properties of regular polygons Mathematical talk • How can you identify the exterior angles of a shape? • Is a circle a polygon? Explain how you know. • What are the two conditions that make a polygon regular? • What is the sum of the exterior angles of a polygon? • What do you know about the size of exterior angles in a regular polygon? • Each exterior angle of a regular polygon is 72°. How many sides does the polygon have? What is the name of the polygon? • What is the size of each exterior angle in a regular octagon? • An irregular pentagon has exterior angles of 45°, 100°, 28° and 86°. What is the size of the fifth exterior angle?",WR_PDF/Year 8/y8_summer_backfill/WRE Maths v3 Y8 SUM B1 SOL Angles in parallel lines and polygons.pdf,WRE Maths v3 Y8 SUM B1 SOL Angles in parallel lines and polygons.pdf,,high,,False,False,,,,angles in
Year 8,Summer,1,,Angles in,Angles in parallel lines and polygons,9,Interior angles of a polygon,"In this small step, students explore the interior angles of a polygon. Ensure that students are aware that the sum of the interior angle and the exterior angle at a vertex is 180°. Once students are secure in this, move on to calculating the interior angle sum. Use diagrams to explore the relationship between the number of sides a polygon has and the number of internal triangles that can be formed within it. This will lead students to deduce that the interior angle sum is equal to (n − 2 ) × 180°, where n is the number of sides. Challenge students to work out the sizes of unknown angles in a polygon by calculating the interior angle sum. Misconceptions and common errors • Students may believe that the interior angle sum is the same for all polygons. • Students may believe that the interior angle sum is found by multiplying the number of sides by 180 • Students may believe that all polygons have equal interior angles. Year 8 | Summer term | Block 1 – Angles in parallel lines and polygons | Step 9 National Curriculum links • Derive and use the sum of angles in a triangle and use it to deduce the angle sum in any polygon, and to derive properties of regular polygons Mathematical talk • What does “interior angle sum” mean? • How can you calculate the interior angle sum of any polygon? • If a polygon is regular, what do you know about its angles? • Can a polygon have a reflex interior angle? Explain how you know. • Will the interior angle sum of a 20-sided shape be greater or less than that of a 19-sided shape? Explain how you know. • Why is the number of interior triangles multiplied by 180 to find the total sum of the interior angles? • A shape has an interior angle sum of °. How can you work out the number of sides the polygon has? • How do you calculate the interior angle sum of a 102-sided shape? • What is the interior angle sum of a polygon with 36 sides?",WR_PDF/Year 8/y8_summer_backfill/WRE Maths v3 Y8 SUM B1 SOL Angles in parallel lines and polygons.pdf,WRE Maths v3 Y8 SUM B1 SOL Angles in parallel lines and polygons.pdf,,high,,False,False,,,,angles in
Year 8,Summer,1,,Angles in,Angles in parallel lines and polygons,10,Interior angles of a regular polygon,"In this small step, students build on learning from the previous steps to find the sizes of unknown angles in regular polygons. Start by discussing the term “regular”, as students often misunderstand this to mean only equal lengths, rather than equal lengths and equal angles. Compare different methods to work out the size of one interior angle. Once students are confident in working out unknown angles in a single polygon, move on to examples of compound shapes made from regular polygons. Encourage students to give reasons for each stage of their workings. This step provides an opportunity for students to determine and apply the most suitable method for each question. Calculators may be used throughout this step, so that the focus remains on the method rather than the arithmetic. Misconceptions and common errors • Students may confuse interior and exterior angles. • Students may confuse the size of interior angles with the interior angle sum. • Students may believe that all interior angles are equal in size, even when the polygon is irregular. Year 8 | Summer term | Block 1 – Angles in parallel lines and polygons | Step 10 National Curriculum links • Derive and use the sum of angles in a triangle and use it to deduce the angle sum in any polygon, and to derive properties of regular polygons Mathematical talk • What is meant by an “interior angle”? • What is the connection between an interior angle and the adjacent exterior angle? • If a polygon has equal interior angles, is the polygon regular? Explain how you know. • A polygon has an interior angle sum of 900°. How many sides does the polygon have? • The interior angle sum of a regular polygon is 1080°. What is the size of each interior angle? • A regular polygon has 12 sides. What is the size of each interior angle? • Can a polygon have an interior angle that is greater than 180°? Explain how you know. • Can two different polygons have the same interior angle sum? Explain how you know.",WR_PDF/Year 8/y8_summer_backfill/WRE Maths v3 Y8 SUM B1 SOL Angles in parallel lines and polygons.pdf,WRE Maths v3 Y8 SUM B1 SOL Angles in parallel lines and polygons.pdf,,high,,False,False,,,,angles in
Year 8,Summer,1,,Angles in,Angles in parallel lines and polygons,11,Prove simple geometric facts  E,"In this extend step, students begin to prove or disprove simple geometric facts. Start with formal proofs of facts that students are already familiar with, such as proving that the sum of angles in a triangle is 180°. Highlight the difference between a proof and a demonstration by comparing a formal method with a visual approach such as tearing the corners off a triangle to show that they form a straight line. Once confident, students can move on to simple “show that” activities and begin to become familiar with the language when testing conjectures. Emphasise the importance of labelling diagrams, justifying each stage of their workings and using correct angle notation. Misconceptions and common errors • Students may mistakenly think that a visual demonstration is a formal proof. • Students may believe that providing examples is enough to prove a general statement. • Students may not use correct angle and line notation. • Students may not label their diagrams correctly. Year 8 | Summer term | Block 1 – Angles in parallel lines and polygons | Step 11 National Curriculum links • Apply angle facts, triangle congruence, similarity and properties of quadrilaterals to derive results about angles and sides, including Pythagoras’ theorem, and use known results to obtain simple proofs Mathematical talk • What is the difference between a proof and a demonstration? • How do you know that a result will always be true? • What do you know? What can you find out? • Is all the information in the question labelled on the diagram? Explain how you know. • How can you prove that the adjacent interior and exterior angles in a polygon sum to 180°? • Are alternate angles always equal? Explain how you know. • How can you prove that two line segments are parallel? • What angle facts can be used? Explain how you know. • How can you write the angle in terms of x? How can you justify your reasoning? E",WR_PDF/Year 8/y8_summer_backfill/WRE Maths v3 Y8 SUM B1 SOL Angles in parallel lines and polygons.pdf,WRE Maths v3 Y8 SUM B1 SOL Angles in parallel lines and polygons.pdf,,high,,False,False,,,,angles in
Year 8,Summer,2,,Probability,Tables and probability,1,Probability vocabulary,"In this small step, students are introduced to key vocabulary that underpins future probability work. Students explore the meaning of terms such as “event”, “outcome”, “certain”, “impossible”, “even chance”, “likely” and “unlikely”. Take time to consider each term in context, using everyday examples to support understanding. Encourage students to identify what the event is and the possible outcomes, and to begin reflecting on factors that affect the likelihood of an event happening, such as forecasting the weather or making decisions based on previous outcomes. Bias can be explored by asking students to consider situations such as comparing a fair spinner to a weighted spinner, to show how unequal likelihood affects probability. Misconceptions and common errors • Students may think that all events have an equal chance of happening or not happening. • Students may believe that recent outcomes affect future results. • Students may think that an event and an outcome are the same. Year 8 | Summer term | Block 2 – Tables and probability | Step 1 National Curriculum links • Record, describe and analyse the frequency of outcomes of simple probability experiments involving randomness, fairness, equally and unequally likely outcomes, using appropriate language and the 0–1 probability scale Mathematical talk • What is the difference between a certain event and an impossible event? • How can you describe the probability of this event happening? • Which of these events do you think is more likely? Explain your answer. • Give an example of an event that is certain to happen. • Give an example of an event that is impossible. • Give an example of an event that has two outcomes that are equally likely. • If something is unlikely, can it ever happen? Explain your answer. • The probability of is",WR_PDF/Year 8/y8_summer_backfill/WRE Maths v3 Y8 SUM B2 SOL Tables and probability.pdf,WRE Maths v3 Y8 SUM B2 SOL Tables and probability.pdf,,high,,False,False,,,,probability
Year 8,Summer,2,,Probability,Tables and probability,2,The probability scale,"In this small step, students build on the previous step to place events on a probability scale from zero to 1 Students connect qualitative descriptions (impossible, unlikely, even chance, likely and certain) with numerical values, recognising that probability can be represented as a number between zero and 1. This builds on their experience with number lines and provides an opportunity to apply knowledge of fractions, decimals and percentages in a new context. It also offers valuable revision of equivalence and ordering. Emphasise that probability is a measure of likelihood. Encourage students to use the vocabulary from the previous step to justify where they place events on the scale. Misconceptions and common errors • Students may assume that all probabilities are written as fractions. • Students may neglect the fact that all probabilities need to be between zero and 1. For example, a probability of 25% is possible but a probability of 25 is not. • Students may misplace probabilities on the scale because of errors made when converting between fractions and decimals. Year 8 | Summer term | Block 2 – Tables and probability | Step 2 National Curriculum links • Record, describe and analyse the frequency of outcomes of simple probability experiments involving randomness, fairness, equally and unequally likely outcomes, using appropriate language and the 0–1 probability scale Mathematical talk • Why does the probability scale end at 1? • Where does the probability scale begin? • What is the probability of an impossible event? • If the likelihoods of two events are marked on a probability scale, how can you tell which is more likely? • What is the difference between 1 and 0.99 on the probability scale? • Can an even chance always be represented by 0.5? Explain your answer. • What three values can be used to represent an even chance? • Is 50% the same as 50? Explain how you know. • Can an unlikely event be represented by 0.25? Explain how you know.",WR_PDF/Year 8/y8_summer_backfill/WRE Maths v3 Y8 SUM B2 SOL Tables and probability.pdf,WRE Maths v3 Y8 SUM B2 SOL Tables and probability.pdf,,high,,False,False,,,,probability
Year 8,Summer,2,,Probability,Tables and probability,3,Probability of a single event,"In this small step, students calculate the probability of a single event and are introduced to the notation P(event). Use concrete resources such as dice, coins, spinners and coloured counters in a bag to establish that probability is calculated as number of successful outcomes total number of equally likely outcomes . Emphasise that probabilities can be written as fractions, decimals or percentages, but not in ratio notation. Discuss the concept of bias, emphasising that this method is only valid when all outcomes are equally likely. This step also provides an opportunity to practise converting between fractions, decimals and percentages in the context of probability. Misconceptions and common errors • Students may assume that all outcomes are equally likely, even when they are not. • Students may describe the probability in words rather than calculating it as a fraction/decimal/percentage. • Students may use incorrect total outcomes when interpreting word problems. Year 8 | Summer term | Block 2 – Tables and probability | Step 3 National Curriculum links • Record, describe and analyse the frequency of outcomes of simple probability experiments involving randomness, fairness, equally and unequally likely outcomes, using appropriate language and the 0–1 probability scale Mathematical talk • In what three ways can you express a probability? • What does “random” mean? • What does “P(event)” mean? • Why must the outcomes be equally likely for this method to work? • Is the probability of rolling a 6 on a dice always 1 6 ? Explain your answer. • Is 25 100 a greater probability than 1 4 ? Explain your answer. • Is the probability of an event always less than 1? Explain your answer. • What does the numerator of the fraction represent in this context? • How can you check that you have considered all the possible outcomes?",WR_PDF/Year 8/y8_summer_backfill/WRE Maths v3 Y8 SUM B2 SOL Tables and probability.pdf,WRE Maths v3 Y8 SUM B2 SOL Tables and probability.pdf,,high,,False,False,,,,probability
Year 8,Summer,2,,Probability,Tables and probability,4,Use the property that probabilities sum to 1,"In this small step, students calculate unknown probabilities using the fact that the sum of all probabilities for all possible outcomes is 1 Students apply this understanding in simple contexts and begin to see connections with forming and solving equations. This idea is also used to calculate the probability of an event not happening, by subtracting the probability of the event from 1. Representations such as part-whole models, bar models and probability tables can support students in visualising known and unknown probabilities. Reinforce the key idea that the probability of a certain event is 1, and the probability of an impossible event is zero. Misconceptions and common errors • Students may forget to subtract the known probabilities from 1 • Students may make incorrect calculations when working out complements to 1 • Students may not include the probabilities of all possible outcomes when calculating missing ones. • Students may mix up probabilities and frequencies. Year 8 | Summer term | Block 2 – Tables and probability | Step 4 National Curriculum links • Understand that the probabilities of all possible outcomes sum to 1 Mathematical talk • Why do the probabilities for all possible outcomes sum to 1? Why do they not sum to 2? Why do they not sum to 100? • Why are 100 and 100% different? • Can a probability be equal to 120%? Explain how you know. • Why can a probability not be less than zero? • How do you know that you have listed all the outcomes? • If an event has three outcomes, and two of the outcomes have probabilities of 0.4 and 0.5, what is the probability of the remaining outcome? • If an event has three outcomes, and two of the outcomes have probabilities of 1 3 and 2 5, what is the probability of the remaining outcome? • How can you check your answer?",WR_PDF/Year 8/y8_summer_backfill/WRE Maths v3 Y8 SUM B2 SOL Tables and probability.pdf,WRE Maths v3 Y8 SUM B2 SOL Tables and probability.pdf,,high,,False,False,,,,probability
Year 8,Summer,2,,Probability,Tables and probability,5,Probability experiments,"In this small step, students carry out and interpret simple probability experiments, exploring the difference between theoretical and experimental probability. Students investigate how and why results can vary across trials and begin to understand that, while experimental outcomes may fluctuate in the short term, they tend to stabilise and move closer to the theoretical probability as the number of trials increases. Highlight how using tally charts and frequency tables helps to organise and represent data clearly. Emphasise that results from small samples can be unreliable and may not reflect the true probability, while a greater number of trials improves the reliability of the results. Misconceptions and common errors • Students may believe that past events affect future outcomes. For example, if there have been 3 heads in a row, the next outcome must be tails. • Students may believe that small samples are enough to draw conclusions from. • Students may confuse theoretical probability with experimental probability. Year 8 | Summer term | Block 2 – Tables and probability | Step 5 National Curriculum links • Record, describe and analyse the frequency of outcomes of simple probability experiments involving randomness, fairness, equally and unequally likely outcomes, using appropriate language and the 0–1 probability scale Mathematical talk • If a fair coin is flipped 10 times, will it always land on heads 5 times? Explain your answer. • If a coin is flipped 10 times and lands on heads 7 times, what is the experimental probability of landing on heads? • If you roll a 6-sided dice and get six 1s in a row, what is the probability of getting a 1 with the next roll? • Why might the results of an experiment not match the theoretical probability? • How can you tell if a dice is fair? • Do you think that the experiment was biased? Explain your answer. • How does increasing the number of trials affect your results? • What could you change to make your experiment more reliable?",WR_PDF/Year 8/y8_summer_backfill/WRE Maths v3 Y8 SUM B2 SOL Tables and probability.pdf,WRE Maths v3 Y8 SUM B2 SOL Tables and probability.pdf,,high,,False,False,,,,probability
Year 8,Summer,2,,Probability,Tables and probability,6,Sample spaces for 1 or more events,"In this small step, students explore sample spaces by listing all possible outcomes of an experiment. Start with simple events, such as rolling one dice and recording the outcomes in a table. Extend this to combined events such as rolling two dice, flipping two coins or rolling a dice and flipping a coin. Emphasise how a sample space diagram, such as a table, provides a systematic approach to listing outcomes, to ensure that no outcomes are missed or duplicated. Encourage students to check that the total number of outcomes matches the expected product of the number of possibilities for each event, for example 6 × 6 = 36 for two dice. This step builds understanding of equally likely outcomes and lays the foundation for calculating probabilities from sample spaces. Misconceptions and common errors • Students may not work systematically and may miss or duplicate outcomes when listing combinations. • Students may include the top row and first column in their count when working out the total number of possible outcomes from a sample space diagram. • Students may not recognise that the order of the outcomes matters in some contexts. Year 8 | Summer term | Block 2 – Tables and probability | Step 6 National Curriculum links • Record, describe and analyse the frequency of outcomes of simple probability experiments involving randomness, fairness, equally and unequally likely outcomes, using appropriate language and the 0–1 probability scale • Generate theoretical sample spaces for single and combined events with equally likely, mutually exclusive outcomes and use these to calculate theoretical probabilities Mathematical talk • What is a sample space diagram? • How can you ensure that you have listed all possible outcomes in your sample space? • How can you determine what method or type of sample space diagram to use? • Does a sample space diagram always list all the possible outcomes? Explain how you know. • If you roll two dice, are there 12 outcomes? Explain your answer. • Could the sample space diagram be set out in another way? Would the outcomes be the same? • The total number of possible outcomes is",WR_PDF/Year 8/y8_summer_backfill/WRE Maths v3 Y8 SUM B2 SOL Tables and probability.pdf,WRE Maths v3 Y8 SUM B2 SOL Tables and probability.pdf,,high,,False,False,,,,probability
Year 8,Summer,2,,Probability,Tables and probability,7,Probabilities from sample space diagrams,"In this small step, students calculate probabilities from sample space diagrams. Use a sample space diagram to find the number of favourable outcomes and total possible outcomes. This reinforces the principle that probabilities are calculated as number of successful outcomes total number of equally likely outcomes . Encourage students to work systematically to identify outcomes that meet specific criteria, for example totals, colours or values. Emphasise the importance of interpreting and using probability notation, such as P(event), and explore the different ways probabilities can be represented as fractions, decimals or percentages. Misconceptions and common errors • Students may not work systematically and may miss or duplicate outcomes when listing combinations. • When calculating probability, students may use the number of times an outcome does not happen as the denominator of a fraction rather than using the total number of outcomes. • Students may misinterpret, for example, P(greater than 3) to include outcomes that are equal to 3 Year 8 | Summer term | Block 2 – Tables and probability | Step 7 National Curriculum links • Record, describe and analyse the frequency of outcomes of simple probability experiments involving randomness, fairness, equally and unequally likely outcomes, using appropriate language and the 0–1 probability scale • Generate theoretical sample spaces for single and combined events with equally likely, mutually exclusive outcomes and use these to calculate theoretical probabilities Mathematical talk • How many total outcomes are there in the sample space? How do you know? • What does “P(event)” mean? • In what three ways can you express a probability? • When expressing the probability as a fraction, what value is used for the denominator? • Can probabilities be simplified? Explain your answer. • Are all outcomes equally likely? Why is that important? • Why is it helpful to organise outcomes in a grid or table? • How can you check that no outcomes have been missed? • What could go wrong if you do not use a systematic approach?",WR_PDF/Year 8/y8_summer_backfill/WRE Maths v3 Y8 SUM B2 SOL Tables and probability.pdf,WRE Maths v3 Y8 SUM B2 SOL Tables and probability.pdf,,high,,False,False,,,,probability
Year 8,Summer,2,,Probability,Tables and probability,8,Two-way tables,"In this small step, students build on their understanding of two-way tables from Key Stage 2 by constructing and interpreting two-way tables that display data from two categorical variables. Start with completed tables, guiding students to interpret the meaning of each cell by referring to both the row and column labels. Discuss what each total represents and how the data is organised. As understanding develops, provide students with partially completed two-way tables to complete using addition or subtraction. They can then move on to constructing a two-way table from given information. Students do not need to calculate probabilities from two-way tables, as this is covered in the next step. Misconceptions and common errors • For the overall total, students may add both row and column totals, leading to double the correct value. • When finding missing values, students may use addition instead of subtraction. • Students may select the wrong cell when interpreting the table. Year 8 | Summer term | Block 2 – Tables and probability | Step 8 National Curriculum links • Construct and interpret appropriate tables, charts, and diagrams, including frequency tables, bar charts, pie charts, and pictograms for categorical data, and vertical line (or bar) charts for ungrouped and grouped numerical data Mathematical talk • What are the two categories described by the information given? • What does this cell in the table represent? Which two categories does it link? • How can you use the totals to complete the two-way table? • Does the total of the row always equal the sum of all the entries in the row? Explain your answer. • How will you decide how many rows and columns are needed? • What data are you given, and what do you still need to work out? • How can you check that you have completed the table correctly? • The columns show and the rows show",WR_PDF/Year 8/y8_summer_backfill/WRE Maths v3 Y8 SUM B2 SOL Tables and probability.pdf,WRE Maths v3 Y8 SUM B2 SOL Tables and probability.pdf,,high,,False,False,,,,probability
Year 8,Summer,2,,Probability,Tables and probability,9,Probabilities from two-way tables,"In this small step, students use two-way tables to calculate probabilities. Model how to extract relevant information from a two-way table to work out probabilities. Emphasise the importance of carefully reading the question and identifying the correct values, highlighting which total to divide by, as this may be the total for the entire table or a specific row or column total, depending on the wording and focus of the question. Reinforce accurate probability notation and remind students to express their answers as fractions, decimals or percentages. Misconceptions and common errors • Students may misread the table and select the wrong cell for an outcome. • Students may use the number of times an outcome does not happen as the denominator of a fraction when calculating probability, rather than using the total number of outcomes. • Students may use the total from the whole table when they should use the sub-category total. Year 8 | Summer term | Block 2 – Tables and probability | Step 9 National Curriculum links • Record, describe and analyse the frequency of outcomes of simple probability experiments involving randomness, fairness, equally and unequally likely outcomes, using appropriate language and the 0–1 probability scale Mathematical talk • How can you use a two-way table to calculate a probability? • To find the probability of an event from a two-way table, do you always use the whole total as the denominator? Explain your answer. • What part of the table do you need to look at to answer the question? • What is the difference between the individual values and the totals? • How do you know if you should divide by the total from a row, the total from a column or the total of the whole table? • How do you decide which row or column to look at? • When expressing the probability as a fraction, what value is used for the denominator?",WR_PDF/Year 8/y8_summer_backfill/WRE Maths v3 Y8 SUM B2 SOL Tables and probability.pdf,WRE Maths v3 Y8 SUM B2 SOL Tables and probability.pdf,,high,,False,False,,,,probability
Year 8,Summer,2,,Probability,Tables and probability,10,Frequency trees,"In this small step, students are introduced to frequency trees as a tool for organising and interpreting data. Model how to work out the values in a partially completed frequency tree, before students independently construct one from given information. Ensure that they understand how each part of the tree branches from the previous total. Use familiar contexts that involve two-stage groupings, such as splitting by year group and then by subject. Make clear links with part-whole models to support conceptual understanding. Students should recognise that the sum of values on any pair of branches must equal the total from the previous branch. Reinforce the importance of clear and consistent labelling and encourage students to check totals at each stage to ensure accuracy. Misconceptions and common errors • Students may forget that the values on branches at any stage must add up to the total from the previous node. • Students may not label branches clearly. • Students may assume that the order of branching does not matter. Year 8 | Summer term | Block 2 – Tables and probability | Step 10 National Curriculum links • Construct and interpret appropriate tables, charts, and diagrams, including frequency tables, bar charts, pie charts, and pictograms for categorical data, and vertical line (or bar) charts for ungrouped and grouped numerical data Mathematical talk • What does each branch on the frequency tree represent? • What are the two categories at each stage? • How can you label each branch to make your frequency tree easy to read? • Where can you find the total number of people/items in the diagram? • Explain the relationships between the numbers in a frequency tree. • How does the frequency tree show a part-whole relationship? • When might you have a frequency tree with more than two branches? • Can two different frequency trees represent the same scenario? Explain your answer. • How can you check that your frequency tree is correct?",WR_PDF/Year 8/y8_summer_backfill/WRE Maths v3 Y8 SUM B2 SOL Tables and probability.pdf,WRE Maths v3 Y8 SUM B2 SOL Tables and probability.pdf,,high,,False,False,,,,probability
Year 8,Summer,2,,Probability,Tables and probability,11,Probabilities from frequency trees,"In this small step, students build on the previous step of constructing and interpreting frequency trees, to identify totals and outcomes in order to calculate probabilities. Focus on supporting students in interpreting the frequency tree accurately, for example selecting the correct total for the denominator, either the whole group or a specific subset, and identifying the relevant branch or combination of branches for the numerator. Be clear about the distinction between finding the probability from the whole group versus from a given condition, such as “given that the student is in Year 8”. Misconceptions and common errors • Students may select the wrong total, for example using the whole group when the question refers to a subset. • Students may confuse which branch of the tree to use for a given event. • Students may identify the correct frequency and state this instead of giving the answer as a probability. Year 8 | Summer term | Block 2 – Tables and probability | Step 11 National Curriculum links • Record, describe and analyse the frequency of outcomes of simple probability experiments involving randomness, fairness, equally and unequally likely outcomes, using appropriate language and the 0–1 probability scale Mathematical talk • How many people are there in total? • How is calculating probability using a frequency tree similar to using a two-way table? • How does the probability change if you only consider people in this subset? • Which two categories are combined to get this value? • Is the total always used for the denominator? Explain your answer. • How can you identify which values to use for the numerator/denominator? • How can you check that your answer is correct?",WR_PDF/Year 8/y8_summer_backfill/WRE Maths v3 Y8 SUM B2 SOL Tables and probability.pdf,WRE Maths v3 Y8 SUM B2 SOL Tables and probability.pdf,,high,,False,False,,,,probability
Year 8,Summer,3,,Circles,Circles,1,Circle vocabulary,"In this small step, students are introduced to the key vocabulary associated with circles. Start with the basic vocabulary of “centre”, “radius”, “diameter” and “circumference”, ensuring that students can identify and draw these. Highlight that the radius is the distance from the centre to the circumference, and that the diameter is twice the size of the radius and passes through the centre of the circle. Once students are secure with this vocabulary, extend their knowledge by introducing “chord”, “tangent”, “arc”, “sector” and “segment”. Provide clear visual examples, highlighting the differences between a radius and a diameter, and between a segment and a sector. Key vocabulary should be displayed and referred to consistently to strengthen understanding and help avoid misconceptions. Misconceptions and common errors • Students may confuse the radius and diameter of a circle. • Students may mix up the terms “sector” and “segment”. • Students may confuse a chord with the diameter of the circle, not understanding that the diameter must pass through the centre of the circle. Year 8 | Summer term | Block 3 – Circles | Step 1 National Curriculum links • Derive and illustrate properties of triangles, quadrilaterals, circles, and other plane figures [for example, equal lengths and angles] using appropriate language and technologies Mathematical talk • What is the difference between a radius and a diameter? • What is the same and what is different about a diameter and a chord? • What is the same and what is different about a chord and a tangent? • What is the same and what is different about the circumference and an arc of a circle? • How can you tell if a shaded region inside a circle is a sector or a segment? • Which parts of a circle are straight lines? Which are curved? • The radius of circle A is 5 cm. The radius of circle B is double the radius of circle A. What is the diameter of circle B?",WR_PDF/Year 8/y8_summer_backfill/WRE Maths v3 Y8 SUM B3 SOL Circles.pdf,WRE Maths v3 Y8 SUM B3 SOL Circles.pdf,,high,,False,False,,,,circles
Year 8,Summer,3,,Circles,Circles,2,Pi as a ratio,"In this small step, students are introduced to pi (π) and explore the relationship between a circle’s diameter and its circumference. Introduce pi through practical exploration rather than simply memorising it as 3.14, for example measuring the circumference and diameter of circular objects and investigating the relationship between them. Students should discover that the circumference is always a little more than three times the diameter, so the ratio of circumference to diameter is constant. This consistent ratio leads to the formula π = circumference diameter . Students can then make links to the formulae C = πd and C = 2πr. Emphasise that pi is an irrational number and cannot be written exactly as a fraction or a decimal, although 3.14 and 22 7 are useful approximations. Misconceptions and common errors • Students may believe that the value of pi changes with the size of the circle, rather than recognising it as a constant ratio. • Students may measure the circumference or diameter inaccurately and therefore not discover the relationship. • Students may confuse the formula defining pi, for example thinking that π = d c. Year 8 | Summer term | Block 3 – Circles | Step 2 National Curriculum links • Calculate and solve problems involving: perimeters of 2-D shapes (including circles), areas of circles and composite shapes • Understand that a multiplicative relationship between two quantities can be expressed as a ratio or a fraction Mathematical talk • What equipment can you use to measure the circumference of a circle? • How many times bigger do you think the circumference is than the diameter? • What do you notice about the relationship between the circumference and the diameter of a circle? • If the diameter of a circle is doubled, what happens to the circumference of the circle? • What is meant by an “irrational number”? • Why do we use the symbol for pi instead of the number itself? • Why do we use approximations such as 3.14 and 22 7 to represent pi? • Ron has used 3.14 in his calculations and Eva has used 3.14159. Whose answer is more accurate?",WR_PDF/Year 8/y8_summer_backfill/WRE Maths v3 Y8 SUM B3 SOL Circles.pdf,WRE Maths v3 Y8 SUM B3 SOL Circles.pdf,,high,,False,False,,,,circles
Year 8,Summer,3,,Circles,Circles,3,Circumference of a circle,"In this small step, students use the formulae C = πd and C = 2πr to calculate the circumference of a circle. Ensure that students understand that the circumference is the perimeter of a circle. Building on their knowledge of pi as a ratio, they can apply the formulae. Emphasise that the two forms are equivalent, highlighting the connection between the radius and the diameter. Remind students that pi is irrational, so results are often approximated to a given degree of accuracy unless left in terms of π. Calculators may be used throughout this step to ensure that students’ focus is on the use of the formula rather than the calculations. It can also be helpful to support students in locating and using the pi button on their calculators to improve accuracy and efficiency. Misconceptions and common errors • Students may use the radius instead of the diameter, or vice versa, when using C = πd and C = 2πr. • Students may not understand how to give answers in terms of π. • Students may include incorrect units or omit them entirely. • Students may assume that π = 3.14 or 22 7 exactly, rather than recognising that these are approximations. Year 8 | Summer term | Block 3 – Circles | Step 3 National Curriculum links • Calculate and solve problems involving: perimeters of 2-D shapes (including circles), areas of circles and composite shapes Mathematical talk • What part of the circle is the circumference? • What is the same and what is different about the radius and the diameter of a circle? • What is the same and what is different about the formulae C = πd and C = 2πr ? • Why do we use the symbol for pi instead of the number itself? • If the diameter of a circle is tripled, what happens to the circumference? Explain your answer. • If the diameter of a circle is increased by 5 cm, is the circumference also increased by 5 cm? Explain your answer. • When is it useful to leave an answer in terms of π rather than as a decimal?",WR_PDF/Year 8/y8_summer_backfill/WRE Maths v3 Y8 SUM B3 SOL Circles.pdf,WRE Maths v3 Y8 SUM B3 SOL Circles.pdf,,high,,False,False,,,,circles
Year 8,Summer,3,,Circles,Circles,4,Perimeter of parts of a circle,"In this small step, students build on their knowledge of the circumference of a circle to work out the perimeter of parts of a circle. This step focuses on semicircles, quarter circles and three-quarter circles. Ensure that students recognise that the perimeter of a part of a circle involves both arcs and straight edges. For example, the perimeter of a semicircle is half the circumference plus the diameter. If appropriate, introduce the formula for arc length, l = ө 360 πd, where ө is the angle at the centre. Diagrams that highlight which lengths are included in the perimeter are useful to support understanding. Once they are confident, students could calculate unknown lengths given the perimeter. Misconceptions and common errors • Students may forget to include the diameter or radii when calculating perimeter, focusing on the arc length. • Students may confuse the radius and the diameter. • Students may use the wrong units in their answers or omit them entirely. • Students may make rounding errors. Year 8 | Summer term | Block 3 – Circles | Step 4 National Curriculum links • Derive and illustrate properties of triangles, quadrilaterals, circles, and other plane figures [for example, equal lengths and angles] using appropriate language and technologies • Calculate and solve problems involving: perimeters of 2-D shapes (including circles), areas of circles and composite shapes Mathematical talk • What fraction of a circle is a semicircle? • What fraction of a circle is a quarter/three-quarter circle? • What fraction of a circle is a sector with a 90°/270° angle? • What is the same and what is different about the perimeter of a semicircle and half of the circumference of a circle? • If the angle at the centre is doubled, what happens to the arc length? Explain your answer. • If the radius of a quarter of a circle is doubled, does the perimeter also double? Explain your answer. • The perimeter of a quarter of a circle is 3π + 12 cm. How can you work out the length of the radius?",WR_PDF/Year 8/y8_summer_backfill/WRE Maths v3 Y8 SUM B3 SOL Circles.pdf,WRE Maths v3 Y8 SUM B3 SOL Circles.pdf,,high,,False,False,,,,circles
Year 8,Summer,3,,Circles,Circles,5,Area of a circle,"In this small step, students calculate the area of a circle. Ensure that students understand that the area of a circle is the space inside its boundary, given by the formula A = πr2. They can derive the formula by cutting a circle into small sectors and arranging them to form a parallelogram with a height of r and a length of πr. Using this connection reinforces that the formula arises from the relationship between circles and their radii rather than simply being a rule to memorise. Students use the formula to work out the area for a given radius or diameter and to solve problems in everyday contexts. While calculators can be used throughout this step, ensure that students are also able to give their answers in terms of π. Misconceptions and common errors • Students may confuse the diameter and the radius. • Students may forget to square the radius or they may multiply by 2 instead of squaring. • Students may confuse the formulae for area and circumference. • Students may make rounding errors. Year 8 | Summer term | Block 3 – Circles | Step 5 National Curriculum links • Calculate and solve problems involving: perimeters of 2-D shapes (including circles), areas of circles and composite shapes • Derive and apply formulae to calculate and solve problems involving: perimeter and area of triangles, parallelograms, trapezia, volume of cuboids (including cubes) and other prisms (including cylinders) Mathematical talk • What is meant by “area”? • What is the difference between the area of a circle and the circumference of a circle? • What shape will be formed when arranging the sectors of a circle? How is the area of a parallelogram calculated? • Is the radius or the diameter used to work out the area of a circle? • Why is the radius squared when working out the area of a circle? • When might you need to leave your answers in terms of π? • If the radius of a circle is doubled, what happens to the area of the circle? Explain your answer. • How can you use the area formula to work out the length of the radius?",WR_PDF/Year 8/y8_summer_backfill/WRE Maths v3 Y8 SUM B3 SOL Circles.pdf,WRE Maths v3 Y8 SUM B3 SOL Circles.pdf,,high,,False,False,,,,circles
Year 8,Summer,3,,Circles,Circles,6,Area of parts of a circle,"In this small step, students extend their understanding of the area of a circle to work out the area of parts of a circle. This step focuses on semicircles, quarter circles and three-quarter circles. Start by revisiting the formula for the area of a circle, A = πr2, and emphasise that parts of a circle are fractions of the whole circle. Use diagrams to highlight the link between the angle at the centre and the fraction of the area. If appropriate, introduce the formula for the area of a sector, A = ө 360 πr2, where ө is the angle at the centre. Once they are confident, students could calculate unknown lengths given the area. Misconceptions and common errors • Students may confuse the radius and the diameter. • Students may divide the radius by 2 when calculating the area of a semicircle, rather than dividing the area by 2 • Students may confuse the formulae for arc length and sector area. • Students may use the wrong units in their answers or omit them entirely. • Students may make rounding errors. Year 8 | Summer term | Block 3 – Circles | Step 6 National Curriculum links • Derive and illustrate properties of triangles, quadrilaterals, circles, and other plane figures [for example, equal lengths and angles] using appropriate language and technologies • Calculate and solve problems involving: perimeters of 2-D shapes (including circles), areas of circles and composite shapes Mathematical talk • What fraction of a circle is a semicircle? • What fraction of a circle is a quarter/three-quarter circle? • What fraction of a circle is a sector with a 90°/270° angle? • What is the same and what is different about the area and the arc length of a semicircle? • If the angle at the centre is doubled, what happens to the area? Explain your answer. • If the radius of a quarter circle is doubled, does the area also double? Explain your answer. • How could you check whether your answer is reasonable? • The area of a semicircle is 200 cm2. How can you work out the length of the radius?",WR_PDF/Year 8/y8_summer_backfill/WRE Maths v3 Y8 SUM B3 SOL Circles.pdf,WRE Maths v3 Y8 SUM B3 SOL Circles.pdf,,high,,False,False,,,,circles
Year 8,Summer,3,,Circles,Circles,7,Area and circumference of a circle,"In this small step, students bring together their learning of both the area and the circumference of a circle, considering carefully which formula is appropriate. Ensure that students understand that area covers the space inside a circle, while circumference measures the perimeter. Provide examples where both calculations are required. Encourage students to interpret answers in context and to consider the effect of changing the radius on both the area and circumference. Emphasise that the area increases with the square of the radius, whereas the circumference grows in direct proportion to the radius. While calculators may be used throughout this step, students should also practise leaving answers in terms of π, where appropriate. Misconceptions and common errors • Students may confuse the radius and diameter. • Students may confuse the area and the circumference, or misinterpret which formula is needed. • Students may confuse the units for area and circumference or omit them entirely. • Students may make rounding errors. Year 8 | Summer term | Block 3 – Circles | Step 7 National Curriculum links • Calculate and solve problems involving: perimeters of 2-D shapes (including circles), areas of circles and composite shapes Mathematical talk • What is the formula for the area/circumference of a circle? • How do you decide whether to use the area formula or the circumference formula? • Why does the formula for area involve squaring the radius, while the formula for circumference does not? • If the radius of a circle doubles, what happens to the circumference/area? Explain your answer. • Can two circles have the same circumference but different areas? Explain your answer. • Does the area or the circumference increase more quickly as the radius increases? How can you show this? • If a circle has a circumference of 20 cm, how can you work out its area? • Why is it important to use the correct units when describing area and circumference?",WR_PDF/Year 8/y8_summer_backfill/WRE Maths v3 Y8 SUM B3 SOL Circles.pdf,WRE Maths v3 Y8 SUM B3 SOL Circles.pdf,,high,,False,False,,,,circles
Year 8,Summer,3,,Circles,Circles,8,Perimeter of a compound shape with circles,"In this small step, students calculate the perimeter of compound shapes involving circles, semicircles and quarter circles. Discuss that perimeters may involve a mixture of arcs and straight edges, and that the appropriate formula for the circumference or part of a circumference must be used. Remind students to identify which edges are included, particularly when shapes are joined. Encourage efficient methods, for example when two semicircles are involved, exploring whether they can use the formula for a whole circle, rather than performing separate calculations for each. Include leaving answers in terms of π, as well as approximations. Misconceptions and common errors • Students may confuse the formulae for circumference and area or arc length and sector area. • Students may think that the total perimeter of a compound shape is the sum of the perimeters of its constituent parts. • Students may include some lengths more than once when two shapes are joined. • Students may omit the straight edge of part of a circle when it forms part of the perimeter. Year 8 | Summer term | Block 3 – Circles | Step 8 National Curriculum links • Calculate and solve problems involving: perimeters of 2-D shapes (including circles), areas of circles and composite shapes Mathematical talk • Which of the dimensions on the diagram make up the perimeter? • Which shapes can you identify in the compound shape? • Are there any unknown lengths to find before you work out the total perimeter? • Do you need to work out the arc length of each semicircle separately? Explain your answer. • Why do you need to add both arcs and straight edges when working out the perimeter? • If two semicircles with the same diameter are included in the compound shape, when can you treat them as a full circle to calculate the perimeter? • Why might it be useful to leave answers in terms of π instead of using a decimal approximation? • What are the units of your answer?",WR_PDF/Year 8/y8_summer_backfill/WRE Maths v3 Y8 SUM B3 SOL Circles.pdf,WRE Maths v3 Y8 SUM B3 SOL Circles.pdf,,high,,False,False,,,,circles
Year 8,Summer,3,,Circles,Circles,9,Perimeter and area of compound shapes with circles,"In this small step, students calculate the area and perimeter of compound shapes that include circles, semicircles, quarter circles and three-quarter circles. Remind students that the area of a compound shape can be found by splitting it into its component parts, working out each area separately and then adding the areas together. Encourage students to identify which arcs and straight edges contribute to the perimeter, and which regions should be included or excluded in area calculations. Discuss efficient strategies, such as combining two semicircles into a full circle. Ensure that students practise both leaving their answers in terms of π and giving decimal approximations. Misconceptions and common errors • Students may confuse the formulae for circumference and area or arc length and sector area. • Students may multiply all the lengths given on a diagram. • Students may not calculate unknown lengths that are needed to calculate the perimeter or area. • Students may misread or use the wrong side lengths when working out unknown lengths of compound shapes. Year 8 | Summer term | Block 3 – Circles | Step 9 National Curriculum links • Calculate and solve problems involving: perimeters of 2-D shapes (including circles), areas of circles and composite shapes • Derive and apply formulae to calculate and solve problems involving: perimeter and area of triangles, parallelograms, trapezia, volume of cuboids (including cubes) and other prisms (including cylinders) Mathematical talk • What shapes make up the compound shape? • Why is it helpful to split a compound shape into its component parts when calculating area? • When can two semicircles be treated as one full circle and when can they not? • How can you work out the unknown lengths needed to find the area of the compound shape? • Do you need to split the shape into component parts to work out its perimeter? Explain your answer. • What is the same and what is different about a rectangle with a semicircle cut out of it and a rectangle with a semicircle added to it? • What are the units of the answer? • How can you check that your answer is correct?",WR_PDF/Year 8/y8_summer_backfill/WRE Maths v3 Y8 SUM B3 SOL Circles.pdf,WRE Maths v3 Y8 SUM B3 SOL Circles.pdf,,high,,False,False,,,,circles
Year 8,Summer,4,,Graphs and,Graphs and charts,1,Pictograms and bar charts,"In this small step, students build on their understanding of pictograms and bar charts from Year 7 Recap how pictograms use a key to represent data and how bar charts display discrete data with clearly labelled axes and appropriate scales. Compare data using composite and dual bar charts, identifying similarities and differences between two sets of information. Students may need reminding that composite bar charts are used when two or more sets of data are stacked in the same bar to show totals and parts within a whole, while dual bar charts have two bars side by side for each category to allow direct comparison. This step ensures that students can confidently interpret and construct these diagrams. Misconceptions and common errors • Students may not provide a key, or they may misinterpret what the key represents. • Students may use an incorrect scale on an axis or forget to label the axis. • Students may use unequal bar widths or not put gaps between bars. • Students may misinterpret stacked sections of a composite bar chart as separate bars rather than parts of a whole. Year 8 | Summer term | Block 4 – Graphs and charts | Step 1 National Curriculum links • Construct and interpret appropriate tables, charts, and diagrams, including frequency tables, bar charts, pie charts, and pictograms for categorical data, and vertical line (or bar) charts for ungrouped and grouped numerical data Mathematical talk • What does the key in the pictogram tell you? • How many items are represented by half/quarter of a symbol? • How do you know which axis shows categories and which axis shows the frequency? • Why is it important that the scale on the frequency axis is equally spaced? • What do you notice when comparing these two bars? • How does a composite bar chart show both the total and the parts that make it up? • What is the same and what is different about a dual bar chart and a composite bar chart? Which chart is more useful if you want to see totals? Which is more useful if you want to compare categories directly?",WR_PDF/Year 8/y8_summer_backfill/WRE Maths v3 Y8 SUM B4 SOL Graphs and charts.pdf,WRE Maths v3 Y8 SUM B4 SOL Graphs and charts.pdf,,high,,False,False,,,,graphs and
Year 8,Summer,4,,Graphs and,Graphs and charts,2,Vertical line charts,"In this small step, students construct and interpret vertical line charts. Explain that vertical line charts are used to represent discrete data, with each line drawn above a category on the horizontal axis and the height of the line showing the frequency. Draw attention to the importance of labelling axes and using equally spaced scales. Demonstrate how these charts can be drawn in different orientations, but the principle of equally spaced categories and accurate scales remains the same. As their confidence develops, encourage students to calculate the mode, median and mean from vertical line charts. Misconceptions and common errors • Students may confuse vertical line charts with continuous line graphs and try to join the tops of lines. • Students may draw the lines at uneven intervals on the horizontal axis instead of spacing them equally. • Students may misread the vertical scale when it increases in increments greater than 1 Year 8 | Summer term | Block 4 – Graphs and charts | Step 2 National Curriculum links • Construct and interpret appropriate tables, charts, and diagrams, including frequency tables, bar charts, pie charts, and pictograms for categorical data, and vertical line (or bar) charts for ungrouped and grouped numerical data Mathematical talk • What type of data is best shown in a vertical line chart? • Why must categories be evenly spaced on the horizontal axis? • How do you know what frequency each line represents? • Why is it important that the scale on the vertical axis is equally spaced? • How is a vertical line chart different from a line graph? • What is the same and what is different about a vertical line chart and a bar chart? • What mistakes may be made if the axes are not labelled clearly? • What conclusions can be drawn by comparing the heights of two lines?",WR_PDF/Year 8/y8_summer_backfill/WRE Maths v3 Y8 SUM B4 SOL Graphs and charts.pdf,WRE Maths v3 Y8 SUM B4 SOL Graphs and charts.pdf,,high,,False,False,,,,graphs and
Year 8,Summer,4,,Graphs and,Graphs and charts,3,Draw pie charts,"In this small step, students build on prior learning of pie charts from Key Stage 2 Remind students that a pie chart shows a total divided into parts, with each category represented by a sector of a circle. The size of each sector is proportional to the frequency, and all the sectors together make 360°. Make links between proportion and fractions of a circle that students are familiar with. They can then generalise by using the formula sector angle = frequency total × 360°. Start with simple data sets to allow students to focus on the process of drawing with a protractor and labelling their sectors, before progressing to frequency tables where the angles require calculation. Discuss alternative methods such as calculating the degrees representing one item and using a scaling method. Misconceptions and common errors • Students may use the frequency as the angle size, instead of working out the angle. • Students may not label the sectors. • Students may not use a protractor accurately. Year 8 | Summer term | Block 4 – Graphs and charts | Step 3 National Curriculum links • Construct and interpret appropriate tables, charts, and diagrams, including frequency tables, bar charts, pie charts, and pictograms for categorical data, and vertical line (or bar) charts for ungrouped and grouped numerical data Mathematical talk • What does the whole circle in a pie chart represent? • Why must the angles of all the sectors sum to 360°? • How can you calculate the angle for one category if you know its frequency and the total? • If a category is half the total, what angle will its sector be? What if the category is a quarter of the total? • Why do you multiply by 360° in the formula for sector angles? • How can percentages be used to find sector angles? • What does “degrees per item” mean? How could this method help with calculation? • How can you check if the calculated angles are correct before drawing? • How accurate must you be when measuring the size of sectors with a protractor?",WR_PDF/Year 8/y8_summer_backfill/WRE Maths v3 Y8 SUM B4 SOL Graphs and charts.pdf,WRE Maths v3 Y8 SUM B4 SOL Graphs and charts.pdf,,high,,False,False,,,,graphs and
Year 8,Summer,4,,Graphs and,Graphs and charts,4,Interpret pie charts,"In this small step, students continue to develop their understanding of pie charts by interpreting them. Remind students that a pie chart represents a whole split into parts, with each sector showing a fraction of the total. Start with simple examples, such as identifying the greatest or smallest categories by comparing sector sizes. Then progress to calculating exact values. For example, if 3 4 of 40 students like football, ask how many students this represents and what proportion of the circle it covers. Link fractions to angles by connecting proportions to 360°, modelling the process if necessary. Extend learning by comparing two pie charts, noting similarities and differences, and emphasising that, without totals, only proportions can be compared. Misconceptions and common errors • Students may confuse the angle of a sector with the frequency it represents. • When comparing two pie charts, students may assume that equal sectors in different pie charts always represent the same frequency. Year 8 | Summer term | Block 4 – Graphs and charts | Step 4 National Curriculum links • Construct and interpret appropriate tables, charts, and diagrams, including frequency tables, bar charts, pie charts, and pictograms for categorical data, and vertical line (or bar) charts for ungrouped and grouped numerical data Mathematical talk • What does the whole circle represent? • Why do all the sectors in a pie chart sum to 360°? • How can you tell which category is the greatest? • If the angle of a sector is 90°, what fraction of the total does it represent? What if the angle of the sector is 60°? • What is the difference between comparing proportions and comparing frequencies? • How could you work out how many students the sector represents if the total is ? • If two pie charts show different totals, what can you compare between them? What can you not compare? • What is the same and what is different about a pie chart and a bar chart? What is the advantage of each?",WR_PDF/Year 8/y8_summer_backfill/WRE Maths v3 Y8 SUM B4 SOL Graphs and charts.pdf,WRE Maths v3 Y8 SUM B4 SOL Graphs and charts.pdf,,high,,False,False,,,,graphs and
Year 8,Summer,4,,Graphs and,Graphs and charts,5,Line graphs,"In this small step, students explore different types of line graphs and how each type represents data. Highlight the different purposes of line graphs. For example, a time series graph shows how something changes over time, such as daily temperature, and helps to identify patterns such as increases or decreases. A distance–time graph shows how far something travels over time and can describe speed, rest and changes in movement, with the slope indicating the speed of the object. Emphasise that line graphs are useful because they highlight trends clearly or show the rate of change, allowing us to interpret everyday situations, compare information and reach conclusions. Misconceptions and common errors • Students may misread axes, forget to check a scale or assume that the scales on both axes increase in single units. • Students may assume that data between plotted points is always constant, rather than representing a gradual change. • Students may try to plot a vertical line on a distance–time graph, indicating that an object’s distance changes instantly with no time passing. Year 8 | Summer term | Block 4 – Graphs and charts | Step 5 National Curriculum links • Construct and interpret appropriate tables, charts, and diagrams, including frequency tables, bar charts, pie charts, and pictograms for categorical data, and vertical line (or bar) charts for ungrouped and grouped numerical data • Interpret mathematical relationships both algebraically and graphically Mathematical talk • What does the horizontal/vertical axis represent in this line graph? Why is it important that axes are labelled? • Why is it important to use a consistent scale on each axis? • How can you tell from the graph if the values are increasing or decreasing? • Looking at the time series graph, what pattern do you notice over the year? • On the distance–time graph, what does a horizontal section of the line represent? • How do line graphs better help you to interpret everyday situations compared to bar charts? • What is the same and what is different about a distance–time graph and a time series graph?",WR_PDF/Year 8/y8_summer_backfill/WRE Maths v3 Y8 SUM B4 SOL Graphs and charts.pdf,WRE Maths v3 Y8 SUM B4 SOL Graphs and charts.pdf,,high,,False,False,,,,graphs and
Year 8,Summer,4,,Graphs and,Graphs and charts,6,Choose the most appropriate graph or chart,"In this small step, students explore how to decide which graph or chart is most appropriate for a given set of data. Discuss what information can and cannot be taken from different graphs and charts, and begin to generalise about the advantages and disadvantages of each. For example, proportions are clearer in a pie chart, but exact values are not. While bar charts allow accurate comparisons, they show proportions less effectively. Present the same data in a variety of ways and ask questions such as “What can you see easily here?”, “What is missing or difficult to spot?” and “Which graph/chart would you choose, and why?”. Students should justify their choices and recognise that no single representation is always the best option. Misconceptions and common errors • Students may think that any type of graph can be used for any data set, rather than understanding that the graph needs to represent the data type. • Students may think that all graphs/charts can be used for both discrete and continuous data without distinction. Year 8 | Summer term | Block 4 – Graphs and charts | Step 6 National Curriculum links • Describe, interpret and compare observed distributions of a single variable through: appropriate graphical representation involving discrete, continuous and grouped data; and appropriate measures of central tendency (mean, mode, median) and spread (range, consideration of outliers) Mathematical talk • What information does the graph/chart make clear straight away? • What is the same and what is different about the two graphs/charts? • What type of data is being shown here: qualitative, discrete or continuous? • How would the same data look if it was shown in a different type of graph/chart? • How would your choice of graph/chart change if the data set was greater/smaller? • In which situation is a pie chart/bar chart/line graph the most useful? Explain your answer. • Which graph/chart best shows changes over time/proportion/comparison?",WR_PDF/Year 8/y8_summer_backfill/WRE Maths v3 Y8 SUM B4 SOL Graphs and charts.pdf,WRE Maths v3 Y8 SUM B4 SOL Graphs and charts.pdf,,high,,False,False,,,,graphs and
Year 8,Summer,4,,Graphs and,Graphs and charts,7,Compare distributions using graphs,"In this small step, students develop their interpretation skills, comparing distributions using two or more graphs/charts or comparing more than one data set on a single graph. Students describe similarities and differences, using evidence from the data to support their reasoning. Encourage them to comment on features such as the range, totals and whether the data is evenly spread or concentrated in certain parts of the distribution. Stem sentences help students to structure their comparisons, for example “The data in has a greater range than ”. Provide opportunities to compare a variety of graphs, including bar charts, pie charts and line graphs. Using everyday examples makes the activity more meaningful and helps students to apply these skills with confidence. Misconceptions and common errors • Students may confuse totals and ranges or think that they are the same thing. • Students may assume that different graphs/chart types can always be compared directly, without considering differences in how data sets are represented. • Students may overlook variation and focus only on the maximum values. Year 8 | Summer term | Block 4 – Graphs and charts | Step 7 National Curriculum links • Describe, interpret and compare observed distributions of a single variable through: appropriate graphical representation involving discrete, continuous and grouped data; and appropriate measures of central tendency (mean, mode, median) and spread (range, consideration of outliers) Mathematical talk • What is the same and what is different about the graphs/charts? • Which chart shows a greater total? Explain how you know. • Is the data spread evenly across the categories or concentrated in certain places? • Which chart shows more variation? Why is that? • What does a greater range tell you about the distribution? • Is the data symmetrical or not? How does this compare to the other distribution? • Do two charts with the same total always have the same distribution? Explain how you know. • Most of the values in are clustered around",WR_PDF/Year 8/y8_summer_backfill/WRE Maths v3 Y8 SUM B4 SOL Graphs and charts.pdf,WRE Maths v3 Y8 SUM B4 SOL Graphs and charts.pdf,,high,,False,False,,,,graphs and
Year 8,Summer,4,,Graphs and,Graphs and charts,8,Misleading graphs and charts,"In this small step, students explore how graphs and charts can be used to mislead an audience. Discuss how organisations, such as advertisers and the media, may present information in ways that appear to support a claim while omitting or distorting key information. Use examples in context to highlight common techniques such as false origins to exaggerate differences, stretching or compressing scales, using uneven intervals or omitting data altogether. Encourage students to question what message the graph is trying to convey and whether the evidence fairly supports it. This step helps to develop critical thinking and data literacy skills. Misconceptions and common errors • Students may not observe a broken axis or unequal intervals, leading to incorrect conclusions from misleading graphs. • Students may assume that the tallest bar or steepest line always represents the greatest overall value, without checking the scale. • Students may assume that if a graph comes from a trusted source, such as the news, the government or a textbook, it is accurate and unbiased. Year 8 | Summer term | Block 4 – Graphs and charts | Step 8 National Curriculum links • Construct and interpret appropriate tables, charts, and diagrams, including frequency tables, bar charts, pie charts, and pictograms for categorical data, and vertical line (or bar) charts for ungrouped and grouped numerical data Mathematical talk • Does the axis start at zero? How might that affect the way the data looks? • Does the spacing on the axes look consistent? What impact does this have? • Why might someone choose to present the data in this way? • If the scale was changed, could the same conclusions be drawn about the data? • What does the steepness of the line mean? • Does the use of 3-D bars, shading or colours change how the data is interpreted? Explain your answer. • Is the size of the bar/sector proportional to the number it represents? How can you check? • Does the graph make some differences look greater or less than they really are? • What might the creator of the graph want you to believe?",WR_PDF/Year 8/y8_summer_backfill/WRE Maths v3 Y8 SUM B4 SOL Graphs and charts.pdf,WRE Maths v3 Y8 SUM B4 SOL Graphs and charts.pdf,,high,,False,False,,,,graphs and
Year 9,Summer,1,,Pythagoras theorem,Pythagoras theorem,1,Solve equations with squares and square roots,"In this small step, students build on their understanding of square numbers and square roots, together with their knowledge of solving equations, to solve equations with square numbers and square roots. Recap calculating square numbers and their square roots. Students apply this knowledge to solve equations that involve squares and square roots, for example x2 = 16 or x = 5. Emphasise the use of inverse operations to solve the equations and highlight why x2 = 16 has two solutions: x = 4 and x = −4. Explain that both 42 = 16 and (−4)2 = 16, so the equation has two values of x that make it true. Therefore, when solving x2 = a, they are looking for all values whose square is a, which includes both the positive and negative values. As students increase in confidence, they move on to solving equations with coefficients that are not 1 and with numbers on both sides of the equation. Misconceptions and common errors • Students may not include both positive and negative solutions. • Students may misunderstand the concept of inverse operations with squares and square roots. National Curriculum links • Use integer powers and associated real roots (square, cube and higher), recognise powers of 2, 3, 4, 5 and distinguish between exact representations of roots and their decimal approximations • Use algebraic methods to solve linear equations in one variable (including all forms that require rearrangement) Mathematical talk • What two numbers square to give 49? • What is 9 ? • Why does the equation x2 = 64 have two solutions? • Explain why x2 = 9 has two solutions but x = 9 has only one solution. • Why does x2 = −4 have no real solution? • Does x2 = 0 have two solutions? Explain your answer. • Write a pair of equations, one that has one solution and one that has two. Explain the difference. • Does the equation x2 = a always have two solutions? Explain how you know. Solve equations with squares and square roots Year 9 | Summer term | Block 1 – Pythagoras’ theorem | Step 1",WR_PDF/Year 9/y9_summer_backfill/WRE Maths v3 Y9 SUM B1 SOL Pythagoras theorem.pdf,WRE Maths v3 Y9 SUM B1 SOL Pythagoras theorem.pdf,,high,,False,False,,,,pythagoras theorem
Year 9,Summer,1,,Pythagoras theorem,Pythagoras theorem,2,Identify the hypotenuse,"In this small step, students identify the hypotenuse of a right-angled triangle. Start with several right-angled triangles and ask students to measure the length of each side. Encourage them to identify the side that is opposite the right angle and ask what they notice about its length compared to the other sides. Introduce the term “hypotenuse” and emphasise that this is always the longest side in a right-angled triangle and is always opposite the right angle. Include plenty of examples in different orientations, so that they do not rely on position or direction. Include non-examples to challenge misconceptions. As students develop confidence, ask them to identify the hypotenuses within a compound shape made up of right-angled triangles. Misconceptions and common errors • Students may assume that the hypotenuse is always the “slanted” side of a right-angled triangle regardless of the orientation of the triangle. • Students may assume that all triangles have a hypotenuse. • Students may not realise that compound shapes can be formed with right-angled triangles with a hypotenuse. National Curriculum links • Derive and illustrate properties of triangles, quadrilaterals, circles, and other plane figures [for example, equal lengths and angles] using appropriate language and technologies Mathematical talk • What do you notice about the side opposite the right angle? • Why is the hypotenuse always the longest side? • If the triangle changes orientation, does the hypotenuse change? • Does a triangle always have a hypotenuse? Explain your answer. • Can a triangle have two hypotenuses? Explain your answer. • What happens to the hypotenuse if the triangle increases in size? • Is it possible to find a hypotenuse in a compound shape? Explain how you know. Identify the hypotenuse Year 9 | Summer term | Block 1 – Pythagoras’ theorem | Step 2",WR_PDF/Year 9/y9_summer_backfill/WRE Maths v3 Y9 SUM B1 SOL Pythagoras theorem.pdf,WRE Maths v3 Y9 SUM B1 SOL Pythagoras theorem.pdf,,high,,False,False,,,,pythagoras theorem
Year 9,Summer,1,,Pythagoras theorem,Pythagoras theorem,3,Determine whether a triangle is right-angled,"In this small step, students explore Pythagoras’ theorem and use it to identify right-angled triangles. Start by exploring the areas of the squares on each side of a right-angled triangle. Use concrete or visual representations to support students in discovering that the sum of the areas on the two shorter sides is equal to the area on the side of the hypotenuse. Guide students to notice and articulate this relationship, leading to the formulation of Pythagoras’ theorem, a2 + b2 = c2. Emphasise that the hypotenuse is represented by “c” or “hyp”. Once students understand the connection, ask them to apply the rule to check whether a given triangle is right-angled, using known side lengths to test if the condition is satisfied. Misconceptions and common errors • Students may confuse the hypotenuse with another side. • Students may assume that the formula applies to all triangles. • Students may incorrectly substitute into the formula. • Students may forget to square the lengths of the sides before adding. National Curriculum links • Apply angle facts, triangle congruence, similarity and properties of quadrilaterals to derive results about angles and sides, including Pythagoras’ theorem, and use known results to obtain simple proofs Mathematical talk • How do you know which side is the hypotenuse? • What is the sum of the areas of the two smaller squares? How does this compare to the area of the larger square? • Explain what each part of the formula a2 + b2 = c2 represents. Could a triangle have three sides that satisfy this rule, but not have a right angle? • If a2 + b2 = c2, does that mean that the triangle is a right-angled triangle? Explain how you know. • If a triangle has side lengths of 7 cm, 24 cm and 25 cm, how do you decide whether the triangle is a right-angled triangle? • If a2 + b2 = c2, does that mean that a + b = c? Explain how you know. Determine whether a triangle is right-angled Year 9 | Summer term | Block 1 – Pythagoras’ theorem | Step 3",WR_PDF/Year 9/y9_summer_backfill/WRE Maths v3 Y9 SUM B1 SOL Pythagoras theorem.pdf,WRE Maths v3 Y9 SUM B1 SOL Pythagoras theorem.pdf,,high,,False,False,,,,pythagoras theorem
Year 9,Summer,1,,Pythagoras theorem,Pythagoras theorem,4,Pythagoras’ theorem (find the hypotenuse),"In this small step, students calculate the length of the hypotenuse, given the two shorter sides, building on their knowledge that the hypotenuse is the side opposite the right angle and that it is the longest side in a right-angled triangle. Start with right-angled triangles in a variety of orientations, encouraging students to identify the hypotenuse before substituting values into the formula a2 + b2 = c2. Emphasise the importance of squaring correctly, adding accurately and remembering to take the square root as the final step. Remind students that answers should often be rounded to a given degree of accuracy, for example 1 decimal place. Encourage students to check whether their answer makes sense by comparing it to the lengths of the other sides. As their confidence develops, introduce problems involving compound shapes, where identifying right-angled triangles is required. Misconceptions and common errors • Students may incorrectly identify the hypotenuse, particularly in non-standard right-angled triangles. • Students may forget to take the square root as the final step. National Curriculum links • Use Pythagoras’ theorem and trigonometric ratios in similar triangles to solve problems involving right-angled triangles Mathematical talk • Describe the steps to find the hypotenuse. • What does a2 + b2 = c2 mean in this triangle? • Does it matter which of the two shorter sides is a and which is b? • What do you square first? Explain your answer. • What does the square root step represent in terms of the triangle? • What would happen if you did not use the longest side for c? • How can Pythagoras’ theorem be used to find the diagonals of rectangles and squares? • If a2 + b2 = c2, does that mean that a + b = c? Explain how you know. • How can you check your answer? Does it seem sensible? Pythagoras’ theorem (find the hypotenuse) Year 9 | Summer term | Block 1 – Pythagoras’ theorem | Step 4",WR_PDF/Year 9/y9_summer_backfill/WRE Maths v3 Y9 SUM B1 SOL Pythagoras theorem.pdf,WRE Maths v3 Y9 SUM B1 SOL Pythagoras theorem.pdf,,high,,False,False,,,,pythagoras theorem
Year 9,Summer,1,,Pythagoras theorem,Pythagoras theorem,5,Pythagoras’ theorem (find any side),"In this small step, students deepen their understanding of Pythagoras’ theorem by applying it to find the length of any side in a right-angled triangle. Remind students how to identify the hypotenuse and to understand that, when the hypotenuse and one shorter side are known, they need to subtract the square of the shorter side from the square of the hypotenuse before taking the square root. Use diagrams and model the reasoning aloud to support students’ understanding so that they do not simply rely on memorised steps. Once they are confident, introduce questions where the unknown side is sometimes the hypotenuse and sometimes a shorter side. This encourages students to think carefully about which side they are finding and helps to secure a deeper conceptual understanding of the theorem. Misconceptions and common errors • Students may not correctly identify the hypotenuse. • Students may subtract the square of the hypotenuse from the square of the shorter side, leading to errors. • Students may forget to square root after subtracting the squares. National Curriculum links • Use Pythagoras’ theorem and trigonometric ratios in similar triangles to solve problems involving right-angled triangles Mathematical talk • Which side is the hypotenuse? How do you know? • Why does it not matter which shorter side you label as a and which as b? • Is the side you are finding opposite the right angle or next to the right angle? • If you already know the length of the hypotenuse, what is different about the calculation? • Why do you subtract when finding a shorter side? • Is it ever possible to subtract the hypotenuse from a shorter side? Explain your answer. • Explain what information is required to use Pythagoras’ theorem to calculate an unknown length. • How can you check your answer? Does it seem sensible? Pythagoras’ theorem (find any side) Year 9 | Summer term | Block 1 – Pythagoras’ theorem | Step 5",WR_PDF/Year 9/y9_summer_backfill/WRE Maths v3 Y9 SUM B1 SOL Pythagoras theorem.pdf,WRE Maths v3 Y9 SUM B1 SOL Pythagoras theorem.pdf,,high,,False,False,,,,pythagoras theorem
Year 9,Summer,1,,Pythagoras theorem,Pythagoras theorem,6,Use Pythagoras’ theorem on coordinate axes,"In this small step, students build on their knowledge of coordinates by using Pythagoras’ theorem to find the length of a line segment between two points. Start in the first quadrant, drawing a line segment and counting the horizontal and vertical distances to form a right-angled triangle. Use these to apply Pythagoras’ theorem. As confidence grows, sketch coordinates without a grid and ask students how they could calculate the length without counting squares. Encourage clear diagram labelling, accurate subtraction of coordinates and interpreting results in context. Students can then progress to working with all four quadrants and reason about distances without always using a diagram. Misconceptions and common errors • Students may square the coordinates instead of the distances between them. • Students may mix up the order of subtraction or make arithmetic errors with directed numbers when finding horizontal and vertical differences. • Students may use the formula for finding the midpoint of a line or the gradient instead of using Pythagoras’ theorem. • Students may misidentify the sides that form the right-angled triangle on the grid. National Curriculum links • Use Pythagoras’ theorem and trigonometric ratios in similar triangles to solve problems involving right-angled triangles Mathematical talk • What shape is formed if you draw a horizontal and vertical line from each point? • How can you use the right-angled triangle to find the length of the line segment? • Which side lengths of the triangle do you know, and which are you trying to find? • How can the side lengths of the right-angled triangle be calculated from the coordinates? Do you always need a diagram? • Why do you square the differences, rather than the coordinates themselves? • How can you find the distance between two points when they are in different quadrants? • How can you check that your answer is correct? Use Pythagoras’ theorem on coordinate axes Year 9 | Summer term | Block 1 – Pythagoras’ theorem | Step 6",WR_PDF/Year 9/y9_summer_backfill/WRE Maths v3 Y9 SUM B1 SOL Pythagoras theorem.pdf,WRE Maths v3 Y9 SUM B1 SOL Pythagoras theorem.pdf,,high,,False,False,,,,pythagoras theorem
Year 9,Summer,1,,Pythagoras theorem,Pythagoras theorem,7,Proofs of Pythagoras’ theorem E,"In this extend step, students explore a range of proofs for Pythagoras’ theorem. Algebraic and geometric proofs are examples of proofs that can be explored. It is useful to begin by using a visual or dynamic demonstration to make the result feel intuitive, before introducing a more formal algebraic or geometric proof. Perigal’s dissection was introduced in Step 3, when students were using the theorem to determine whether a triangle is right-angled, and it may be beneficial to refer back to this to support understanding. This step is an opportunity to revisit the proof in a richer context and highlight that Pythagoras’ theorem is not just a formula to memorise, but a result with multiple clear and convincing justifications. Misconceptions and common errors • Students may believe that a proof must always involve numbers, not general cases with algebra or geometry. • Students may think that all proofs look the same, not recognising that multiple types, such as algebraic, geometric and visual proofs, exist. National Curriculum links • Use Pythagoras’ theorem and trigonometric ratios in similar triangles to solve problems involving right-angled triangles • Apply angle facts, triangle congruence, similarity and properties of quadrilaterals to derive results about angles and sides, including Pythagoras’ theorem, and use known results to obtain simple proofs Mathematical talk • What do you notice about how the shapes are arranged in this proof? • What is the same and what is different before and after the rearrangement? • Why does rearranging the shapes not change the total area? • Which parts of the diagram represent a2, b2 and c2? • How does the diagram help you to understand why a2 + b2 = c2? • What assumptions are being made in this proof? • How do you know that this works for all right-angled triangles, not just this one? • Do you think that one proof is more convincing or clearer than the others? Justify your answer. E Proofs of Pythagoras’ theorem Year 9 | Summer term | Block 1 – Pythagoras’ theorem | Step 7",WR_PDF/Year 9/y9_summer_backfill/WRE Maths v3 Y9 SUM B1 SOL Pythagoras theorem.pdf,WRE Maths v3 Y9 SUM B1 SOL Pythagoras theorem.pdf,,high,,False,False,,,,pythagoras theorem
Year 9,Summer,1,,Pythagoras theorem,Pythagoras theorem,8,Pythagoras’ theorem in 3-D shapes E,"In this step, students extend their understanding of Pythagoras’ theorem into three dimensions. Start with cubes or cuboids and use physical or digital 3-D models to support visualisation of the right-angled triangles within them. Guide students through the two-stage process, first using Pythagoras’ theorem to find the length of a diagonal, then applying it again to find the length of the next diagonal. Once they are confident, students could derive the general formula d = l2 + w2 + ℎ2 , where d is the diagonal and l, w and h are the edge lengths of the cuboid. Prompt them to compare the step-by-step method with the formula, recognising how it simplifies repeated application. If appropriate, students can apply their understanding to other 3-D shapes, identifying right-angled triangles within pyramids and cylinders. Misconceptions and common errors • Students may have difficulty visualising right angles and/or diagonal lengths in 3-D shapes. • Students may incorrectly use two edges that do not meet at a right angle. National Curriculum links • Use Pythagoras’ theorem and trigonometric ratios in similar triangles to solve problems involving right-angled triangles Mathematical talk • Where can you see right-angled triangles within this cuboid/cube? • What is the same and what is different about using Pythagoras’ theorem with 2-D and 3-D shapes? • Which edges form the shorter sides of the triangle? Which one is the hypotenuse? • Why might drawing a right-angled triangle be useful when finding the length of a diagonal in a 3-D shape? • What is the greatest distance between the vertices of a cube? • How many times do you need to use Pythagoras’ theorem to work out the length of this diagonal? • Why is applying Pythagoras’ theorem twice in a cuboid the same as the formula d = l2 + w2 + ℎ2 ? • What is the longest diagonal length of the room that you are in? E Pythagoras’ theorem in 3-D shapes Year 9 | Summer term | Block 1 – Pythagoras’ theorem | Step 8",WR_PDF/Year 9/y9_summer_backfill/WRE Maths v3 Y9 SUM B1 SOL Pythagoras theorem.pdf,WRE Maths v3 Y9 SUM B1 SOL Pythagoras theorem.pdf,,high,,False,False,,,,pythagoras theorem
Year 9,Summer,2,,Non linear,Non linear graphs,1,Substitute into quadratic expressions,"In this small step, students substitute values into quadratic expressions and complete tables of values for quadratic equations. Start by substituting individual values of x into a quadratic expression, before introducing tables of values. Encourage students to explore substituting negative values and discuss the results of squaring negative numbers. This step also provides a good opportunity to practise efficient use of a calculator. If appropriate, students could explore the use of a “table” function on a calculator to complete a table of values. Discussing how to represent values from a table of values as coordinates can support understanding of plotting quadratic graphs in subsequent steps in this block. Misconceptions and common errors • Students may square negative values incorrectly, for example (−3)2 = −9 • Students may misinterpret addition or subtraction of negative values, for example 10 − −3 = 7 • Students may try to identify linear patterns when completing tables of values, for example thinking that values of y for the equation y = 3x2 increase by 3 each time. National Curriculum links • Substitute numerical values into formulae and expressions, including scientific formulae Mathematical talk • Explain why (−5)2 is the same as 52 • Explain why 3x2 is not equal to (3x)2 • Are the values of −x2 and (−x)2 always the same for a given value of x? Explain how you know. • Explain why x2 is always positive, regardless of the value of x. • What is the same and what is different about the tables of values for y = 6 + x2 and y = 6 − x2? • Evaluate x2 + 2x when x = 3 and x = −3. What do you notice? • If the x-values in a table are symmetrical, will the y-values also be symmetrical? Explain your answer. • How does the value of x2 change as x moves further away from zero? What does this suggest about the shape of a quadratic graph? • Explain why substituting x = 0 often reveals the constant term of a quadratic equation. Substitute into quadratic expressions Year 9 | Summer term | Block 2 – Non-linear graphs | Step 1",WR_PDF/Year 9/y9_summer_backfill/WRE Maths v3 Y9 SUM B2 SOL - Non linear graphs.pdf,WRE Maths v3 Y9 SUM B2 SOL - Non linear graphs.pdf,,high,,False,False,,,,non linear
Year 9,Summer,2,,Non linear,Non linear graphs,2,Draw quadratic graphs,"In this small step, students use tables of values to plot quadratic graphs. Note that quadratic graphs may have been covered as an extend step in Year 8 Remind students how to determine coordinates from a table of values and plot them. Demonstrate how to draw a smooth curve to join coordinates, discussing why it is inappropriate to join them with straight lines. Initially, focus on graphs of the form y = ax2 and y = x2 ± b, before progressing to the form y = ax2 ± b. Dynamic graphing software can be useful to support students’ understanding. Misconceptions and common errors • Students may forget to join the points to form a graph. • Students may join points with straight-line segments rather than curves. • Students may struggle to connect points with a smooth curve. • Students may believe that y-values in tables of values, and therefore the graph, will always be symmetrical. • Students may use the incorrect order of operations when substituting into expressions such as 3x2 National Curriculum links • Work with coordinates in all four quadrants • Substitute numerical values into formulae and expressions, including scientific formulae • Recognise, sketch and produce graphs of linear and quadratic functions of one variable with appropriate scaling, using equations in x and y and the Cartesian plane Mathematical talk • Is the graph of y = x2 + 2 the same as the graph of y = 2 + x2? Explain how you know. • What do you notice about the shapes of the quadratic graphs? Why do you think they have that shape? • Are all quadratic graphs symmetrical? Explain your answer. • Describe the differences between a linear graph and a quadratic graph. • Where does the graph of y = x2 + 2 cross the y-axis? Explain how you know. • Why are the points of a quadratic graph joined with a curve rather than straight lines? • Is there a maximum value of y in the graph y = x2? Explain your answer. Draw quadratic graphs Year 9 | Summer term | Block 2 – Non-linear graphs | Step 2",WR_PDF/Year 9/y9_summer_backfill/WRE Maths v3 Y9 SUM B2 SOL - Non linear graphs.pdf,WRE Maths v3 Y9 SUM B2 SOL - Non linear graphs.pdf,,high,,False,False,,,,non linear
Year 9,Summer,2,,Non linear,Non linear graphs,3,Draw more complex quadratic graphs,"In this small step, students are introduced to plotting quadratic graphs of the form y = ax2 + bx + c. Start with graphs where the turning point is a point to be plotted, rather than a turning point that lies between two plotted points. Then discuss a situation in which the table of values does not include the quadratic’s minimum point. Demonstrate how to complete these graphs, ensuring that there is a curve between the two points between which the minimum point lies. Negative coefficients of x2 are not explored in this step. Dynamic graphing software can be useful to support students’ understanding. Misconceptions and common errors • Students may calculate incorrectly with negative values, for example (−3)2 − −3 = 6 • Students may believe that all quadratic graphs are symmetrical about the y-axis. • Students may join the two points on either side of a turning point with a straight-line segment, rather than a curve. National Curriculum links • Substitute numerical values into formulae and expressions, including scientific formulae • Recognise, sketch and produce graphs of linear and quadratic functions of one variable with appropriate scaling, using equations in x and y and the Cartesian plane Mathematical talk • What is the same and what is different about the graphs y = 2x2 + 3x and y = 2x2 + 3x − 1? • How can you tell if a graph is symmetrical about the y-axis? • How can you identify the y-intercept of a quadratic graph directly from its equation? Explain how you know. • Is it always necessary to complete a table of values to draw a quadratic graph? • From which point should you start drawing your curve? • Do quadratic graphs always cross the x-axis? Explain how you know. • What would the graph of y = ax2 + bx + c look like if a = 0? Explain your answer. • When the value of x is , the value of y is Draw more complex quadratic graphs Year 9 | Summer term | Block 2 – Non-linear graphs | Step 3",WR_PDF/Year 9/y9_summer_backfill/WRE Maths v3 Y9 SUM B2 SOL - Non linear graphs.pdf,WRE Maths v3 Y9 SUM B2 SOL - Non linear graphs.pdf,,high,,False,False,,,,non linear
Year 9,Summer,2,,Non linear,Non linear graphs,4,Interpret quadratic graphs,"In this small step, students interpret quadratic graphs by reading values from them. Establish that it is only possible to find one value of y for a given value of x, but potentially two values of x for a given value of y. Highlight that values are identified by finding the intersection of two graphs. For example, drawing the graphs of y = x2 + 5x + 6 and y = 2 will identify the values of x when y = 2 This step focuses on reading values from a quadratic graph. Students will interpret roots, intercepts and turning points in a later extend step, although some of this content can be combined here, if appropriate. Dynamic graphing software can be useful to support understanding. Misconceptions and common errors • Students may give only one value of x for a given value of y, when there should be two values of x. • Students may read from the wrong axis for solutions. • Students may struggle to read estimates for non-integer coordinates. • Inaccurately drawn graphs may cause inaccurate results when reading values. National Curriculum links • Recognise, sketch and produce graphs of linear and quadratic functions of one variable with appropriate scaling, using equations in x and y and the Cartesian plane • Use linear and quadratic graphs to estimate values of y for given values of x and vice versa and to find approximate solutions of simultaneous linear equations Mathematical talk • To find the value of y when x = , which graph should you draw? • To find the values of x when y = , which graph should you draw? • Is there always a value of x for a given value of y? Explain your answer. • Why is there only one value of y for a given value of x, but sometimes two values of x for a given value of y? • When you read values from a graph, are your answers accurate or estimates? Explain how you know. • How can you check whether your estimated values of x are close to the actual values? Interpret quadratic graphs Year 9 | Summer term | Block 2 – Non-linear graphs | Step 4",WR_PDF/Year 9/y9_summer_backfill/WRE Maths v3 Y9 SUM B2 SOL - Non linear graphs.pdf,WRE Maths v3 Y9 SUM B2 SOL - Non linear graphs.pdf,,high,,False,False,,,,non linear
Year 9,Summer,2,,Non linear,Non linear graphs,5,Reciprocal and exponential graphs,"In this small step, students are introduced to algebraic graphs beyond linear and quadratic functions, focusing on reciprocal and exponential graphs. The main aim is to interpret key features from these graphs, such as values, intercepts and general trends. While the emphasis is on interpretation, plotting graphs from tables of values can deepen understanding of how equations translate into graphical form. Introduce the idea of an asymptote in a simple, accessible way, explaining that some graphs approach, but never touch, certain lines. Asymptotes will be explored more formally in Key Stage 4. Dynamic graphing software can be useful to support understanding. Misconceptions and common errors • Students may struggle to identify asymptotes. • Students may substitute values incorrectly into equations of reciprocal functions, for example calculating 5 ÷ 2, rather than 2 ÷ 5, to work out the value of y when x = 2 in the equation y = x 5 • Students may interpret dividing by zero incorrectly, for example 4 ÷ 0 = 0 National Curriculum links • Interpret mathematical relationships both algebraically and graphically • Find approximate solutions to contextual problems from given graphs of a variety of functions, including piece-wise linear, exponential and reciprocal graphs Mathematical talk • Why is there no y-value for x = 0 on the graph of y = 1 x ? • Why is there no x-value for y = 0 on the graph of y = 1 x ? • What is the same and what is different about the graphs of y = x2 and y = 2x? • What point is on all graphs of the form y = ax? Explain your answer. • What is the same and what is different about the graphs y = 3x and y = 5x? • For y = 2x, what happens as x becomes negative? How does this appear on the graph? • How does changing the base from 2 to 1 2 affect the graph of y = ax? Reciprocal and exponential graphs Year 9 | Summer term | Block 2 – Non-linear graphs | Step 5",WR_PDF/Year 9/y9_summer_backfill/WRE Maths v3 Y9 SUM B2 SOL - Non linear graphs.pdf,WRE Maths v3 Y9 SUM B2 SOL - Non linear graphs.pdf,,high,,False,False,,,,non linear
Year 9,Summer,2,,Non linear,Non linear graphs,6,Draw cubic graphs E,"In this extend step, students are introduced to plotting cubic graphs for the first time, with positive coefficients of x3 Remind students that cubing a negative value results in a negative value. This step provides an opportunity to incorporate calculator use, which can help to reduce arithmetic errors. When plotting points, encourage students to observe the distinctive shape of a typical cubic graph. Ensure that the coordinates from the table are chosen to display the shape of the graph clearly. Emphasise that, as with quadratic graphs, the curve should be drawn smoothly, avoiding straight lines between coordinates, and particular care should be taken to accurately shape the graph around its turning points. Using dynamic graphing software can further enhance understanding. Misconceptions and common errors • Students may make errors when cubing negative numbers. • Students may struggle to draw a smooth cubic curve. • Students may forget to join the points to form a graph. • Students may join points with straight-line segments, rather than curves. National Curriculum links • Interpret mathematical relationships both algebraically and graphically • Model situations or procedures by translating them into algebraic expressions or formulae and by using graphs Mathematical talk • Is the graph of y = x3 the same as the graph of y = 3x? Explain how you know. • What do you notice about the shapes of cubic graphs? Why do you think that they have that shape? • Describe the shape of a cubic graph. • When a negative number is cubed, is the result always negative? Explain how you know. • Do all cubic graphs intercept the y-axis? Explain how you know. • Describe the differences between a quadratic graph and a cubic graph. • What happens to the value of y as the value of x increases/decreases? Explain your answer. E Draw cubic graphs Year 9 | Summer term | Block 2 – Non-linear graphs | Step 6",WR_PDF/Year 9/y9_summer_backfill/WRE Maths v3 Y9 SUM B2 SOL - Non linear graphs.pdf,WRE Maths v3 Y9 SUM B2 SOL - Non linear graphs.pdf,,high,,False,False,,,,non linear
Year 9,Summer,2,,Non linear,Non linear graphs,7,Interpret cubic graphs E,"In this extend step, students build on their understanding from the previous step to interpret cubic graphs. Emphasise that for a given value of x, there is always a unique corresponding value of y, but for a given value of y, there may be one, two or three corresponding values of x. Highlight that, unlike quadratic graphs, cubic graphs always have at least one value of x for any value of y. Using graphs to solve equations is not essential at this stage, but relevant links can be made, such as finding the values of x when y = 0, if appropriate. Dynamic graphing software remains a valuable tool to visualise these features and to support students in recognising the general shape and behaviour of different cubic functions. Misconceptions and common errors • Students may give only one value of x for a given value of y, when they should give two or three values. • Students may read from the wrong axis for solutions. • Students may struggle to read estimates for non-integer coordinates. • Inaccurately drawn graphs may cause inaccurate results when reading values. National Curriculum links • Interpret mathematical relationships both algebraically and graphically • Model situations or procedures by translating them into algebraic expressions or formulae and by using graphs Mathematical talk • In a cubic graph, how many values of y are there for a given value of x? Explain your answer. • In a cubic graph, how many values of x are there for a given value of y? Explain your answer. • Will a cubic graph always give three values of x for a given value of y? Explain how you know. • How is a cubic graph different from a quadratic graph? • How can you improve the accuracy of your estimates from graphs? • How can you check whether your estimated values of x are close to the actual values? • How do your estimates of x-values when y = 0 for the equation y = x3 + 2x − 1 relate to the solutions to the equation x3 + 2x − 1 = 0? E Interpret cubic graphs Year 9 | Summer term | Block 2 – Non-linear graphs | Step 7",WR_PDF/Year 9/y9_summer_backfill/WRE Maths v3 Y9 SUM B2 SOL - Non linear graphs.pdf,WRE Maths v3 Y9 SUM B2 SOL - Non linear graphs.pdf,,high,,False,False,,,,non linear
Year 9,Summer,2,,Non linear,Non linear graphs,8,"Interpret roots, intercepts and turning points E","In this extend step, students build on their understanding of quadratic and cubic graphs by identifying key features such as roots, intercepts and turning points. Encourage students to determine both the coordinates of y-intercepts and the value of y when x = 0, using this to reinforce that the x-axis is the line y = 0 and the y-axis is the line x = 0. Emphasise the connection between roots and x-intercepts. If appropriate, students could begin to make links between roots and how these correspond to the solutions of a quadratic equation, although this is not essential at this stage. Students also find the coordinates of turning points and, in quadratics, recognise these as maximum or minimum values. Dynamic graphing software remains a valuable tool to help visualise these properties and support deeper conceptual understanding. Misconceptions and common errors • Students may struggle to make the connection between the axes and the lines x = 0 and y = 0 • Students may believe that the y-intercept is a root. National Curriculum links • Interpret mathematical relationships both algebraically and graphically • Use linear and quadratic graphs to estimate values of y for given values of x and vice versa and to find approximate solutions of simultaneous linear equations Mathematical talk • How can you identify the turning point of a quadratic graph? • Where on a graph would you look to find the y-intercept? • Where on a graph would you look to find the roots? • How do the roots of the quadratic graph y = x2 + 8x + 15 relate to the equation x2 + 8x + 15 = 0? • Does a quadratic equation always have two roots? Explain how you know. • Is a turning point always a minimum point? Explain your answer. • Is the x-coordinate of the turning point of a quadratic equation always the midpoint of the two roots? Explain your answer. • How many turning points does a cubic graph have? Is this always the case? Explain your answer. Interpret roots, intercepts and turning points Year 9 | Summer term | Block 2 – Non-linear graphs | Step 8 E",WR_PDF/Year 9/y9_summer_backfill/WRE Maths v3 Y9 SUM B2 SOL - Non linear graphs.pdf,WRE Maths v3 Y9 SUM B2 SOL - Non linear graphs.pdf,,high,,False,False,,,,non linear
Year 9,Summer,3,,Probability,Sets and probability,1,Identify and represent sets,"In this small step, students identify and represent sets and begin to use set notation. Use familiar examples, such as the set of even numbers, to model what a set looks like. Explain that each number or object is called an element or member of the set. Encourage the use of correct notation, such as writing a set using curly brackets, for example { 2, 3, 5, 7 }. As students’ confidence develops, introduce the concept of the universal set, denoted by the Greek letter ξ (pronounced “ksi”), as the complete collection of numbers/objects under consideration. Model how other sets can be seen as subsets of the universal set. For example, if ξ is the set of integers 1 to 10 inclusive, then { 2, 4, 6, 8, 10 } is a subset of ξ. Misconceptions and common errors • Students may not be specific enough or may omit details when describing a set. • Students may confuse the universal set with all numbers/ objects rather than understanding it as the complete collection of numbers/objects under consideration. • Students may think that sets can only be numerical. National Curriculum links • Enumerate sets and unions/intersections of sets systematically, using tables, grids and Venn diagrams Mathematical talk • What is the difference between a set and the universal set? • What do you notice about the numbers in the set { 2, 4, 6, 8, 10, 12 } ? Is 9 a member of the set? • How do you show that something is a set? • Does the order of the numbers matter in a set? Explain your answer. • Do sets always have to be numerical? Explain your answer. • How could you describe this set in words? • When might it be better to describe a set in words rather than list its elements? • If ξ is the set of whole numbers from 1 to 10, what subsets can you make from ξ ? • Is it possible for an element to belong to more than one set? Explain how you know. • What is meant by the term “empty set”? Identify and represent sets Year 9 | Summer term | Block 3 – Sets and probability | Step 1",WR_PDF/Year 9/y9_summer_backfill/WRE Maths v3 Y9 SUM B3 SOL Sets and probability.pdf,WRE Maths v3 Y9 SUM B3 SOL Sets and probability.pdf,,high,,False,False,,,,probability
Year 9,Summer,3,,Probability,Sets and probability,2,Intersection of sets,"In this small step, students build on their learning of Venn diagrams earlier in Year 9 This step provides an opportunity to embed the understanding that the intersection of sets contains the values or objects that are common to all the sets. Highlight the overlapping region of the circles on the diagram, as this gives a clear visual cue, before moving to the formal notation. Emphasise that the intersection is written using the symbol and model clear examples; for example, if A = { 2, 4, 6, 8 } and B = { 4, 6, 9 }, A B = { 4, 6 }. Encourage students to move between diagrams and notation, so that they see the connection between the visual and the symbolic representation. Check that they can both identify and write an intersection. Misconceptions and common errors • Students may think that the intersection means combining the sets (the union), rather than finding only the shared elements. • In Venn diagrams, students may shade the whole circles or the wrong region instead of only the intersection. • Students may confuse the notation and . National Curriculum links • Enumerate sets and unions/intersections of sets systematically, using tables, grids and Venn diagrams Mathematical talk • What does A B mean? How can you show A B on a Venn diagram? • How do you read A B out loud? • Which element appears in both of these sets, A = { 2, 4, 6 } and B = { 3, 6, 9 }? • What part of the Venn diagram shows the elements that appear in both sets? • If A = { 2, 4, 6, 8 } and B = { 6, 8, 10, 12 }, what are the elements of A B? Explain your answer. • If A B = { 5, 10 }, what does that tell you about sets A and B? Explain your answer. • What is meant by the term “empty set”? • If sets A and B contain no common elements, what do you know about the set A B? • Can the intersection have more elements than the original sets? Explain your answer. Intersection of sets Year 9 | Summer term | Block 3 – Sets and probability | Step 2",WR_PDF/Year 9/y9_summer_backfill/WRE Maths v3 Y9 SUM B3 SOL Sets and probability.pdf,WRE Maths v3 Y9 SUM B3 SOL Sets and probability.pdf,,high,,False,False,,,,probability
Year 9,Summer,3,,Probability,Sets and probability,3,Union of sets,"In this small step, students are introduced to the union of two or more sets and its representation using set notation. Explain that the union of two sets means combining all of the elements from both, with no repetitions. Use the symbol to represent the union and clearly model examples, for example if A = { 1, 2, 3 } and B = { 3, 4, 5 }, A B = { 1, 2, 3, 4, 5 }. Demonstrate how the union can be represented visually using Venn diagrams by shading both circles to represent all the elements included. Reinforce that the union always brings together every element from the sets under consideration. Draw students’ attention to the difference between union and intersection by considering how they differ in symbolic, written and visual representations. Misconceptions and common errors • Students may mix up the symbols and or use them interchangeably. • Students may list repeated elements when combining sets, for example A B = { 1, 2, 3, 3, 4, 5 }. • Students may not include the members of an intersection when listing the members of a union. National Curriculum links • Enumerate sets and unions/intersections of sets systematically, using tables, grids and Venn diagrams Mathematical talk • What does A B mean? How can you show A B on a Venn diagram? • How do you read A B out loud? • What part of the diagram should be shaded? • How does the shading show “in A or in B or in both”? • Does the union include the elements that are in both sets? Explain how you know. • If A = { a, b, c } and B = { c, d, e }, what are the elements of A B? Explain your answer. • If ξ = { 1, 2, 3, 4, 5, 6 }, A = { 1, 2, 3 } and B = { 2, 3, 4 }, what are the elements of A B? Explain your answer. • How is the union different from the intersection? • Can a union of two sets ever have fewer elements than either set on its own? Explain your answer. • Is the union of two sets always bigger than their intersection? Explain your answer. Union of sets Year 9 | Summer term | Block 3 – Sets and probability | Step 3",WR_PDF/Year 9/y9_summer_backfill/WRE Maths v3 Y9 SUM B3 SOL Sets and probability.pdf,WRE Maths v3 Y9 SUM B3 SOL Sets and probability.pdf,,high,,False,False,,,,probability
Year 9,Summer,3,,Probability,Sets and probability,4,Complement of a set  E,"In this extend step, students explore the complement of a set and its representation using set notation. Remind students that the universal set, ξ, is the complete collection of objects or numbers under consideration. Explain that the complement of a set contains all the elements in the universal set that are not in a set. Use clear examples to model this idea; for example, if ξ is the set of integers from 1 to 10 inclusive and A = { 2, 4, 6, 8, 10 }, then the complement of A, written as A′, is { 1, 3, 5, 7, 9 }. Encourage students to write complements using set notation and to describe them in words, such as “the set of integers from 1 to 10 that are not even”. As students gain confidence, highlight how complements help them to see how sets and their opposites fit within the universal set. Misconceptions and common errors • Students may try to take the complement of a set without reference to the universal set, ξ, leading to inconsistent answers. • Students may think that complement means the “opposite”, rather than exclusion. National Curriculum links • Enumerate sets and unions/intersections of sets systematically, using tables, grids and Venn diagrams Mathematical talk • What does A′ mean? How can you show A′ on a Venn diagram? • How do you read A′ out loud? • What is meant by the “universal set, ξ ”? • Do all sets have a complement? • What is the relationship between the complement of a set, the set itself and the universal set? • Can a set of non-numerical elements have a complement? Explain your answer. • If A = { 2, 4, 6 } and ξ = { 1, 2, 3, 4, 5, 6 }, what is A′ ? • Does A′ ever include elements from A? Explain your answer. • What is the same and what is different about a complement and an intersection/union? • If ξ is the set of students in a class and A is the set of students with a packed lunch, what does A′ represent? E Complement of a set Year 9 | Summer term | Block 3 – Sets and probability | Step 4",WR_PDF/Year 9/y9_summer_backfill/WRE Maths v3 Y9 SUM B3 SOL Sets and probability.pdf,WRE Maths v3 Y9 SUM B3 SOL Sets and probability.pdf,,high,,False,False,,,,probability
Year 9,Summer,3,,Probability,Sets and probability,5,Probability of a single event,"In this small step, students consolidate and build on learning from Year 8, using probability notation such as P(heads), expressing probabilities as fractions, decimals and percentages, and using the property that probabilities sum to 1 Introduce mutually exclusive events through simple cases, such as rolling a 2 or a 6 on a dice, to illustrate how probabilities can be added. When they are confident, students apply these skills to problem solving in ratio and algebraic contexts. For example, they may work with ratio and convert it into a fraction, or use algebra to represent unknown probabilities and solve equations. Misconceptions and common errors • Students may describe the probability in words rather than calculating it as a fraction/decimal/percentage. • Students may use incorrect total outcomes when interpreting word problems. • Students may think that all probabilities are mutually exclusive. • Students may express a probability as a ratio. National Curriculum links • Record, describe and analyse the frequency of outcomes of simple probability experiments involving randomness, fairness, equally and unequally likely outcomes, using appropriate language and the 0–1 probability scale • Understand that the probabilities of all possible outcomes sum to 1 Mathematical talk • What does “P(heads)” mean? • What does “random” mean? • Why must the outcomes be equally likely for this method to work? • Explain how to calculate the probability of a single event. • What does it mean when two events are mutually exclusive? • Is drawing a red card and drawing a king from a pack of cards an example of mutually exclusive events? Explain your answer. • Give an example of two events that are/are not mutually exclusive. • If the ratio of blue to red counters is 7 : 3, what is the probability of selecting a red counter when a counter is selected at random? Probability of a single event Year 9 | Summer term | Block 3 – Sets and probability | Step 5",WR_PDF/Year 9/y9_summer_backfill/WRE Maths v3 Y9 SUM B3 SOL Sets and probability.pdf,WRE Maths v3 Y9 SUM B3 SOL Sets and probability.pdf,,high,,False,False,,,,probability
Year 9,Summer,3,,Probability,Sets and probability,6,Use diagrams to work out probabilities,"In this small step, students use two-way tables, frequency trees and sample space diagrams to work out probabilities. Explore one diagram at a time. Model how outcomes in a two-way table are placed in rows and columns so that totals can be completed and used to find probabilities. Use sample space diagrams to display every outcome and identify subsets representing events. Recap frequency trees to show how information is organised step by step, with branches leading to totals. Emphasise how each diagram organises information clearly to support accurate calculations. Misconceptions and common errors • Students may not identify the correct event, total or subset from a diagram, leading to errors when calculating probabilities. • Students may include the wrong numerical values from the diagram. • In sample space diagrams, students may treat a single outcome as equivalent to an event, leading to an incorrect probability. National Curriculum links • Generate theoretical sample spaces for single and combined events with equally likely, mutually exclusive outcomes and use these to calculate theoretical probabilities Mathematical talk • How do you interpret a two-way table? What values do you know that can help you work out unknown information? • What does this total represent, and how is it different from an individual cell? • Why is a sample space diagram helpful for listing all the possible outcomes? • How is this two-way table similar to a frequency tree? • What does each branch represent on a frequency tree? • How do the totals at the end of each branch help you to calculate probabilities? • How many outcomes are there in total? • Can the same probability be found using more than one diagram? • To work out the probability of , which numbers in the table do you need to use? Use diagrams to work out probabilities Year 9 | Summer term | Block 3 – Sets and probability | Step 6",WR_PDF/Year 9/y9_summer_backfill/WRE Maths v3 Y9 SUM B3 SOL Sets and probability.pdf,WRE Maths v3 Y9 SUM B3 SOL Sets and probability.pdf,,high,,False,False,,,,probability
Year 9,Summer,3,,Probability,Sets and probability,7,Relative frequency,"In this small step, students explore relative frequency through experiments and recorded results. Emphasise how the relative frequency of an outcome fluctuates with a small number of trials, but as more trials are completed it stabilises. This shows the link between probability and relative frequency, with probability seen as the value that relative frequency approaches in the long run. Discuss how short-term variation becomes less significant as the number of trials increases, so results move closer to the theoretical probability, making larger samples more reliable. Graphs can make these patterns clearer, and computer simulations allow students to see behaviour. Misconceptions and common errors • Students may think that relative frequency and probability are the same. • Students may not recognise that conducting more trials increases the accuracy of the relative frequency. • Students may think that results should reflect theoretical probability after only a few trials, without recognising the effect of short-term variation. • Students may think that if an outcome has not occurred for a while, then it is certain to happen soon. National Curriculum links • Record, describe and analyse the frequency of outcomes of simple probability experiments involving randomness, fairness, equally and unequally likely outcomes, using appropriate language and the 0–1 probability scale Mathematical talk • How is relative frequency calculated? How is it different from probability? • Why is relative frequency called “experimental probability”? • Can relative frequency ever be greater than 1? Explain how you know. • Why is relative frequency not exactly the same each time? • Why is experimental probability different from theoretical probability? • If you roll a dice six times, will you definitely roll a 4? What might happen if the dice is rolled sixty times? How would the proportion of 4s compare to when the dice was only rolled six times? • A dice is rolled twenty times and lands on 4 five times. What is the relative frequency of rolling a 4? • What happens to experimental and theoretical probability when a very large number of trials has been completed? Relative frequency Year 9 | Summer term | Block 3 – Sets and probability | Step 7",WR_PDF/Year 9/y9_summer_backfill/WRE Maths v3 Y9 SUM B3 SOL Sets and probability.pdf,WRE Maths v3 Y9 SUM B3 SOL Sets and probability.pdf,,high,,False,False,,,,probability
Year 9,Summer,3,,Probability,Sets and probability,8,Expected outcomes,"In this small step, students explore expected outcomes, building on their knowledge of relative frequency and experimental probability. Highlight that expected outcomes represent a long-term average, rather than a precise prediction for individual trials. Variability can be illustrated through experiments, showing that results may differ from the calculated expectation, particularly with smaller samples. For example, if the probability of rolling a 6 on a fair dice is 1 6, then in 60 rolls the expected outcome would be ten 6s, although the actual result may vary. Ensure that students practise calculating expected outcomes when probabilities are expressed as fractions, decimals or percentages, and compare these with experimental results. Using tables, graphs or simulations helps to make the patterns more visible and reinforces the link between expected outcomes and probability. Misconceptions and common errors • Students may think that the expected outcome is what will happen in practice, rather than an estimation. • Students may believe that variation from the expected outcome means that the calculation is incorrect. National Curriculum links • Record, describe and analyse the frequency of outcomes of simple probability experiments involving randomness, fairness, equally and unequally likely outcomes, using appropriate language and the 0–1 probability scale. Mathematical talk • What does “expected outcome” mean? • If the probability of an event is 1 4, how many times would you expect it to occur in 40 trials? How many times would you expect it to occur in 400/4000 trials? • Can the actual results be different from the expected results? Explain your answer. • Why might results from a small number of trials look different from the expected outcome? • How does increasing the number of trials affect how close results are to the expected outcome? • What might it suggest if the expected outcome is 25 but the result is 40? • How could you use expected outcomes to check whether a game is fair? Expected outcomes Year 9 | Summer term | Block 3 – Sets and probability | Step 8",WR_PDF/Year 9/y9_summer_backfill/WRE Maths v3 Y9 SUM B3 SOL Sets and probability.pdf,WRE Maths v3 Y9 SUM B3 SOL Sets and probability.pdf,,high,,False,False,,,,probability
Year 9,Summer,3,,Probability,Sets and probability,9,Independent events,"In this small step, students explore independent events. It can be helpful to introduce the idea through a sample space diagram, for example for rolling two dice, where all possible outcomes can be listed and favourable cases counted. Draw students’ attention to how this method produces the same result as multiplying the separate probabilities, for example 1 2 × 1 6 = 1 12 for rolling an even number on one dice and a 5 on the other. Making this connection explains why multiplication is used for independent events and helps to link different approaches. Encourage students to express probabilities as both fractions and decimals, supporting fluency and making comparisons easier. Using diagrams provides opportunities for students to develop accurate reasoning. Misconceptions and common errors • Students may think that “independent” means that the probabilities are equal, rather than that one outcome does not affect the other. • Students may confuse independent with mutually exclusive events, not recognising that mutually exclusive outcomes cannot happen together. National Curriculum links • Generate theoretical sample spaces for single and combined events with equally likely, mutually exclusive outcomes and use these to calculate theoretical probabilities Mathematical talk • What does “independent event” mean? • Give an example of two events that are independent. • Can two events be independent if one is much more likely than the other? • If I roll one dice and you roll another, does my result affect yours? Explain your answer. • How is independence different from fairness? • Can an event be unfair but still independent? Give an example. • Can two independent events happen at the same time? Explain your answer. • Can two mutually exclusive events happen at the same time? Explain your answer. • How does this difference change how you calculate their probabilities? • If the probability of winning a game is 0.3, what is the probability of winning twice in a row? Independent events Year 9 | Summer term | Block 3 – Sets and probability | Step 9",WR_PDF/Year 9/y9_summer_backfill/WRE Maths v3 Y9 SUM B3 SOL Sets and probability.pdf,WRE Maths v3 Y9 SUM B3 SOL Sets and probability.pdf,,high,,False,False,,,,probability
Year 9,Summer,3,,Probability,Sets and probability,10,Probabilities from Venn diagrams,"In this small step, students explore probabilities using Venn diagrams. Recap the regions of a Venn diagram, clarifying how each represents a distinct group within the data. Draw students’ attention to how probabilities are calculated, by comparing the number of outcomes in a region with the total represented by the diagram. If appropriate, students could explore the “given that” clause, finding the probability of one event when another is already known to have occurred. This introduces conditional probability in a structured way and highlights how Venn diagrams make relationships between events visual. Misconceptions and common errors • Students may omit elements written outside the circles. • Students may forget to include the intersection when calculating the probability of “A or B”. • Students may think that the total in the denominator should be the sum of the two circles, rather than the overall total. • When answering “given that” questions, students may use the total population instead of restricting it to the given condition. National Curriculum links • Enumerate sets and unions/intersections of sets systematically, using tables, grids and Venn diagrams Mathematical talk • What does each circle represent? • What does the intersection represent? • What is the universal set? • What does the region outside the circles represent? • How can you tell from the Venn diagram which elements are prime numbers? • How can you tell from the Venn diagram how many elements there are in total? • When calculating a probability, what does the numerator represent? What does the denominator represent? • How do the words “and” and “or” relate to set notation and regions on a Venn diagram? • What is meant by the probability of A given that B has happened? Which region represents the numerator/ denominator? Probabilities from Venn diagrams Year 9 | Summer term | Block 3 – Sets and probability | Step 10",WR_PDF/Year 9/y9_summer_backfill/WRE Maths v3 Y9 SUM B3 SOL Sets and probability.pdf,WRE Maths v3 Y9 SUM B3 SOL Sets and probability.pdf,,high,,False,False,,,,probability
Year 9,Summer,4,,Transformations,Transformations,1,Enlargement (positive scale factor),"In this small step, students revisit enlargement, which was introduced in Spring Block 5 Start by enlarging rectilinear shapes on a grid without a specific centre of enlargement. Enlargement from a point will be covered in later steps. Emphasise that enlarging a shape creates a pair of similar shapes. Ensure that students understand the meaning of a scale factor. For example, enlarging a shape by a scale factor of 2 means that all the side lengths double. Encourage students to take particular care with shapes involving diagonal line segments, modelling the process to support understanding. As their confidence grows, encourage students to consider how enlargement affects a shape’s perimeter and area. Misconceptions and common errors • Students may use additive reasoning to enlarge shapes, for example adding 3 to each length, rather than multiplying each length by 3 • Students may misplace vertices when enlarging shapes containing diagonal lengths. National Curriculum links • Identify and construct congruent triangles, and construct similar shapes by enlargement, with and without coordinate grids Mathematical talk • What does “enlargement” mean? • What is a scale factor? • Are all enlargements of a given shape similar? Explain how you know. • If a shape is enlarged by a scale factor of 2, what do you know about the enlarged shape? • How can you show that the enlarged shape is similar to the original shape? • What happens to a shape if it is enlarged by a scale factor of 1? • How can you work out the scale factor of enlargement? • The height of the original shape is , so the height of the enlarged shape is Enlargement (positive scale factor) Year 9 | Summer term | Block 4 – Transformations | Step 1",WR_PDF/Year 9/y9_summer_backfill/WRE Maths v3 Y9 SUM B4 SOL Transformations.pdf,WRE Maths v3 Y9 SUM B4 SOL Transformations.pdf,,high,,False,False,,,,transformations
Year 9,Summer,4,,Transformations,Transformations,2,Enlargement from a point (positive scale factor),"In this small step, students build on their understanding of enlargement, now using a centre of enlargement. Model how to enlarge a shape from a specific point on a grid and then move on to examples on coordinate axes. Model how to scale the distance between the vertex of the object and the centre of enlargement, highlighting that this determines the position of the image. Dynamic geometry software can be useful to help students explore the effect of changing either the centre of enlargement or the scale factor. Misconceptions and common errors • Students may enlarge a shape without considering its final position determined by a centre of enlargement. • Students may misinterpret coordinates, for example using the point (2, 4) as the centre of enlargement, rather than (4, 2). • Students may assume that the centre of enlargement must always lie outside the shape. • Students may struggle to enlarge shapes where the centre of enlargement lies within the shape. National Curriculum links • Identify and construct congruent triangles, and construct similar shapes by enlargement, with and without coordinate grids Mathematical talk • How does the centre of enlargement affect an enlargement? • Why is it necessary to count the distances from the centre of enlargement, rather than just enlarging the side lengths? • What happens if the centre of enlargement is changed? How does this affect the position of the image? • What happens if the scale factor changes, but the centre of enlargement stays the same? • What happens if the centre of enlargement changes, but the scale factor stays the same? • How can you check that an enlargement has been drawn accurately? Enlargement from a point (positive scale factor) Year 9 | Summer term | Block 4 – Transformations | Step 2",WR_PDF/Year 9/y9_summer_backfill/WRE Maths v3 Y9 SUM B4 SOL Transformations.pdf,WRE Maths v3 Y9 SUM B4 SOL Transformations.pdf,,high,,False,False,,,,transformations
Year 9,Summer,4,,Transformations,Transformations,3,Enlargement (fractional scale factor),"In this small step, students enlarge shapes using a positive fractional scale factor, including those greater than 1 Remind students that enlarging by a positive scale factor less than 1 produces a smaller shape. Model enlarging rectilinear shapes on a grid, before introducing shapes with specific centres of enlargement and enlargements on coordinate axes. Highlight the relationship between pairs of shapes; for example, if the scale factor from shape A to shape B is 1 3 , then the scale factor from shape B to shape A is 3. Students should also practise using scale factors expressed as improper fractions and decimals. Misconceptions and common errors • Students may neglect to use the centre of enlargement to draw the enlargement in the correct position. • Students may think that an enlargement always makes a shape larger, even when the scale factor is fractional. National Curriculum links • Identify and construct congruent triangles, and construct similar shapes by enlargement, with and without coordinate grids Mathematical talk • Does an enlargement always make a shape larger? Explain how you know. • How can you work out the scale factor of enlargement? • How does a fractional scale factor affect the enlargement of a shape? • Explain why a scale factor of enlargement between 0 and 1 will always result in a smaller image than the original. • Is enlarging by a scale factor of 5 2 the same as enlarging by a scale factor of 2.5? Explain how you know. • Do you need to draw ray lines when you enlarge a shape? Explain your answer. • How can you check that an enlargement has been drawn accurately? • If the scale factor from shape A to shape B is , the scale factor from shape B to shape A is Enlargement (fractional scale factor) Year 9 | Summer term | Block 4 – Transformations | Step 3",WR_PDF/Year 9/y9_summer_backfill/WRE Maths v3 Y9 SUM B4 SOL Transformations.pdf,WRE Maths v3 Y9 SUM B4 SOL Transformations.pdf,,high,,False,False,,,,transformations
Year 9,Summer,4,,Transformations,Transformations,4,Enlargement (negative scale factor)  E,"In this extend step, students enlarge shapes using a negative scale factor. Establish that enlarging by a negative scale factor changes both the size and orientation of a shape. Using ray lines to model this process is recommended, as the vertices of the object and image will lie on the same ray lines drawn from the centre of enlargement. Make links between positive and negative scale factors, for example comparing enlargements with scale factors of 2 and −2. If appropriate, students can also investigate negative fractional scale factors. Misconceptions and common errors • Students may enlarge by a positive scale factor, rather than a negative scale factor. • Students may think that a negative scale factor produces a smaller shape. • Students may assume that negative and positive scale factors of the same magnitude, for example 2 and −2, produce identical results. National Curriculum links • Identify and construct congruent triangles, and construct similar shapes by enlargement, with and without coordinate grids Mathematical talk • What is the same and what is different about enlarging by a positive scale factor and enlarging by a negative scale factor? • Does an enlargement always have the same orientation as the original shape? Explain how you know. • Describe what happens when a shape is enlarged by a negative scale factor. • If a point is 4 units to the left of the centre of enlargement, where will its image be when enlarged by a scale factor of −2? • Why is it useful to draw ray lines when enlarging a shape? • In which quadrant will the image be after an enlargement of scale factor , about centre of enlargement ? • How can you check that an enlargement has been drawn accurately? E Enlargement (negative scale factor) Year 9 | Summer term | Block 4 – Transformations | Step 4",WR_PDF/Year 9/y9_summer_backfill/WRE Maths v3 Y9 SUM B4 SOL Transformations.pdf,WRE Maths v3 Y9 SUM B4 SOL Transformations.pdf,,high,,False,False,,,,transformations
Year 9,Summer,4,,Transformations,Transformations,5,Describe an enlargement,"In this small step, students describe enlargements using precise language. Explain that a full description of an enlargement must include both the scale factor of enlargement and the coordinates of the centre of enlargement. Remind students of strategies to calculate the scale factor of enlargement, such as dividing corresponding side lengths and ensuring that they divide the enlarged length by the original length. Model how to construct ray lines to locate the coordinates of the centre of enlargement. If necessary, use sentence stems to support students in structuring their response. Misconceptions and common errors • Students may not describe an enlargement fully, for example only stating the scale factor. • Students may use additive rather than multiplicative reasoning to identify a scale factor. • Students may interpret enlargements incorrectly, for example stating a scale factor of 2 rather than 1 2 • Students may describe an enlargement in the wrong order, for example describing the enlargement of shape B to shape A, rather than shape A to shape B. National Curriculum links • Identify and construct congruent triangles, and construct similar shapes by enlargement, with and without coordinate grids Mathematical talk • What pieces of information do you need to describe an enlargement? • Why is it important to state the coordinates of the centre of enlargement? • Describe how you locate the coordinates of the centre of enlargement. • How can you use pairs of corresponding sides to calculate the scale factor? • How do you know when a shape has been enlarged by a fractional scale factor? • How does an enlargement by a scale factor of 2 differ from an enlargement by a scale factor of 1 2 ? • How could you check that your description of the enlargement is accurate? Describe an enlargement Year 9 | Summer term | Block 4 – Transformations | Step 5",WR_PDF/Year 9/y9_summer_backfill/WRE Maths v3 Y9 SUM B4 SOL Transformations.pdf,WRE Maths v3 Y9 SUM B4 SOL Transformations.pdf,,high,,False,False,,,,transformations
Year 9,Summer,4,,Transformations,Transformations,6,Rotation about a point,"In this small step, students rotate a shape about a specific point. Model the process, clearly demonstrating how each vertex moves around the centre of rotation. Tracing paper is a useful tool for students, enabling them to mark both the object and the centre of rotation before physically rotating the shape. Encourage the use of a “north” arrow or similar reference line to support accurate turns of 90°, 180° and 270°. Highlight that rotations can be clockwise or anticlockwise and emphasise that the object and its image are always congruent, having the same size and shape, but in different orientations. Misconceptions and common errors • Students may rotate a shape about the origin rather than the stated centre of rotation. • Students may rotate a shape in the wrong direction. • Students may not rotate the correct number of degrees, for example rotating 180°, rather than 90°. • Students may not draw the image congruent to the original shape. National Curriculum links • Identify properties of, and describe the results of, translations, rotations and reflections applied to given figures Mathematical talk • How is a rotation different from an enlargement? • How does rotation affect the orientation of the shape? • What two pieces of information do you need to perform a rotation accurately? • Explain what is meant by a “centre of rotation”. • How does the centre of rotation affect the result of a rotation? • Describe how to rotate a shape 270° anticlockwise. • If a shape is to be rotated 180°, does it matter which direction you turn it? Explain how you know. • Are any points invariant? Explain how you know. Rotation about a point Year 9 | Summer term | Block 4 – Transformations | Step 6",WR_PDF/Year 9/y9_summer_backfill/WRE Maths v3 Y9 SUM B4 SOL Transformations.pdf,WRE Maths v3 Y9 SUM B4 SOL Transformations.pdf,,high,,False,False,,,,transformations
Year 9,Summer,4,,Transformations,Transformations,7,Describe a rotation,"In this small step, students describe rotations using precise language. Emphasise that a full description must always include three key details: the angle of turn, the direction of turn (clockwise or anticlockwise) and the centre of rotation. Model the process clearly using tracing paper. A “north” arrow can also support students in identifying the direction and angle of turn. Encourage students to trial different centres of rotation, to establish a pair of suitable coordinates. If appropriate, use sentence stems to support students in structuring their answers. Misconceptions and common errors • Students may not describe a rotation fully, for example not stating the direction. • Students may struggle to identify a centre of rotation, particularly if the centre is within a shape. • Students may not appreciate that, for example, a 90° rotation clockwise is equivalent to a 270° rotation anticlockwise. National Curriculum links • Identify properties of, and describe the results of, translations, rotations and reflections applied to given figures Mathematical talk • What three pieces of information are needed to give a full description of a rotation? • What is the direction of the rotation? • What is the angle of turn? How do you know? • How does the centre of rotation affect the transformation? • How does the direction of turn affect the transformation? • How does the angle of turn affect the transformation? • What is the same and what is different when rotating 90° clockwise or 270° anticlockwise? Explain your answer. • Is the rotation 180° clockwise or 180° anticlockwise? Explain your answer. • How can you find the centre of rotation? • How can you check that your description is accurate? Describe a rotation Year 9 | Summer term | Block 4 – Transformations | Step 7",WR_PDF/Year 9/y9_summer_backfill/WRE Maths v3 Y9 SUM B4 SOL Transformations.pdf,WRE Maths v3 Y9 SUM B4 SOL Transformations.pdf,,high,,False,False,,,,transformations
Year 9,Summer,4,,Transformations,Transformations,8,Translation,"In this small step, students translate shapes. This concept may have been introduced in Key Stage 2, but the emphasis here is on using column vectors to carry out translations on a coordinate grid. Students should recognise that a translation produces a congruent shape with the same orientation. Model translating a shape, highlighting that the top number in a column vector represents horizontal movement and the bottom number represents vertical movement. Misconceptions and common errors • Students may misinterpret a column vector, for example thinking that ( 2 3 ) means 2 up and 3 right. • Students may misinterpret negative values in column vectors, for example thinking that ( 1 −5) means 1 right and 5 up. • Students may only translate one vertex of the shape and incorrectly assume the positions of the remaining vertices. National Curriculum links • Identify properties of, and describe the results of, translations, rotations and reflections applied to given figures Mathematical talk • What does “translation” mean? • Does the size of the shape change after a translation? Explain how you know. • Why does a column vector contain two numbers? • What do the two numbers in a column vector tell you? • How can you describe the column vector in words? • What does the translation vector ( 2 −3) mean? • What happens if one of the numbers in the column vector is zero? • What is the difference between coordinates and a vector? • Why is it important to consider the scales of the axes when translating a shape? • How can you check that the translation has been completed accurately? Translation Year 9 | Summer term | Block 4 – Transformations | Step 8",WR_PDF/Year 9/y9_summer_backfill/WRE Maths v3 Y9 SUM B4 SOL Transformations.pdf,WRE Maths v3 Y9 SUM B4 SOL Transformations.pdf,,high,,False,False,,,,transformations
Year 9,Summer,4,,Transformations,Transformations,9,Describe a translation,"In this small step, students describe a translation using a column vector. Encourage students to identify a pair of corresponding vertices, then model how to calculate the horizontal and vertical movements needed to map one onto the other. Reinforce that the order is important, with the horizontal movement being written as the top value in the vector and the vertical movement below. Emphasise that the same vector applies to every vertex of the shape, not just the pair chosen. Misconceptions and common errors • Students may use words instead of a column vector. • Students may incorrectly write the column vector as a coordinate or fraction. • Students may write the column vector incorrectly, for example ( 2 3 ) rather than ( 3 2 ) , or ( 5 2 ) instead of (−5 −2) . • Students may describe a translation in the wrong order, for example describing the transformation of shape B to shape A, rather than shape A to shape B. • Students may struggle to interpret translations with column vectors of the form ( 0 a ) or ( b 0 ) . National Curriculum links • Identify properties of, and describe the results of, translations, rotations and reflections applied to given figures Mathematical talk • How can you describe the translation in words? How can you write this as a column vector? • Do you need any more information to describe a translation? • Which value in a column vector describes the horizontal movement? • Which value in a column vector describes the vertical movement? • How do you write a translation of 2 units left as a column vector? • How do you write a translation of 3 units down as a column vector? • If the translation vector from shape A to shape B is , what is the translation vector from shape B to shape A? • How can you check that your description is accurate? Describe a translation Year 9 | Summer term | Block 4 – Transformations | Step 9",WR_PDF/Year 9/y9_summer_backfill/WRE Maths v3 Y9 SUM B4 SOL Transformations.pdf,WRE Maths v3 Y9 SUM B4 SOL Transformations.pdf,,high,,False,False,,,,transformations
Year 9,Summer,4,,Transformations,Transformations,10,Reflection,"In this small step, students build on their understanding from Year 8, completing and describing reflections in horizontal, vertical and diagonal lines. Some students may not yet have encountered reflections in lines expressed algebraically, or fully described reflections, as these are covered in extend steps in Year 8 Recap how to identify equations of vertical, horizontal and diagonal lines, as this underpins both drawing and describing reflections. Emphasise that a full description must include both the fact that it is a reflection and the equation of the mirror line. As with previous transformations, tracing paper is a useful tool. Misconceptions and common errors • Students may not use the perpendicular distance between vertices and a diagonal mirror line. • Students may draw an incorrect reflection when a shape crosses one of the axes. • Students may incorrectly plot lines of the form y = a and x = b, resulting in an incorrect reflection. • Students may use non-mathematical vocabulary to describe a reflection, such as “flip” or “mirror”, rather than “reflect”. National Curriculum links • Identify properties of, and describe the results of, translations, rotations and reflections applied to given figures • Describe, sketch and draw using conventional terms and notations: points, lines, parallel lines, perpendicular lines, right angles, regular polygons, and other polygons that are reflectively and rotationally symmetric Mathematical talk • What does “reflection” mean? • How far is each vertex of the object from the mirror line? • What information do you need to describe a reflection fully? • Is the line x = 4 horizontal or vertical? Explain how you know. • What is the equation of the line? Explain how you know. • Which points lie on the line y = x? • What is the difference between reflecting in the line y = x and in the line y = −x? • Can two different lines of reflection produce the same image? Explain your answer. • How do you know whether a vertex on an image will lie on a line of reflection? Reflection Year 9 | Summer term | Block 4 – Transformations | Step 10",WR_PDF/Year 9/y9_summer_backfill/WRE Maths v3 Y9 SUM B4 SOL Transformations.pdf,WRE Maths v3 Y9 SUM B4 SOL Transformations.pdf,,high,,False,False,,,,transformations
Year 9,Summer,4,,Transformations,Transformations,11,Find the result of a series of transformations  E,"In this extend step, students consolidate their understanding of reflections, translations, rotations and enlargements, applying a series of transformations to a shape. This step provides opportunities for students to discuss misconceptions or errors related to each of the four transformations. Highlight that changing the order of transformations can affect the final image. As with previous steps, model different transformations to students. Once confident, students could be encouraged to consider whether a series of transformations can sometimes be represented by a single transformation. Misconceptions and common errors • Students may carry out the transformations in an incorrect order. • Students may misinterpret key information, for example reflecting in the line y = 2 rather than x = 2 • Students may perform a second transformation on the original shape, rather than on the new image. National Curriculum links • Identify properties of, and describe the results of, translations, rotations and reflections applied to given figures • Identify and construct congruent triangles, and construct similar shapes by enlargement, with and without coordinate grids Mathematical talk • Does it matter which order the transformations are carried out? Explain how you know. • If you reflect a shape, then rotate the image, will the result be the same as rotating the shape first and then reflecting the image? Explain how you know. • What will the coordinates of the point ( , ) be if the shape is reflected in the x-axis, followed by a reflection in the y-axis? • Why do you perform the second transformation on the image, rather than the original shape? • Is there a single transformation that maps shape A onto shape C? • How can you check that the transformations have been drawn accurately? E Find the result of a series of transformations Year 9 | Summer term | Block 4 – Transformations | Step 11",WR_PDF/Year 9/y9_summer_backfill/WRE Maths v3 Y9 SUM B4 SOL Transformations.pdf,WRE Maths v3 Y9 SUM B4 SOL Transformations.pdf,,high,,False,False,,,,transformations
Year 10,Summer,1,Foundation,Angles,Angles,1,"Angles around a point, on a straight line and vertically opposite","In this small step, students revisit key angle facts from Key Stage 3, including angles around a point, angles on a straight line and vertically opposite angles. Begin by recapping these rules using clear diagrams, and asking reasoning questions such as “What is the same and what is different?”, to help students recognise when angles sum to 180° or 360°, and when angles are equal. Emphasise the importance of selecting the correct rule for each scenario, and provide examples that require more than one rule to be applied. Encourage the consistent use of three-letter notation for angles, and correct use of angle symbols throughout. Ask students to explain their reasoning when identifying relationships between angles. Misconceptions and common errors • Students may confuse the rules for angles on a straight line and angles around a point, leading to incorrect totals. • Students may not label angles using three-letter notation, or use the wrong notation when justifying their answers. • Students may believe that vertically opposite angles sum to 180° or 360°. Year 10 | Summer term | Block 1 – Angles | Step 1 Mathematical talk • What is the same and what is different between angles on a straight line and angles around a point? • What do you know? What can you work out? • Why is it important to label angles using the three-letter notation? • When two straight lines intersect, how many pairs of vertically opposite angles are formed? • Is your answer reasonable? How can you check? • Which angles meet at a point on a straight line? Explain how you know. • Vertically opposite angles are • Angles on a straight line sum to • Angles around a point sum to F National Curriculum links • Use the standard conventions for labelling the sides and angles of triangle ABC, and know and use the criteria for congruence of triangles (KS3) • Apply the properties of angles at a point, angles at a point on a straight line, vertically opposite angles (KS3)",WR_PDF/Year 10/y10_summer_backfill/foundation/WRE Maths v3 Y10 SUM B1 F SOL Angles.pdf,WRE Maths v3 Y10 SUM B1 F SOL Angles.pdf,,high,,False,False,,,,angles
Year 10,Summer,1,Foundation,Angles,Angles,2,Angles in a triangle,"In this small step, students recap prior learning from Key Stage 3 that the angles in a triangle sum to 180°. Begin by revisiting different types of triangles, and discussing how their angle properties compare. Encourage students to describe what is the same and what is different between examples, such as comparing angles in an isosceles and an equilateral triangle. Ensure students are confident using three-letter notation when identifying and labelling angles. Provide examples where students apply more than one angle fact, such as when finding unknown angles in triangles within larger diagrams. Encourage them to explain how they identified which facts to use, and to check their reasoning by verifying that the angles total 180°. Misconceptions and common errors • Students may confuse properties of different types of triangles. • Students may believe that the sum of angles in a triangle is 360°. • Students may believe that the sum of angles in all polygons is 180°, rather than just in triangles. Year 10 | Summer term | Block 1 – Angles | Step 2 Mathematical talk • What do angles in a triangle sum to? Explain how you know. • What is the same and what is different about the angles in an isosceles triangle and angles in an equilateral triangle? • What is the size of each angle in a right-angled isosceles triangle? Explain how you know. • Can a triangle have more than one obtuse angle? Explain how you know. • Can a triangle have an interior reflex angle? Explain how you know. • Is it possible to have interior angles of 76°, 32° and 84° in a triangle? Why or why not? • An isosceles triangle has one angle of 50°. What could the other two angles be? How many possible combinations are there? F National Curriculum links • Derive and use the sum of angles in a triangle and use it to deduce the angle sum in any polygon, and to derive properties of regular polygons (KS3)",WR_PDF/Year 10/y10_summer_backfill/foundation/WRE Maths v3 Y10 SUM B1 F SOL Angles.pdf,WRE Maths v3 Y10 SUM B1 F SOL Angles.pdf,,high,,False,False,,,,angles
Year 10,Summer,1,Foundation,Angles,Angles,3,Angles in a quadrilateral,"In this small step, students recap prior learning that the interior angles of a quadrilateral sum to 360°. Begin by highlighting the connection to the sum of angles in a triangle, showing how any quadrilateral can be divided into two triangles and hence, the angles in a quadrilateral sum to 360°. Use a range of examples, including rectangles, parallelograms, trapezia, and kites, to reinforce that the total is always 360°. Encourage students to provide reasons alongside their answers, and to label angles accurately using three-letter notation. Provide examples where they need to apply more than one angle fact, such as combining the sum of angles in a quadrilateral with angles on a straight line. Emphasise clear reasoning and checking that answers are sensible. Misconceptions and common errors • Students may believe that the angles in a quadrilateral sum to 180° rather than 360°. • Students may assume a quadrilateral cannot include an interior reflex angle. • Students may assume that opposite angles in any quadrilateral are always equal. Year 10 | Summer term | Block 1 – Angles | Step 3 Mathematical talk • What is the same and what is different about the sum of angles in a triangle and angles in a quadrilateral? • Do quadrilaterals always contain right angles? Explain how you know. • How can you use the sum of angles in a triangle to work out the sum of the angles in a quadrilateral? • Can a quadrilateral have three obtuse angles? Why or why not? • If one angle in a quadrilateral is increased, what happens to the sum of the rest of the angles? Explain how you know. • A quadrilateral contains angles of 60°, 85° and 100°. What is the size of the fourth angle? Explain how you know. F National Curriculum links • Apply angle facts, triangle congruence, similarity and properties of quadrilaterals to derive results about angles and sides, including Pythagoras’ Theorem, and use known results to obtain simple proofs (KS3)",WR_PDF/Year 10/y10_summer_backfill/foundation/WRE Maths v3 Y10 SUM B1 F SOL Angles.pdf,WRE Maths v3 Y10 SUM B1 F SOL Angles.pdf,,high,,False,False,,,,angles
Year 10,Summer,1,Foundation,Angles,Angles,4,Exterior angles of a polygon,"In this small step, students recap their prior learning of interior and exterior angles from Key Stage 3. Remind them that the sum of the exterior angles of any polygon is 360° and use this to calculate individual exterior angles in regular polygons by dividing 360° by the number of sides. Highlight that interior and exterior angles sum to 180°, and use this to calculate unknown exterior angles given an interior angle. Students can then extend this knowledge to find the number of sides of a regular polygon when either the interior or exterior angle is known. Encourage students to clearly label diagrams to support reasoning, and to help identify when sides or angles are equal. Misconceptions and common errors • Students may believe that the exterior and interior angles sum to 360°. • Students may believe that the sum of exterior angles depends on the number of sides the polygon has. • Students may assume that some equal angles always mean the polygon is regular, without checking that all sides are also equal in length. Year 10 | Summer term | Block 1 – Angles | Step 4 Mathematical talk • How can you identify the exterior angles of a polygon? • What is the relationship between an interior and an exterior angle in a polygon? • How can you determine if a polygon is regular? • What is the sum of the exterior angles of a polygon? • What is the formula to calculate the size of one exterior angle in a regular polygon? • What is the size of each exterior angle in a regular decagon? Explain how you know. • A regular polygon has exterior angles of 40°. How many sides does the polygon have? What is the mathematical name of the polygon? • An irregular pentagon has exterior angles of 82°, 102°, 37° and 90°. What is the size of the fifth exterior angle? F National Curriculum links • Derive and use the sum of angles in a triangle and use it to deduce the angle sum in any polygon and to derive properties of regular polygons (KS3)",WR_PDF/Year 10/y10_summer_backfill/foundation/WRE Maths v3 Y10 SUM B1 F SOL Angles.pdf,WRE Maths v3 Y10 SUM B1 F SOL Angles.pdf,,high,,False,False,,,,angles
Year 10,Summer,1,Foundation,Angles,Angles,5,Interior angles of a polygon,"In this small step, students recap their learning of interior angles of polygons from Key Stage 3. Begin by revisiting the relationship between interior and exterior angles. Highlight that they form a straight line and therefore sum to 180°. Remind students that the sum of interior angles can be calculated using (n – 2) × 180°, where n is the number of sides, and that this can also be used to work out the number of sides when the sum of interior angles is known. It can be useful to model splitting polygons into triangles to demonstrate why this method works to calculate the sum of interior angles. Reinforce that “regular” means that all sides and angles are equal. Calculators may be used throughout this step, so the focus remains on the method rather than the arithmetic. Misconceptions and common errors • Students may confuse interior and exterior angles. • Students may believe that the interior angle sum is the same for all polygons. • Students may believe the interior angle sum is found by multiplying the number of sides by 180°. • Students may believe that all interior angles are equal in size even when the polygon is irregular. Year 10 | Summer term | Block 1 – Angles | Step 5 Mathematical talk • What is the sum of adjacent interior and exterior angles? • A regular polygon has 12 sides. Work out the size of each interior angle. • A polygon has an interior angle sum of 900°. How many sides does the polygon have? • Can a polygon have an interior angle greater than 180°? Explain how you know. • Can two different polygons have the same interior angle sum? Explain how you know. • How can you calculate the interior angle sum of any polygon? • Can a polygon have a reflex interior angle? Explain how you know. F National Curriculum links • Derive and use the sum of angles in a triangle and use it to deduce the angle sum in any polygon, and to derive properties of regular polygons (KS3)",WR_PDF/Year 10/y10_summer_backfill/foundation/WRE Maths v3 Y10 SUM B1 F SOL Angles.pdf,WRE Maths v3 Y10 SUM B1 F SOL Angles.pdf,,high,,False,False,,,,angles
Year 10,Summer,1,Foundation,Angles,Angles,6,Solve problems with angles in polygons (E),"In this extend step, students apply their knowledge of interior and exterior angles to solve multi-step problems involving polygons. Encourage them to choose and combine appropriate angle facts, such as how the sum of interior angles can be calculated using (n – 2) × 180°, or the fact that exterior angles sum to 360°. Questions may include working out the size of unknown angles in irregular polygons or problems involving compound shapes made up of polygons. Encourage students to draw and label diagrams carefully, showing all working and reasoning. Discuss efficient strategies, such as identifying triangles within shapes or using properties of regular polygons. Students should justify their methods, demonstrating a clear understanding of how different angle rules connect across polygon problems. Misconceptions and common errors • Students may forget which formula to use and apply (n – 2) × 180° to exterior angles. • Students may assume that the sum of the interior angles is the same for all polygons. • Students may confuse regular and irregular polygons and the properties surrounding these. Year 10 | Summer term | Block 1 – Angles | Step 6 Mathematical talk • What is the calculation to work out the sum of the interior angles in a polygon? • What is the sum of the exterior angles of a polygon? • How can you check whether a polygon is regular or irregular? What do you know and what can you work out? • Is it possible to calculate the size of any exterior angles from the given information? Why or why not? • Is it possible to calculate the size of any interior angles from the given information? Why or why not? • The angle is because • The number of sides is because • Adjoining exterior and interior angles sum to F National Curriculum links • Derive and use the sum of angles in a triangle and use it to deduce the angle sum in any polygon, and to derive properties of regular polygons (KS3) E",WR_PDF/Year 10/y10_summer_backfill/foundation/WRE Maths v3 Y10 SUM B1 F SOL Angles.pdf,WRE Maths v3 Y10 SUM B1 F SOL Angles.pdf,,high,,False,False,,,,angles
Year 10,Summer,1,Foundation,Angles,Angles,7,Alternate and corresponding angles,"In this small step, students revisit alternate and corresponding angles in parallel lines. Begin by reviewing the definitions and properties of alternate, corresponding and vertically opposite angles, and demonstrate how alternate and corresponding angles are formed when a transversal intersects two lines. Reinforce that alternate and corresponding angles are equal when the lines are parallel. Provide opportunities for students to practise calculating unknown angles using alternate and corresponding angle facts, and to practise reasoning through multi-step problems. Encourage students to identify pairs of equal angles before forming equations to calculate unknown values. Emphasise the importance of clear diagrams, correct notation and precise reasoning. Calculators may be used where appropriate to maintain focus on reasoning. Misconceptions and common errors • Students may confuse the positions of alternate and corresponding angles. • Students may believe the angles are alternate or corresponding even when the lines are not parallel. • Students may fail to label the diagram correctly, leading to misapplied reasoning. Year 10 | Summer term | Block 1 – Angles | Step 7 Mathematical talk • What is the same and what is different about alternate and corresponding angles? • Which of the angles are equal? How do you know? • How do you know if two angles are alternate? • How do you know if two angles are corresponding? • Can two angles be alternate if the lines are not parallel? Why or why not? • How can you use vertically opposite angles to work out other unknown angles? • Can a pair of alternate angles be reflex? • If the transversal is perpendicular to the parallel lines, what do you know about the angles? • Corresponding angles are • Alternate angles are F National Curriculum links • Understand and use the relationship between parallel lines and alternate and corresponding angles (KS3)",WR_PDF/Year 10/y10_summer_backfill/foundation/WRE Maths v3 Y10 SUM B1 F SOL Angles.pdf,WRE Maths v3 Y10 SUM B1 F SOL Angles.pdf,,high,,False,False,,,,angles
Year 10,Summer,1,Foundation,Angles,Angles,8,"Co-interior, alternate and corresponding angles","In this small step, students consolidate their learning of alternate and corresponding angles, as well as introducing co-interior angles. Begin by reviewing the key angle relationships and discuss what is the same and what is different about co-interior angles compared to alternate and corresponding angles. Emphasise that co-interior angles sum to 180° while alternate and corresponding angles are equal. Reinforce that alternate, corresponding and co-interior angles are only formed when a transversal crosses parallel lines. Students should be encouraged to highlight angle pairs, clearly reasoning and justifying their answers. Challenge students further to strengthen reasoning and fluency, by using diagrams that include algebraic expressions and less-familiar orientations. Misconceptions and common errors • Students may believe that co-interior angles are equal in size. • Students may assume angles are alternate/corresponding/ co-interior when the lines are not parallel. • Students may not justify their answers even when asked to give reasons for their answers. Year 10 | Summer term | Block 1 – Angles | Step 8 Mathematical talk • What type of angles in parallel lines sum to 180°? • How can you identify a pair of co-interior angles on a diagram? • What is the same and what is different about co-interior and corresponding angles? • A pair of co-interior angles on a diagram are 156° and 24°. Are the lines parallel? Explain how you know. • What other angle facts can we use to check our calculation is correct? • Does the orientation of the parallel lines affect the size of the angles? Explain how you know. • Co-interior angles sum to F National Curriculum links • Understand and use the relationship between parallel lines and alternate and corresponding angles (KS3)",WR_PDF/Year 10/y10_summer_backfill/foundation/WRE Maths v3 Y10 SUM B1 F SOL Angles.pdf,WRE Maths v3 Y10 SUM B1 F SOL Angles.pdf,,high,,False,False,,,,angles
Year 10,Summer,1,Foundation,Angles,Angles,9,Prove geometric facts (E),"In this extend step, students begin to use clear reasoning to prove geometric facts. Start by revisiting familiar angle facts, ensuring students can state each fact accurately. Model how to build a simple chain of reasoning using statements such as “because alternate angles are equal” or “because angles in a triangle sum to 180°”. Encourage students to write each step clearly and to justify their answers. Make sure that students understand that a proof must show a fact works in every case, not just for one example. Model to students how to structure their reasoning so it clearly shows a logical progression from the given information to the conclusion. Provide opportunities to spot errors in worked examples so they can recognise incomplete or incorrect reasoning. Misconceptions and common errors • Students may not justify their answers or give reasons for why they have applied certain angle facts. • Students may write conclusions without clearly showing the logical steps that lead to them. • Students may assume that diagrams are drawn to scale when they are not. • Students may believe they have proven a fact when they have only shown it works for one case. Year 10 | Summer term | Block 1 – Angles | Step 9 Mathematical talk • How can you tell which angle facts are needed to prove a statement? • Do angles in all triangles sum to 180°? Show how you know. • Is it possible for angles to be alternate if the lines are not parallel? Show how you know. • What do you notice about the sum of interior angles in a polygon when the number of sides increases by 1? • Does your reasoning work for all examples? How do you know? • Have you used correct mathematical language throughout your proof? Why is this important? • When two angles appear equal, how can you justify this rather than relying on the diagram? F National Curriculum links • Apply angle facts, triangle congruence, similarity and properties of quadrilaterals to derive results about angles and sides, including Pythagoras’ Theorem, and use known results to obtain simple proofs (KS3) E",WR_PDF/Year 10/y10_summer_backfill/foundation/WRE Maths v3 Y10 SUM B1 F SOL Angles.pdf,WRE Maths v3 Y10 SUM B1 F SOL Angles.pdf,,high,,False,False,,,,angles
Year 10,Summer,2,Foundation,Graphs and,Graphs and diagrams,1,Pictograms,"In this small step, students build on their prior learning of pictograms from Year 8. Begin by revisiting how discrete data is represented and how each symbol, or part of a symbol, corresponds to a value shown in the key. Highlight the importance of using the key carefully, both when constructing pictograms and when interpreting them. Once students are confident with this skill, support them in finishing partially completed pictograms by checking that the frequencies are shown correctly. Students should also practise interpreting pictograms by explaining what the data represents and making comparisons between categories where relevant. Misconceptions and common errors • Students may draw a pictogram without a key. • Students may choose a symbol for their key that makes it hard to represent part values. • Students may disregard the key and assume each symbol always represents one item. • Students may treat part symbols as whole symbols, leading to incorrect frequencies. Year 10 | Summer term | Block 2 – Graphs and diagrams | Step 1 Mathematical talk • What does the key in this pictogram tell us? • What mistake might someone make if they ignore the key? • What symbol could be used to represent the key? • How do you know how many symbols to draw? • How could you represent a frequency that is not a multiple of the key value? • What value is represented by a half, a quarter or three quarters of a symbol? • How would the pictogram change if the value of the key was doubled or halved? • Do the symbols need to be the same size? Why or why not? F National Curriculum links • Construct and interpret appropriate tables, charts, and diagrams, including frequency tables, bar charts, pie charts, and pictograms for categorical data, and vertical line (or bar) charts for ungrouped and grouped numerical data (KS3)",WR_PDF/Year 10/y10_summer_backfill/foundation/WRE Maths v3 Y10 SUM B2 F SOL Graphs and diagrams.pdf,WRE Maths v3 Y10 SUM B2 F SOL Graphs and diagrams.pdf,,high,,False,False,,,,graphs and
Year 10,Summer,2,Foundation,Graphs and,Graphs and diagrams,2,Line and bar charts,"In this small step, students recap their Year 8 learning on constructing and interpreting vertical line charts and bar charts. Remind students that vertical line charts represent discrete data using lines drawn against various categories, with the height showing the frequency, while bar charts use rectangular bars to show the same information. Highlight that both charts use clearly labelled axes and consistent, equally spaced scales, with equal spacing between each line or bar. It can be helpful to compare a vertical line chart with a bar chart representing the same data to highlight the similarities in data presentation. As confidence develops, encourage students to compare frequencies and calculate the mode, range and mean from the charts. Misconceptions and common errors • Students may place numbers on the y-axis in unequal intervals resulting in a distorted scale. • Students may place vertical lines or bars at irregular gaps along the horizontal axis, rather than spacing them evenly. Year 10 | Summer term | Block 2 – Graphs and diagrams | Step 2 Mathematical talk • How do you know which axis shows the categories and which shows the frequency? • How can you describe the scale being used? • Do the lines or bars need an equal gap between them? Explain your answer. • How do you know what frequency each vertical line or bar represents? • What is the same and what is different about a vertical line chart and a bar chart? • If the scale goes up in 2s, where would you plot a frequency of 5? • How would this data look if it was shown in a different orientation? F National Curriculum links • Construct and interpret appropriate tables, charts, and diagrams, including frequency tables, bar charts, pie charts, and pictograms for categorical data, and vertical line (or bar) charts for ungrouped and grouped numerical data (KS3)",WR_PDF/Year 10/y10_summer_backfill/foundation/WRE Maths v3 Y10 SUM B2 F SOL Graphs and diagrams.pdf,WRE Maths v3 Y10 SUM B2 F SOL Graphs and diagrams.pdf,,high,,False,False,,,,graphs and
Year 10,Summer,2,Foundation,Graphs and,Graphs and diagrams,3,Dual and composite bar charts,"In this small step, students recap their learning on dual and composite bar charts from Year 7. Remind students that these charts allow two or more sets of related data to be compared clearly, with bars placed side by side or stacked to show similarities and overall totals. Emphasise the importance of a clear key and discuss suitable scales for the axes, reminding students to keep spaces between categories equal. Provide opportunities for students to construct charts from tally charts and frequency tables, providing partially completed axes to support if necessary. As students gain confidence, encourage them to critique diagrams that might be misleading. Encourage students to use the charts to describe patterns and calculate averages and range. Misconceptions and common errors • Students may forget to include a clear key. • Students may draw unequal gaps or misalign the bars within each category. Year 10 | Summer term | Block 2 – Graphs and diagrams | Step 3 Mathematical talk • When might it be useful to create a dual or composite bar chart? Explain your reasoning. • What is the same and what is different between a dual and composite bar chart? • Why do dual and composite bar charts need a key? • How can you decide the scale for the vertical axis? • How does a composite bar chart help you see both individual parts and the total? • What information is easier to see on the dual bar chart than on a composite chart? Why? • What information is easier to see on a composite bar chart compared to a dual bar chart? Explain your reasoning. F National Curriculum links • Construct and interpret appropriate tables, charts, and diagrams, including frequency tables, bar charts, pie charts, and pictograms for categorical data, and vertical line (or bar) charts for ungrouped and grouped numerical data (KS3)",WR_PDF/Year 10/y10_summer_backfill/foundation/WRE Maths v3 Y10 SUM B2 F SOL Graphs and diagrams.pdf,WRE Maths v3 Y10 SUM B2 F SOL Graphs and diagrams.pdf,,high,,False,False,,,,graphs and
Year 10,Summer,2,Foundation,Graphs and,Graphs and diagrams,4,Draw pie charts,"In this small step, students recap their learning of drawing pie charts from Year 8. Remind students that a pie chart represents a total split into parts, with each category shown as a sector of a circle. The size of each sector is proportional to the frequency. Students can calculate the size of each sector using the formula, sector angle = frequency total × 360° to calculate the size of each sector. Model how to draw sectors accurately, using a protractor, highlighting the importance of labelling each sector clearly. As students increase in confidence, provide them with data in other formats such as percentages, fractions or data displayed in bar charts. Misconceptions and common errors • Students may use the frequency as the angle size instead of working out the angle accurately. • Students may not label the sectors. • Students may not use a protractor correctly, leading to inaccurate sector angles. Year 10 | Summer term | Block 2 – Graphs and diagrams | Step 4 Mathematical talk • What is the total frequency of the data set? • How can we calculate the angle for one category if we know its frequency and the total? • How does using the formula, sector angle = frequency total × 360° help you calculate the number of degrees that is proportional to the total? • How can you check that all calculated sector angles are accurate before you begin to draw the pie chart? • How can percentages be used to calculate sector angles? • Where should you start drawing the first sector? • Why is it important to be accurate when measuring the size of sectors with a protractor? • When would a pie chart not be the most suitable way to represent a data set? F National Curriculum links • Construct and interpret appropriate tables, charts, and diagrams, including frequency tables, bar charts, pie charts, and pictograms for categorical data, and vertical line (or bar) charts for ungrouped and grouped numerical data (KS3)",WR_PDF/Year 10/y10_summer_backfill/foundation/WRE Maths v3 Y10 SUM B2 F SOL Graphs and diagrams.pdf,WRE Maths v3 Y10 SUM B2 F SOL Graphs and diagrams.pdf,,high,,False,False,,,,graphs and
Year 10,Summer,2,Foundation,Graphs and,Graphs and diagrams,5,Interpret pie charts,"In this small step, students recap their understanding of interpreting pie charts from Year 8. Remind students that a pie chart represents a whole split into parts, with each sector showing a fraction of the total. Begin with simple interpretations, such as identifying the largest or smallest categories by comparing sector sizes, before moving on to using the sector angle to calculate the frequency of each category. Support students to make connections between fractions and percentages, and to understand how these can be converted into a proportion of 360° when drawing a sector. As students grow in confidence, introduce comparisons between two pie charts, encouraging them to describe similarities and differences and to recognise that, without total values, only proportions can be compared. Misconceptions and common errors • Students may confuse the angle of a sector with the frequency it represents. • When comparing two pie charts, students may assume equal sectors in different pie charts always represent the same frequency. Year 10 | Summer term | Block 2 – Graphs and diagrams | Step 5 Mathematical talk • What does the whole pie chart represent? • How can you tell which category represents the greatest/least proportion of the whole? • If you know the angle of a sector on a pie chart, how can you work out what fraction of the whole this represents? • How can you determine the total frequency when you are only given the frequency and the angle for one category on a pie chart? • Is the total frequency always needed in order to interpret a pie chart? Explain your answer. • How could you work out how many students the sector represents if the total is ? F National Curriculum links • Construct and interpret appropriate tables, charts, and diagrams, including frequency tables, bar charts, pie charts, and pictograms for categorical data, and vertical line (or bar) charts for ungrouped and grouped numerical data (KS3)",WR_PDF/Year 10/y10_summer_backfill/foundation/WRE Maths v3 Y10 SUM B2 F SOL Graphs and diagrams.pdf,WRE Maths v3 Y10 SUM B2 F SOL Graphs and diagrams.pdf,,high,,False,False,,,,graphs and
Year 10,Summer,2,Foundation,Graphs and,Graphs and diagrams,6,Time series graphs,"In this small step, students recap their Year 7 learning on drawing and interpreting time series graphs. Remind them that these graphs show changes over time and require clearly labelled axes for accurate interpretation. Emphasise that time is always plotted on the horizontal axis and that equal intervals are essential. Encourage students to discuss upward or downward trends, along with periods of stability. Emphasise that while time series graphs highlight overall trends, short-term fluctuations may not always reflect the longer-term trend. Discuss with students how time series graphs with points joined by solid lines imply that it is possible to estimate information between data points, while points joined by dashed lines imply that the data between these points is not reliable. Misconceptions and common errors • Students may focus on specific points on a graph rather than the overall trends. • Students may assume that trends will always be consistent. • Students may use solid lines instead of dashed lines or vice versa. Year 10 | Summer term | Block 2 – Graphs and diagrams | Step 6 Mathematical talk • Does the time series graph have to start at zero? Explain your answer. • How can you show that your axis has not started from zero? • What does the overall trend of the graph show? • How can you describe the trend in this part of the graph? • Could there be a seasonal pattern? Explain your answer. • Is there a point that does not fit the general pattern? Why might that be? • Can the time series graph be used to estimate between data points? Explain your answer. • What similarities and what differences do you notice when comparing these two time series graphs? F National Curriculum links • Interpret and construct tables and line graphs for time series data",WR_PDF/Year 10/y10_summer_backfill/foundation/WRE Maths v3 Y10 SUM B2 F SOL Graphs and diagrams.pdf,WRE Maths v3 Y10 SUM B2 F SOL Graphs and diagrams.pdf,,high,,False,False,,,,graphs and
Year 10,Summer,2,Foundation,Graphs and,Graphs and diagrams,7,Frequency polygons,"In this small step, students draw and interpret frequency polygons. Begin by modelling how to construct a frequency polygon by identifying the midpoint of each class interval, plotting these points and joining them with straight lines. Highlight that the horizontal axis shows data from the class intervals as a continuous scale and the vertical axis shows the frequencies. Discuss with students why midpoints of the class intervals are used to plot the data on the horizontal axis and to describe what the shape of the frequency polygon shows, such as increases or decreases in the data. Model how to compare two frequency polygons on the same axes and explain how the overall shape helps students interpret and compare different distributions. Misconceptions and common errors • Students may plot the class boundaries rather than the midpoint. • Students may join the first and last points to form a polygon. • Students may draw bars instead of a polygon. • Students may incorrectly join the points using a curve instead of straight lines. Year 10 | Summer term | Block 2 – Graphs and diagrams | Step 7 Mathematical talk • What is the difference between a midpoint and an endpoint? • Given the boundaries of a class interval, how do you work out the midpoint? • Why do we plot the midpoint instead of the class boundaries? • How does the scale on a set of axes affect how a frequency polygon looks? • What does the steepest part of the polygon tell you about the data? • Does the line between two points represent actual data or an estimate? Explain how you know. F National Curriculum links • Interpret, analyse and compare the distributions of data sets from univariate empirical distributions through: appropriate graphical representation involving discrete, continuous and grouped data",WR_PDF/Year 10/y10_summer_backfill/foundation/WRE Maths v3 Y10 SUM B2 F SOL Graphs and diagrams.pdf,WRE Maths v3 Y10 SUM B2 F SOL Graphs and diagrams.pdf,,high,,False,False,,,,graphs and
Year 10,Summer,2,Foundation,Graphs and,Graphs and diagrams,8,Stem-and-leaf diagrams,"In this small step, students draw and interpret stem-and-leaf diagrams. Begin by explaining that these diagrams organise numerical data, using the stem to show place value and the leaf to show the final digit, allowing all values to remain visible. Emphasise that including a clear key is essential so the data can be correctly interpreted. Model how to organise the data, select a suitable stem, and record each leaf clearly so digits align. Revisit how to calculate averages and the range by finding the difference between the greatest and smallest values in the set. Include examples with decimal values, such as 7|3 representing 7.3 As students develop confidence, introduce back-to-back stem- and-leaf diagrams to compare two data sets. Misconceptions and common errors • Students may write leaves out of order instead of listing them from smallest to largest. • Students may forget to include a key, which can make it difficult to interpret the values represented. Year 10 | Summer term | Block 2 – Graphs and diagrams | Step 8 Mathematical talk • What does the stem represent in this diagram? How do you know? • Why do we list the leaves in ascending order rather than the order they were collected? • Why is a key important when interpreting the values from a stem-and-leaf diagram? • What is the smallest value and what is the largest? How do you know? • What does the length of each row suggest about the distribution of values? • How would this diagram change if the data included decimals? • When might a back-to-back stem-and-leaf diagram be useful? F National Curriculum links • Interpret, analyse and compare the distributions of data sets from univariate empirical distributions through: appropriate graphical representation involving discrete, continuous and grouped data",WR_PDF/Year 10/y10_summer_backfill/foundation/WRE Maths v3 Y10 SUM B2 F SOL Graphs and diagrams.pdf,WRE Maths v3 Y10 SUM B2 F SOL Graphs and diagrams.pdf,,high,,False,False,,,,graphs and
Year 10,Summer,3,Foundation,Vectors,Vectors,1,Understand and represent vectors,"In this small step, students develop their understanding of vectors beyond the context of translating shapes, which they previously encountered in Year 9. This step will focus on interpreting column vectors and representing vectors as diagrams. Remind students that the top number in a column vector represents the horizontal direction, while the bottom number represents the vertical direction. It is important that students understand that a vector shows both direction and magnitude. The role of the arrow should also be emphasised, as it indicates the start point, end point, and direction of the vector. Comparing similar vectors can help to reinforce this understanding, for example by comparing 3 4 -   and -3 4   . Misconceptions and common errors • Students may neglect to draw arrows on vectors. • Students may draw arrows in the wrong direction on vectors. • Students may misinterpret column vectors, such as reading 2 4 -   as ‘2 up and 4 left’ rather than ‘2 right and 4 down’. Year 10 | Summer term | Block 3 – Vectors | Step 1 Mathematical talk • What is the same and what is different about a translation and a diagram representing a vector? • Which value represents the horizontal direction? • Which value represents the vertical direction? • What does the arrow show? • Explain what the vector 4 1 -   represents. • Where does the vector start and end? Explain how you know. • How do you know which direction to draw the arrow? • What is the same and what is different about the vectors -2 5   and 2 5 -   ? • Is it possible to draw a vector without an arrow? Explain your answer. F National Curriculum links • Describe translations as 2D vectors • Apply addition and subtraction of vectors, multiplication of vectors by a scalar, and diagrammatic and column representations of vectors",WR_PDF/Year 10/y10_summer_backfill/foundation/WRE Maths v3 Y10 SUM B3 F SOL Vectors.pdf,WRE Maths v3 Y10 SUM B3 F SOL Vectors.pdf,,high,,False,False,,,,vectors
Year 10,Summer,3,Foundation,Vectors,Vectors,2,Vector notation,"In this small step, students build on their understanding of vector representations as column vectors and directed line segments by introducing notation for labelling vectors. Different conventions should be introduced, such as writing a vector as AB , emphasising that this represents the vector from A to B. Comparing related vectors can further deepen understanding of vectors as movements between points, for example by comparing AB with BA . Students should also be given opportunities to work with vectors labelled using bold letters, such as a or x. Misconceptions and common errors • Students may misinterpret vectors, for example reading XY as YX . • Students may neglect to draw arrows on the vectors or draw arrows in the wrong direction. • Students may neglect to label vectors. For example, not labelling ‘E’ and ‘F’ on either end of a line segment to represent the vector EF . Year 10 | Summer term | Block 3 – Vectors | Step 2 Mathematical talk • What is the significance of the order of the letters in the vector AB ? How does this differ from the vector BA ? • Do the letters describing a vector always have to be in alphabetical order? Explain how you know. • If vector a = 3 4   what would –a represent? Explain how you know. • How can two vectors have the same magnitude but different directions? Write an example. • If CD = 2 3  , how would you represent CD on a grid? • If CD = 2 3  , how would you represent DC on a grid? F National Curriculum links • Describe translations as 2D vectors • Apply addition and subtraction of vectors, multiplication of vectors by a scalar, and diagrammatic and column representations of vectors",WR_PDF/Year 10/y10_summer_backfill/foundation/WRE Maths v3 Y10 SUM B3 F SOL Vectors.pdf,WRE Maths v3 Y10 SUM B3 F SOL Vectors.pdf,,high,,False,False,,,,vectors
Year 10,Summer,3,Foundation,Vectors,Vectors,3,Vectors multiplied by a scalar,"In this small step, students explore vectors that are parallel to each other. Introduce students to the concept of a scalar, emphasising that it is the value by which a vector is multiplied. Students should recognise that when one vector is a scalar multiple of another, the two vectors are parallel. Begin by using diagrams to represent different vectors, for example by comparing a and 2a on a grid, highlighting that both are parallel and that 2a is twice the magnitude of a. This can then be used to build towards multiplying column vectors by a scalar. Emphasise that both the horizontal and vertical components of a column vector are multiplied by the scalar. Students should also have opportunities to explore the effect of multiplying vectors by negative scalars; for example, multiplying by –1 reverses the direction of a vector. Misconceptions and common errors • Students may make arithmetic errors, particularly when calculating with negative numbers. • Students may neglect to multiply both values in a column vector by the scalar. Year 10 | Summer term | Block 3 – Vectors | Step 3 Mathematical talk • What is the same and what is different about parallel vectors? • Can two vectors be parallel but not equal in magnitude? Explain how you know. • How do we know if one vector is a multiple of the other? • What is a scalar? • What is the effect of multiplying a vector by a negative scalar? • How does multiplying a vector by a scalar change its magnitude? Does it ever change its direction? F National Curriculum links • Describe translations as 2D vectors • Apply addition and subtraction of vectors, multiplication of vectors by a scalar, and diagrammatic and column representations of vectors",WR_PDF/Year 10/y10_summer_backfill/foundation/WRE Maths v3 Y10 SUM B3 F SOL Vectors.pdf,WRE Maths v3 Y10 SUM B3 F SOL Vectors.pdf,,high,,False,False,,,,vectors
Year 10,Summer,3,Foundation,Vectors,Vectors,4,Add vectors,"In this small step, students learn how to add column vectors. Remind students that a vector has a horizontal component and a vertical component and that these components can be represented as column vectors. Emphasise that when adding two vectors, the resultant vector is found by adding the horizontal components together and the vertical components together. As with previous steps, visual representations of addition of vectors can help students to build a deeper understanding. Provide opportunities to draw vector diagrams to show how one vector follows another, making the connection between the geometric path and the numerical calculation. Once learning is secure move on to more abstract calculations, such as adding two column vectors. Misconceptions and common errors • Students may make arithmetic errors, particularly when using negative numbers. • Students may draw vectors incorrectly, such as drawing arrows facing the wrong direction. Year 10 | Summer term | Block 3 – Vectors | Step 4 Mathematical talk • What does each number in a column vector represent? • What does ‘resultant vector’ mean? • How can we represent adding vectors on a grid? • How do we identify the resultant of two vectors? • How do we add two column vectors together? • How can a diagram help us understand what the calculation is showing? • Does the order matter when we add two vectors? Explain your reasoning. • Why do we add the horizontal components and add the vertical components to find the resultant vector? • What happens if we add vector a to vector –a? F National Curriculum links • Describe translations as 2D vectors • Apply addition and subtraction of vectors, multiplication of vectors by a scalar, and diagrammatic and column representations of vectors",WR_PDF/Year 10/y10_summer_backfill/foundation/WRE Maths v3 Y10 SUM B3 F SOL Vectors.pdf,WRE Maths v3 Y10 SUM B3 F SOL Vectors.pdf,,high,,False,False,,,,vectors
Year 10,Summer,3,Foundation,Vectors,Vectors,5,Add and subtract vectors,"In this small step, students deepen their understanding of arithmetic with vectors by learning how to subtract vectors. As with previous steps, representing vector subtraction using diagrams is a helpful approach before introducing formal written methods. This can be introduced by considering equivalent calculations, such as a – b and a + (–b). Once students are confident, they can practise adding and subtracting vectors abstractly. If appropriate, challenge students to solve problems that combine operations such as multiplication with addition or subtraction, for example, 2 × 3 4   + 2 5 -  . Misconceptions and common errors • Students may make arithmetic errors, particularly when using negative numbers. • Students may struggle to represent vector subtraction problems as diagrams. • Students may neglect one of the values in a column vector when multiplying by a scalar. For example, writing –1 × 3 5 -   = - - 3 5  . Year 10 | Summer term | Block 3 – Vectors | Step 5 Mathematical talk • What does the arrow on a vector indicate? • What is the relationship between b and –b? • Is a – b the same as a + (–b)? Explain how you know. • How would a diagram representing a + b differ from a – b? • How can we identify vector addition on a diagram? • How can we identify vector subtraction on a diagram? • How do we subtract two column vectors? • Does the order matter when we subtract two vectors? Why or why not? • Can the subtraction of two vectors create a resulting vector longer than both original vectors? Explain how you know. F National Curriculum links • Describe translations as 2D vectors • Apply addition and subtraction of vectors, multiplication of vectors by a scalar, and diagrammatic and column representations of vectors",WR_PDF/Year 10/y10_summer_backfill/foundation/WRE Maths v3 Y10 SUM B3 F SOL Vectors.pdf,WRE Maths v3 Y10 SUM B3 F SOL Vectors.pdf,,high,,False,False,,,,vectors
Year 10,Summer,3,Foundation,Vectors,Vectors,6,Solve problems with vectors (E),"In this extend step, students apply their understanding of vectors and vector arithmetic to solve problems in a range of contexts. Linking points on coordinate grids using vectors is a good way to introduce students to vector problems. Once students are confident, they can move on to more abstract coordinate problems where a grid is not provided. If appropriate, students can also solve problems involving both algebra and vectors. Provide opportunities for students to discuss a variety of problems, modelling and verbalising strategies that could be used, as well as exploring alternative methods. Misconceptions and common errors • Students may make arithmetic errors, particularly when using negative numbers. • Students may represent coordinates of points as column vectors or vice versa. • Students may not recognise that a vector multiplied by a scalar remains parallel to the original vector. Year 10 | Summer term | Block 3 – Vectors | Step 6 Mathematical talk • How is a vector different from a coordinate? • How can we work out the column vector from point A to point B using their coordinates? • How can vectors help us calculate unknown coordinates? • What does it mean if a vector is a multiple of another? • How can we check if our calculated coordinates are correct? • How do scalar multiples of a vector affect its direction and magnitude? • How does the vector AB compare with BA ? • If two sides of a shape are represented by equal vectors, what does this tell you about the shape? National Curriculum links • Describe translations as 2D vectors • Apply addition and subtraction of vectors, multiplication of vectors by a scalar, and diagrammatic and column representations of vectors",WR_PDF/Year 10/y10_summer_backfill/foundation/WRE Maths v3 Y10 SUM B3 F SOL Vectors.pdf,WRE Maths v3 Y10 SUM B3 F SOL Vectors.pdf,,high,,False,False,,,,vectors
Year 10,Summer,4,Foundation,Factors powers,Factors powers and surds,1,"Factors, multiples and primes","In this small step, students develop their understanding of factors, multiples and prime numbers, building on their learning from Key Stage 3. Encourage systematic listing strategies, identifying factor pairs to ensure that students list all the factors of a given number. Include square numbers, so that students are aware that the numbers in a factor pair may not always be different. Use counters to make the difference between factors and multiples explicit. Model factors as the way a number can be split into equal groups with no remainder, and multiples as repeated equal groups, linking multiples to times-table facts. Using the same number, such as 12, can help highlight the contrast. Use counters to reinforce that a prime number has exactly two distinct factors, 1 and itself, and remind students that 1 is not prime. Misconceptions and common errors • Students may think 1 is a prime number. • Students may confuse factors and multiples, listing multiples as factors or vice versa. • Students may stop factor lists too early and miss a factor pair. • Students may assume all odd numbers are prime. Year 10 | Summer term | Block 4 – Factors, powers and surds | Step 1 Mathematical talk • What is the difference between a factor and a multiple? • How do factor pairs help you find all the factors of a number systematically? • How can you check whether one number is a factor of another without listing every factor? • Can a number be both a factor and a multiple? Explain your answer. • Are all multiples of a number greater than or equal to the number? Explain your answer. • Are all factors of a number smaller than the number itself? • How many factors do prime numbers have? • How many even prime numbers are there? How do you know? • is a multiple/factor of F National Curriculum links • Use the concepts and vocabulary of prime numbers, factors (or divisors), multiples, common factors, common multiples, highest common factor, lowest common multiple, prime factorisation, including using product notation and the unique factorisation property (KS3)",WR_PDF/Year 10/y10_summer_backfill/foundation/WRE Maths v3 Y10 SUM B4 F SOL Factors powers and surds.pdf,WRE Maths v3 Y10 SUM B4 F SOL Factors powers and surds.pdf,,high,,False,False,,,,factors powers
Year 10,Summer,4,Foundation,Factors powers,Factors powers and surds,2,Prime factorisation,"In this small step, students build on their Key Stage 3 understanding of prime numbers and factors to write a number as a product of its prime factors. It can be helpful to begin with integers that have two or three prime factors before increasing complexity and introducing index notation. Encourage students to use a prime factor tree to organise information and identify prime factors. Ensure students understand that the product of the prime factors is equivalent to the original number. Emphasise that every integer greater than 1 has a unique prime factorisation, and that the order of the factors does not matter. As confidence increases, encourage students to make connections between the prime factor decomposition of related numbers. Misconceptions and common errors • Students may include non-prime factors in their final product. • Students may not work systematically, leading to missing or repeated factors. • Students may list prime factors, rather than writing them as a product. Year 10 | Summer term | Block 4 – Factors, powers and surds | Step 2 Mathematical talk • How do we know when a factor is a prime number? • Explain what is meant by “product”. • Is there more than one way to express 84 as a product of prime factors? • Does the order of the factors in a prime factorisation matter? Explain your answer. • How can you check your prime factorisation is correct? • What do you notice about the prime factorisations of related numbers, such as 12 and 24? • What is the same and what is different between 2 × 2 × 2 × 3 and 23 × 3? • Why is index notation useful when writing repeated prime factors? F National Curriculum links • Use the concepts and vocabulary of prime numbers, factors (or divisors), multiples, common factors, common multiples, highest common factor, lowest common multiple, prime factorisation, including using product notation and the unique factorisation property (KS3)",WR_PDF/Year 10/y10_summer_backfill/foundation/WRE Maths v3 Y10 SUM B4 F SOL Factors powers and surds.pdf,WRE Maths v3 Y10 SUM B4 F SOL Factors powers and surds.pdf,,high,,False,False,,,,factors powers
Year 10,Summer,4,Foundation,Factors powers,Factors powers and surds,3,HCF and LCM,"In this small step, students develop their learning from Key Stage 3 by finding the highest common factor (HCF) and lowest common multiple (LCM) of two or more numbers. Although both concepts are introduced in Key Stage 3, ensure the difference between them is made explicit and that students practise examples of each separately. Link HCF to sharing and grouping, and LCM to repeating patterns or cycles. It may be useful to use the same pair of numbers to find both the HCF and the LCM and compare how the methods and final answers differ. Once students are confident, they can progress to using Venn diagrams to calculate the HCF and LCM. When using Venn diagrams, model the process using prime factorisation and encourage students to check that their answer makes sense in context. Misconceptions and common errors • Students may confuse the HCF and LCM, especially when answering questions in context. • Students may assume the LCM of two numbers is always their product. • Students may place prime factors incorrectly in a Venn diagram, including duplicating factors, which leads to an incorrect HCF or LCM. Year 10 | Summer term | Block 4 – Factors, powers and surds | Step 3 Mathematical talk • What is a factor? • Explain what is meant by “highest common factor”. • What is a multiple? • Explain what is meant by “lowest common multiple”. • Is it possible to list all the multiples of a number? Why or why not? • How can prime factorisation help us find the HCF and LCM of two numbers more efficiently? • How can we decide whether a problem requires us to calculate the HCF or the LCM? • Can the HCF ever be greater than one of the numbers? Why or why not? F National Curriculum links • Use the concepts and vocabulary of prime numbers, factors (or divisors), multiples, common factors, common multiples, highest common factor, lowest common multiple, prime factorisation, including using product notation and the unique factorisation property (KS3)",WR_PDF/Year 10/y10_summer_backfill/foundation/WRE Maths v3 Y10 SUM B4 F SOL Factors powers and surds.pdf,WRE Maths v3 Y10 SUM B4 F SOL Factors powers and surds.pdf,,high,,False,False,,,,factors powers
Year 10,Summer,4,Foundation,Factors powers,Factors powers and surds,4,Square and cube numbers,"In this small step, students develop fluency with square and cube numbers and their corresponding roots. Begin by modelling square numbers using concrete manipulatives, such as counters arranged in a square, before linking this to area models and the calculation of a number multiplied by itself. Model cube numbers using concrete volume representations, such as interlocking cubes, to demonstrate multiplying a number by itself twice, before moving to more abstract representations. Show how cube numbers can be generated from square numbers by multiplying by the original number. Encourage students to be familiar with the first 15 square numbers and at least the first five cube numbers to support later work with square and cube roots. Emphasise that square and cube roots are the inverse operations of squaring and cubing. Misconceptions and common errors • Students may confuse square and cube numbers. • Students may divide a number by 2 to calculate its square root or by 3 to calculate its cube root. • Students may believe that all square roots and cube roots are integers. Year 10 | Summer term | Block 4 – Factors, powers and surds | Step 4 Mathematical talk • What does it mean to “square” a number? • How is squaring different from multiplying by 2? • How can an area model help you visualise square numbers? • What is the difference between the square of a number and the square root of a number? • How can you use known square numbers to help identify square roots? • What is the same and what is different about squaring a number and cubing a number? • How do we calculate squares/cubes/roots on a calculator? • Why is the square root of 64 equal to 8 and not −8? • Are all square roots integer values? Explain your answer. F National Curriculum links • Use integer powers and associated real roots (square, cube and higher), recognise powers of 2, 3, 4, 5 and distinguish between exact representations of roots and their decimal approximations (KS3)",WR_PDF/Year 10/y10_summer_backfill/foundation/WRE Maths v3 Y10 SUM B4 F SOL Factors powers and surds.pdf,WRE Maths v3 Y10 SUM B4 F SOL Factors powers and surds.pdf,,high,,False,False,,,,factors powers
Year 10,Summer,4,Foundation,Factors powers,Factors powers and surds,5,Powers and roots,"In this small step, students explore powers higher than cubes and their corresponding roots. Encourage students to rewrite powers as repeated multiplication, such as 24 = 2 × 2 × 2 × 2, and remind them that finding a root is the inverse of raising a number to a power. Model using a calculator to evaluate powers and roots, including brackets with negative numbers. Use patterns to explore powers of negative numbers, focusing on how the sign changes with even and odd powers. Introduce zero powers through sequences such as 23, 22, 21, discussing why 20 = 1 Support estimation of square and higher roots by locating values between known powers and using this to check answers are sensible. Misconceptions and common errors • Students may confuse finding a root with division, dividing by the root index instead of finding the root itself, for example, calculating 32 ÷ 6 instead of finding the 6th root of 32 • Students may assume a negative base always gives a negative answer, rather than recognising that even powers give a positive result and odd powers give a negative result. • Students may misinterpret powers as multiplication by the exponent, rather than repeated multiplication, for example, interpreting 54 as 5 × 4 instead of 5 × 5 × 5 × 5 Year 10 | Summer term | Block 4 – Factors, powers and surds | Step 5 Mathematical talk • How can 46 be written as repeated multiplication? • What is the difference between 35 and 53? • Which value is greater, 34 or 43? Explain how you know. • What is the same and what is different between (–5)4 and –54? • What do you notice about the sign of (–2)n when n is even compared to when n is odd? Explain your answer. • What is the same and what is different about 64 and 64 6 ? • If 54 = 625, what is the 4th root of 625? How do you know? • Is the root of a number always smaller than the original number? Explain how you know. F National Curriculum links • Use integer powers and associated real roots (square, cube and higher), recognise powers of 2, 3, 4, 5 and distinguish between exact representations of roots and their decimal approximations (KS3)",WR_PDF/Year 10/y10_summer_backfill/foundation/WRE Maths v3 Y10 SUM B4 F SOL Factors powers and surds.pdf,WRE Maths v3 Y10 SUM B4 F SOL Factors powers and surds.pdf,,high,,False,False,,,,factors powers
Year 10,Summer,4,Foundation,Factors powers,Factors powers and surds,6,Negative indices (E),"In this extend step, students develop their understanding of indices by using known index laws to explain the meaning of negative indices. This may have previously been introduced as an extend step in Year 8. Emphasise that a negative index does not make the value negative but instead indicates a reciprocal. Demonstrate this using a decreasing pattern, for example 22 = 4, 21 = 2, 20 = 1 and 2–1 = 1 2. Encourage students to generalise this to show that for any non-zero value of a, a–n = 1 an . Support understanding by asking students to rewrite expressions with negative indices as fractions with positive indices and to justify each step using index laws rather than memorised rules. Misconceptions and common errors • Students may assume that a negative index results in a negative answer, for example 3–2 = –9 • Students may multiply the base by the index instead of using a reciprocal, for example 2–3 = –6 Year 10 | Summer term | Block 4 – Factors, powers and surds | Step 6 Mathematical talk • What is meant by “reciprocal”? • What is the reciprocal of 5? • How does the pattern 23, 22, 21, 20, 2–1 help you work out the value of 2–2? • What is the same and what is different between 3–2 and 1 32 ? • Which is greater: 2–3 or 2–5? Explain your answer. • If a–2 = 1 25 , what is the value of a? Explain how you know. • How else can you write a–4? • How can you rewrite a–3 1 using positive indices only? • Explain why the value of a in a–1 cannot be equal to zero. • What does the index law a a m n = am – n tell us will happen when the denominator has the greater power? F National Curriculum links • Calculate with roots, and with integer indices E",WR_PDF/Year 10/y10_summer_backfill/foundation/WRE Maths v3 Y10 SUM B4 F SOL Factors powers and surds.pdf,WRE Maths v3 Y10 SUM B4 F SOL Factors powers and surds.pdf,,high,,False,False,,,,factors powers
Year 10,Summer,4,Foundation,Factors powers,Factors powers and surds,7,"Rational and irrational numbers, including surds","In this small step, students classify rational and irrational numbers, including surds. Explain that rational numbers can be written as a fraction of two integers, a b , where b ≠ 0. Rational numbers also include terminating and recurring decimals. In contrast, irrational numbers cannot be written as a fraction. Use the area of a square to explore whether a side length can be written exactly. Square roots of square numbers give integer side lengths and are rational, while square roots of non-square numbers give values that cannot be written exactly and are irrational. Irrational numbers are written in surd form, for example 2. Use number lines to show that surds can be estimated but not written exactly. Misconceptions and common errors • Students may think that any non-terminating decimal is irrational, including recurring decimals. • Students may think that all square roots are irrational, including square roots of square numbers. • Students may think that a surd is a different type of number, rather than an exact way of writing an irrational number. Year 10 | Summer term | Block 4 – Factors, powers and surds | Step 7 Mathematical talk • What is the difference between a terminating decimal and a recurring decimal? • Why can every fraction be described as a rational number? • What makes a number rational? • Is 9 a surd? Explain your answer. • Are recurring decimals always, sometimes or never irrational numbers? Explain your answer. • Can irrational numbers always be written in surd form? Explain your answer. • Why is π often written using a symbol rather than a decimal? • Explain why π is an irrational number. F National Curriculum links • Appreciate the infinite nature of the sets of integers, real and rational numbers (KS3)",WR_PDF/Year 10/y10_summer_backfill/foundation/WRE Maths v3 Y10 SUM B4 F SOL Factors powers and surds.pdf,WRE Maths v3 Y10 SUM B4 F SOL Factors powers and surds.pdf,,high,,False,False,,,,factors powers
Year 10,Summer,4,Foundation,Factors powers,Factors powers and surds,8,Simplify expressions with surds (E),"In this extend step, students simplify expressions with surds by multiplying by surds, multiplying by integers, and adding or subtracting like surds. Emphasise that surds behave like algebraic terms and that simplifying means rewriting an expression in an equivalent, simpler form. Model multiplying surds by multiplying the values inside the roots, for example 7 × 3 = 21. Show that multiplying by an integer, for example 2 × 5 represents “2 lots of 5” which is equivalent to 2 5 Highlight that some products simplify to an integer, such as 4 × 4 = 16 = 4, so students should check whether further simplification is possible. When adding and subtracting, reinforce that only like surds can be combined, for example 3 2 + 5 2 = 8 2, but 2 + 3 cannot be simplified. Misconceptions and common errors • Students may try to add or subtract surds with different bases, for example 2 + 3 • Students may multiply integers and surds incorrectly, for example writing 2 × 5 = 10 • Students may not recognise when the product of surds simplifies to an integer, such as 4 × 4 = 4 Year 10 | Summer term | Block 4 – Factors, powers and surds | Step 8 Mathematical talk • When we multiply two surds, what happens to the numbers inside the square roots? • Why does 2 × 3 become 6, but not simplify further? • Why does 4 × 4 become 16? Why can this be simplified to 4? • What stays the same and what changes when we multiply a surd by an integer? Explain how you know. • Can all surds be simplified by addition and subtraction? Why or why not? • How is adding and subtracting surds similar to collecting like terms in algebra? • How can we check that an expression involving surds is fully simplified? F National Curriculum links • Simplify and manipulate algebraic expressions (including those involving surds) by: factorising quadratic expressions of the form x2 + bx + c, including the difference of two squares; simplifying expressions involving sums, products and powers, including the laws of indices E",WR_PDF/Year 10/y10_summer_backfill/foundation/WRE Maths v3 Y10 SUM B4 F SOL Factors powers and surds.pdf,WRE Maths v3 Y10 SUM B4 F SOL Factors powers and surds.pdf,,high,,False,False,,,,factors powers
Year 10,Summer,4,Foundation,Factors powers,Factors powers and surds,9,Expand brackets with surds (E),"In this extend step, students develop their understanding of surds by expanding and simplifying single brackets involving surds. Begin with expanding single brackets and remind students that surds behave like algebraic terms and that the distributive law applies. Model expansion by multiplying each term inside the bracket by the term outside, using bar models or area models to support understanding. Once confident, students could be introduced to expanding and simplifying double brackets. Emphasise that only like surds can be combined. At this stage, avoid simplifying surds by factorising square factors, and instead focus on products that simplify directly to integers, such as 4 × 4 = 4 Misconceptions and common errors • Students may try to combine unlike surds after expansion, for example trying to simplify 2 + 3 • Students may assume a × a = a rather than a. • Students may multiply the integer and the surd incorrectly, for example writing 2 × 5 = 10 Year 10 | Summer term | Block 4 – Factors, powers and surds | Step 9 Mathematical talk • What is the same and what is different about expanding 3(x + 5) and 3( 2 + 5)? • What is the same and what is different about multiplying 3 × a and 3 × 5? • When we multiply two surds, what happens to the values inside the square root? • Explain why 2 × 2 = 4 can be simplified to an integer but 2 × 5 = 10 cannot. • Explain why 2 3 + 5 2 cannot be simplified. • What makes two surds “like surds”? Give an example. • Explain how you know when an expression with surds is fully simplified. F National Curriculum links • Simplify and manipulate algebraic expressions (including those involving surds) by: factorising quadratic expressions of the form x2 + bx + c, including the difference of two squares; simplifying expressions involving sums, products and powers, including the laws of indices E",WR_PDF/Year 10/y10_summer_backfill/foundation/WRE Maths v3 Y10 SUM B4 F SOL Factors powers and surds.pdf,WRE Maths v3 Y10 SUM B4 F SOL Factors powers and surds.pdf,,high,,False,False,,,,factors powers
Year 10,Summer,1,Higher,Angles,Angles,1,"Angles around a point, on a straight line and vertically opposite","In this small step, students revisit key angle facts from Key Stage 3, including angles around a point, angles on a straight line and vertically opposite angles. Begin by recapping these rules using clear diagrams, and asking reasoning questions such as “What is the same and what is different?”, to help students recognise when angles sum to 180° or 360°, and when angles are equal. Emphasise the importance of selecting the correct rule for each scenario, and provide examples that require more than one rule to be applied. Encourage the consistent use of three-letter notation for angles, and correct use of angle symbols throughout. Ask students to explain their reasoning when identifying relationships between angles. Misconceptions and common errors • Students may confuse the rules for angles on a straight line and angles around a point, leading to incorrect totals. • Students may not label angles using three-letter notation, or use the wrong notation when justifying their answers. • Students may believe that vertically opposite angles sum to 180° or 360°. Year 10 | Summer term | Block 1 – Angles | Step 1 Mathematical talk • What is the same and what is different between angles on a straight line and angles around a point? • What do you know? What can you work out? • Why is it important to label angles using the three-letter notation? • When two straight lines intersect, how many pairs of vertically opposite angles are formed? • Is your answer reasonable? How can you check? • Which angles meet at a point on a straight line? Explain how you know. • Vertically opposite angles are • Angles on a straight line sum to • Angles around a point sum to H National Curriculum links • Use the standard conventions for labelling the sides and angles of triangle ABC, and know and use the criteria for congruence of triangles (KS3) • Apply the properties of angles at a point, angles at a point on a straight line, vertically opposite angles (KS3)",WR_PDF/Year 10/y10_summer_backfill/higher/WRE Maths v3 Y10 SUM B1 H SOL Angles.pdf,WRE Maths v3 Y10 SUM B1 H SOL Angles.pdf,,high,,False,False,,,,angles
Year 10,Summer,1,Higher,Angles,Angles,2,Angles in triangles and quadrilaterals,"In this small step, students recap their learning of angles in triangles and quadrilaterals from Key Stage 3. Begin with the fact that the angles in a triangle sum to 180°, then use this to divide a quadrilateral into two triangles, showing that the angles in a quadrilateral sum to 360°. Use a variety of different types of triangles and quadrilaterals and discuss the similar vocabulary around these, such as “isosceles triangle” and “isosceles trapezium”. Discuss what these terms inform us about the angles. Encourage students to explain their answers and to label angles accurately using three-letter notation. Provide examples where they need to apply more than one angle fact, such as working out the size of angles in compound shapes made up of triangles and quadrilaterals. Misconceptions and common errors • Students may confuse the sum of angles in triangles and quadrilaterals. • Students may confuse properties of different types of triangles and quadrilaterals. • Students may assume that opposite angles in any quadrilateral are always equal. Year 10 | Summer term | Block 1 – Angles | Step 2 Mathematical talk • What is the same and what is different about the sum of angles in a triangle and the sum of angles in a quadrilateral? • Do quadrilaterals always contain right angles? Explain how you know. • What is the size of each angle in a right-angled isosceles triangle? Explain how you know. • Can a quadrilateral have three obtuse angles? Explain how you know. • Can a triangle have an interior reflex angle? Explain how you know. • If one angle in a quadrilateral is increased, what happens to the sum of the rest of the angles? Explain how you know. • An isosceles triangle has one angle of 50°. What could the other two angles be? How many possible combinations are there? H National Curriculum links • Apply angle facts, triangle congruence, similarity and properties of quadrilaterals to derive results about angles and sides, including Pythagoras’ Theorem, and use known results to obtain simple proofs (KS3)",WR_PDF/Year 10/y10_summer_backfill/higher/WRE Maths v3 Y10 SUM B1 H SOL Angles.pdf,WRE Maths v3 Y10 SUM B1 H SOL Angles.pdf,,high,,False,False,,,,angles
Year 10,Summer,1,Higher,Angles,Angles,3,Exterior angles of a polygon,"In this small step, students recap their prior learning of interior and exterior angles from Key Stage 3. Remind them that the sum of the exterior angles of any polygon is 360° and use this to calculate individual exterior angles in regular polygons by dividing 360° by the number of sides. Highlight that interior and exterior angles sum to 180°, and use this to calculate unknown exterior angles given an interior angle. Students can then extend this knowledge to find the number of sides of a regular polygon when either the interior or exterior angle is known. Encourage students to clearly label diagrams to support reasoning, and to help identify when sides or angles are equal. Misconceptions and common errors • Students may believe that the exterior and interior angles sum to 360°. • Students may believe that the sum of exterior angles depends on the number of sides the polygon has. • Students may assume that some equal angles always mean the polygon is regular, without checking that all sides are also equal in length. Year 10 | Summer term | Block 1 – Angles | Step 3 Mathematical talk • How can you identify the exterior angles of a polygon? • What is the relationship between an interior and an exterior angle in a polygon? • How can you determine if a polygon is regular? • What is the sum of the exterior angles of a polygon? • What is the formula to calculate the size of one exterior angle in a regular polygon? • What is the size of each exterior angle in a regular decagon? Explain how you know. • A regular polygon has exterior angles of 40°. How many sides does the polygon have? What is the mathematical name of the polygon? • An irregular pentagon has exterior angles of 82°, 102°, 37° and 90°. What is the size of the fifth exterior angle? H National Curriculum links • Derive and use the sum of angles in a triangle and use it to deduce the angle sum in any polygon and to derive properties of regular polygons (KS3)",WR_PDF/Year 10/y10_summer_backfill/higher/WRE Maths v3 Y10 SUM B1 H SOL Angles.pdf,WRE Maths v3 Y10 SUM B1 H SOL Angles.pdf,,high,,False,False,,,,angles
Year 10,Summer,1,Higher,Angles,Angles,4,Interior angles of a polygon,"In this small step, students recap their learning of interior angles of polygons from Key Stage 3. Begin by revisiting the relationship between interior and exterior angles. Highlight that they form a straight line and therefore sum to 180°. Remind students that the sum of interior angles can be calculated using (n – 2) × 180°, where n is the number of sides, and that this can also be used to work out the number of sides when the sum of interior angles is known. It can be useful to model splitting polygons into triangles to demonstrate why this method works to calculate the sum of interior angles. Reinforce that “regular” means that all sides and angles are equal. Calculators may be used throughout this step, so the focus remains on the method rather than the arithmetic. Misconceptions and common errors • Students may confuse interior and exterior angles. • Students may believe that the interior angle sum is the same for all polygons. • Students may believe the interior angle sum is found by multiplying the number of sides by 180°. • Students may believe that all interior angles are equal in size even when the polygon is irregular. Year 10 | Summer term | Block 1 – Angles | Step 4 Mathematical talk • What is the sum of adjacent interior and exterior angles? • A regular polygon has 12 sides. Work out the size of each interior angle. • A polygon has an interior angle sum of 900°. How many sides does the polygon have? • Can a polygon have an interior angle greater than 180°? Explain how you know. • Can two different polygons have the same interior angle sum? Explain how you know. • How can you calculate the interior angle sum of any polygon? • Can a polygon have a reflex interior angle? Explain how you know. H National Curriculum links • Derive and use the sum of angles in a triangle and use it to deduce the angle sum in any polygon, and to derive properties of regular polygons (KS3)",WR_PDF/Year 10/y10_summer_backfill/higher/WRE Maths v3 Y10 SUM B1 H SOL Angles.pdf,WRE Maths v3 Y10 SUM B1 H SOL Angles.pdf,,high,,False,False,,,,angles
Year 10,Summer,1,Higher,Angles,Angles,5,Solve problems with angles in polygons,"In this small step, students apply their knowledge of interior and exterior angles to solve multi-step problems involving polygons. Encourage them to choose and combine appropriate angle facts, such as how the sum of interior angles can be calculated using (n – 2) × 180°, or the fact that exterior angles sum to 360°. Questions may include working out the size of unknown angles in irregular polygons or problems involving compound shapes made up of polygons. Encourage students to draw and label diagrams carefully, showing all working and reasoning. Discuss efficient strategies, such as identifying triangles within shapes or using properties of regular polygons. Students should justify their methods, demonstrating a clear understanding of how different angle rules connect across polygon problems. Misconceptions and common errors • Students may forget which formula to use and apply (n – 2) × 180° to exterior angles. • Students may assume that the sum of the interior angles is the same for all polygons. • Students may confuse regular and irregular polygons and the properties surrounding these. Year 10 | Summer term | Block 1 – Angles | Step 5 Mathematical talk • What is the calculation to work out the sum of the interior angles in a polygon? • What is the sum of the exterior angles of a polygon? • How can you check whether a polygon is regular or irregular? What do you know and what can you work out? • Is it possible to calculate the size of any exterior angles from the given information? Why or why not? • Is it possible to calculate the size of any interior angles from the given information? Why or why not? • The angle is because • The number of sides is because • Adjoining exterior and interior angles sum to H National Curriculum links • Derive and use the sum of angles in a triangle and use it to deduce the angle sum in any polygon, and to derive properties of regular polygons (KS3)",WR_PDF/Year 10/y10_summer_backfill/higher/WRE Maths v3 Y10 SUM B1 H SOL Angles.pdf,WRE Maths v3 Y10 SUM B1 H SOL Angles.pdf,,high,,False,False,,,,angles
Year 10,Summer,1,Higher,Angles,Angles,6,"Co-interior, alternate and corresponding angles","In this small step, students consolidate their learning of alternate and corresponding angles, as well as introducing co-interior angles. Begin by reviewing the key angle relationships and discuss what is the same and what is different about co-interior angles compared to alternate and corresponding angles. Emphasise that co-interior angles sum to 180° while alternate and corresponding angles are equal. Reinforce that alternate, corresponding and co-interior angles are only formed when a transversal crosses parallel lines. Students should be encouraged to highlight angle pairs, clearly reasoning and justifying their answers. Challenge students further to strengthen reasoning and fluency, by using diagrams that include algebraic expressions and less-familiar orientations. Misconceptions and common errors • Students may believe that co-interior angles are equal in size. • Students may assume angles are alternate/corresponding/ co-interior when the lines are not parallel. • Students may not justify their answers even when asked to give reasons for their answers. Year 10 | Summer term | Block 1 – Angles | Step 6 Mathematical talk • What type of angles in parallel lines sum to 180°? • How can you identify a pair of co-interior angles on a diagram? • What is the same and what is different about co-interior and corresponding angles? • A pair of co-interior angles on a diagram are 156° and 24°. Are the lines parallel? Explain how you know. • What other angle facts can we use to check our calculation is correct? • Does the orientation of the parallel lines affect the size of the angles? Explain how you know. • Co-interior angles sum to H National Curriculum links • Understand and use the relationship between parallel lines and alternate and corresponding angles (KS3)",WR_PDF/Year 10/y10_summer_backfill/higher/WRE Maths v3 Y10 SUM B1 H SOL Angles.pdf,WRE Maths v3 Y10 SUM B1 H SOL Angles.pdf,,high,,False,False,,,,angles
Year 10,Summer,1,Higher,Angles,Angles,7,Solve problems with angles and algebra,"In this small step, students apply angle facts and algebraic techniques to solve multi-step geometric problems involving algebraic expressions. Begin by revisiting the key angle relationships, such as angles in polygons and in parallel lines, ensuring that students can justify each fact before using it. Demonstrate how to form and solve equations based on angle facts, and model how to check that solutions are accurate and realistic. Ensure that students build clear chains of reasoning and explain why each step is valid. To strengthen understanding, use problems that involve several intersecting lines, shapes in less familiar orientations and simultaneous angle relationships. Challenge students further by asking them to create and solve their own algebraic angle problems. Misconceptions and common errors • Students may form incorrect equations if they misidentify an angle fact. • Students may assume diagrams are drawn to scale when they are not. • Students may incorrectly simplify algebraic expressions. Year 10 | Summer term | Block 1 – Angles | Step 7 Mathematical talk • What do you know? What can you work out? • Are there any equal angles? How can we form an equation based on this? • Can we form any equations? Why or why not? Do we have enough information to solve them? • Once we have found the value of x, how can we work out the size of each angle? • Two alternate angles are labelled 3x + 22 and x + 55 What do you know about the angles? How can this help us to form an equation? • Two co-interior angles are labelled 3x + 22 and x + 55 What do you know about the angles? How can this help us to form an equation? • The interior angles in a pentagon are x, 2x, 3x, 4x and 5x. What angle fact do you know that will help us to form an equation? H National Curriculum links • Translate simple situations or procedures into algebraic expressions or formulae; derive an equation (or two simultaneous equations), solve the equation(s) and interpret the solution",WR_PDF/Year 10/y10_summer_backfill/higher/WRE Maths v3 Y10 SUM B1 H SOL Angles.pdf,WRE Maths v3 Y10 SUM B1 H SOL Angles.pdf,,high,,False,False,,,,angles
Year 10,Summer,1,Higher,Angles,Angles,8,Prove geometric facts (E),"In this extend step, students begin to use clear reasoning to prove geometric facts. Start by revisiting familiar angle facts, ensuring students can state each fact accurately. Model how to build a simple chain of reasoning using statements such as “because alternate angles are equal” or “because angles in a triangle sum to 180°”. Encourage students to write each step clearly and to justify their answers. Make sure that students understand that a proof must show a fact works in every case, not just for one example. Model to students how to structure their reasoning so it clearly shows a logical progression from the given information to the conclusion. Provide opportunities to spot errors in worked examples so they can recognise incomplete or incorrect reasoning. Misconceptions and common errors • Students may not justify their answers or give reasons for why they have applied certain angle facts. • Students may write conclusions without clearly showing the logical steps that lead to them. • Students may assume that diagrams are drawn to scale when they are not. • Students may believe they have proven a fact when they have only shown it works for one case. Year 10 | Summer term | Block 1 – Angles | Step 8 Mathematical talk • How can you tell which angle facts are needed to prove a statement? • Do angles in all triangles sum to 180°? Show how you know. • Is it possible for angles to be alternate if the lines are not parallel? Show how you know. • What do you notice about the sum of interior angles in a polygon when the number of sides increases by 1? • Does your reasoning work for all examples? How do you know? • Have you used correct mathematical language throughout your proof? Why is this important? • When two angles appear equal, how can you justify this rather than relying on the diagram? H National Curriculum links • Apply angle facts, triangle congruence, similarity and properties of quadrilaterals to derive results about angles and sides, including Pythagoras’ Theorem, and use known results to obtain simple proofs (KS3) E",WR_PDF/Year 10/y10_summer_backfill/higher/WRE Maths v3 Y10 SUM B1 H SOL Angles.pdf,WRE Maths v3 Y10 SUM B1 H SOL Angles.pdf,,high,,False,False,,,,angles
Year 10,Summer,2,Higher,Graphs and,Graphs and diagrams,1,Pie charts,"In this small step, students recap their learning from Year 8 on drawing and interpreting pie charts. Remind students that a pie chart represents a whole split into parts, with each sector showing a fraction of the total and all sectors summing to 360°. Make clear links between proportions, fractions and angles to show how they describe the same information. Emphasise the accurate use of a protractor when constructing sectors and highlight the importance of clear labelling. Introduce data given as percentages, fractions or bar charts for conversion into a pie chart. Encourage students to interpret pie charts by identifying key categories and, when comparing two charts, recognising that without totals only proportions can be compared. Misconceptions and common errors • Students may use the frequency as the angle size instead of working out the angle. • Students may not label the sectors. • When comparing two pie charts, students may assume equal sectors in different pie charts always represent the same frequency. Year 10 | Summer term | Block 2 – Graphs and diagrams | Step 1 Mathematical talk • What is the total frequency of the data set? • How can we calculate the angle for one category if we know its frequency and the total? • How does using the formula sector angle = frequency total × 360° calculate the number of degrees that is proportional to the total? • How can percentages be used to calculate sector angles? • How can you tell which category represents the greatest/least proportion of the whole? • If you know the angle of a sector on a pie chart, how can you work out what fraction of the whole this represents? • How could you work out how many students the sector represents if the total is ? H National Curriculum links • Construct and interpret appropriate tables, charts, and diagrams, including frequency tables, bar charts, pie charts, and pictograms for categorical data, and vertical line (or bar) charts for ungrouped and grouped numerical data (KS3)",WR_PDF/Year 10/y10_summer_backfill/higher/WRE Maths v3 Y10 SUM B2 H SOL Graphs and diagrams.pdf,WRE Maths v3 Y10 SUM B2 H SOL Graphs and diagrams.pdf,,high,,False,False,,,,graphs and
Year 10,Summer,2,Higher,Graphs and,Graphs and diagrams,2,Time series graphs,"In this small step, students recap their Year 7 learning on drawing and interpreting time series graphs. Remind them that these graphs show changes over time and require clearly labelled axes for accurate interpretation. Emphasise that time is always plotted on the horizontal axis and that equal intervals are essential. Encourage students to discuss upward or downward trends, along with periods of stability. Emphasise that while time series graphs highlight overall trends, short-term fluctuations may not always reflect the longer-term trend. Discuss with students how time series graphs with points joined by solid lines imply that it is possible to estimate information between data points, while points joined by dashed lines imply that the data between these points is not reliable. Misconceptions and common errors • Students may focus on specific points on a graph rather than the overall trends. • Students may assume that trends will always be consistent. • Students may use solid lines instead of dashed lines or vice versa. Year 10 | Summer term | Block 2 – Graphs and diagrams | Step 2 Mathematical talk • Does the time series graph have to start at zero? Explain your answer. • How can you show that your axis has not started from zero? • What does the overall trend of the graph show? • How can you describe the trend in this part of the graph? • Could there be a seasonal pattern? Explain your answer. • Is there a point that does not fit the general pattern? Why might that be? • Can the time series graph be used to estimate between data points? Explain your answer. • What similarities and what differences do you notice when comparing these two time series graphs? H National Curriculum links • Interpret and construct tables and line graphs for time series data",WR_PDF/Year 10/y10_summer_backfill/higher/WRE Maths v3 Y10 SUM B2 H SOL Graphs and diagrams.pdf,WRE Maths v3 Y10 SUM B2 H SOL Graphs and diagrams.pdf,,high,,False,False,,,,graphs and
Year 10,Summer,2,Higher,Graphs and,Graphs and diagrams,3,Frequency polygons,"In this small step, students draw and interpret frequency polygons. Begin by modelling how to construct a frequency polygon by identifying the midpoint of each class interval, plotting these points and joining them with straight lines. Highlight that the horizontal axis shows data from the class intervals as a continuous scale and the vertical axis shows the frequencies. Discuss with students why midpoints of the class intervals are used to plot the data on the horizontal axis and to describe what the shape of the frequency polygon shows, such as increases or decreases in the data. Model how to compare two frequency polygons on the same axes and explain how the overall shape helps students interpret and compare different distributions. Misconceptions and common errors • Students may plot the class boundaries rather than the midpoint. • Students may join the first and last points to form a polygon. • Students may draw bars instead of a polygon. • Students may incorrectly join the points using a curve instead of straight lines. Year 10 | Summer term | Block 2 – Graphs and diagrams | Step 3 Mathematical talk • What is the difference between a midpoint and an endpoint? • Given the boundaries of a class interval, how do you work out the midpoint? • Why do we plot the midpoint instead of the class boundaries? • How does the scale on a set of axes affect how a frequency polygon looks? • What does the steepest part of the polygon tell you about the data? • Does the line between two points represent actual data or an estimate? Explain how you know. H National Curriculum links • Interpret, analyse and compare the distributions of data sets from univariate empirical distributions through: appropriate graphical representation involving discrete, continuous and grouped data, {including box plots}",WR_PDF/Year 10/y10_summer_backfill/higher/WRE Maths v3 Y10 SUM B2 H SOL Graphs and diagrams.pdf,WRE Maths v3 Y10 SUM B2 H SOL Graphs and diagrams.pdf,,high,,False,False,,,,graphs and
Year 10,Summer,2,Higher,Graphs and,Graphs and diagrams,4,Stem-and-leaf diagrams,"In this small step, students draw and interpret stem-and-leaf diagrams. Begin by explaining that these diagrams organise numerical data, using the stem to show place value and the leaf to show the final digit, allowing all values to remain visible. Emphasise that including a clear key is essential so the data can be correctly interpreted. Model how to organise the data, select a suitable stem, and record each leaf clearly so digits align. Revisit how to calculate averages and the range by finding the difference between the greatest and smallest values in the set. Include examples with decimal values, such as 7|3 representing 7.3 As students develop confidence, introduce back-to-back stem- and-leaf diagrams to compare two data sets. Misconceptions and common errors • Students may write leaves out of order instead of listing them from smallest to largest. • Students may forget to include a key, which can make it difficult to interpret the values represented. Year 10 | Summer term | Block 2 – Graphs and diagrams | Step 4 Mathematical talk • What does the stem represent in this diagram? How do you know? • Why do we list the leaves in ascending order rather than the order they were collected? • Why is a key important when interpreting the values from a stem-and-leaf diagram? • What is the smallest value and what is the largest? How do you know? • What does the length of each row suggest about the distribution of values? • How would this diagram change if the data included decimals? • When might a back-to-back stem-and-leaf diagram be useful? H National Curriculum links • Interpret, analyse and compare the distributions of data sets from univariate empirical distributions through: appropriate graphical representation involving discrete, continuous and grouped data, {including box plots}",WR_PDF/Year 10/y10_summer_backfill/higher/WRE Maths v3 Y10 SUM B2 H SOL Graphs and diagrams.pdf,WRE Maths v3 Y10 SUM B2 H SOL Graphs and diagrams.pdf,,high,,False,False,,,,graphs and
Year 10,Summer,2,Higher,Graphs and,Graphs and diagrams,5,Draw histograms,"In this small step, students learn how to represent grouped data as a histogram. Highlight that the area of each bar of a histogram represents the frequency and provide opportunities for students to explore links between the class width and height of each bar. Explain that the height of each bar is the frequency density and explore the effect of using different scales for the frequency density axis. If appropriate, students can also explore creating their own axis or using different classes within a given data set. Misconceptions and common errors • Students may draw bars with equal widths even when class intervals differ. • Students may plot frequency instead of frequency density on the vertical axis. Year 10 | Summer term | Block 2 – Graphs and diagrams | Step 5 Mathematical talk • What is the same and what is different between a histogram and a bar chart? • What does the height of each bar represent? • If we know the class width and the frequency, how can we calculate the frequency density? • Why do we record frequency density rather than frequency on the vertical axis? • How does class width affect the appearance of the bars? • How can you check that the area of a bar correctly represents the frequency? • Where do the class intervals begin and end on the horizontal axis? • If the width of a class interval is doubled, what must happen to its height for the area to remain correct? H National Curriculum links • {construct and interpret diagrams for grouped discrete data and continuous data, i.e. histograms with equal and unequal class intervals and cumulative frequency graphs, and know their appropriate use}",WR_PDF/Year 10/y10_summer_backfill/higher/WRE Maths v3 Y10 SUM B2 H SOL Graphs and diagrams.pdf,WRE Maths v3 Y10 SUM B2 H SOL Graphs and diagrams.pdf,,high,,False,False,,,,graphs and
Year 10,Summer,2,Higher,Graphs and,Graphs and diagrams,6,Interpret histograms,"In this small step, students build on their understanding of drawing histograms to now interpret them. Recap that histograms show continuous data and that the area of each bar represents frequency. Guide students to examine a single bar and identify what they know, such as the class boundaries and the height. Ask students how these two features could be used to calculate the frequency. Support students to derive the relationship, frequency = frequency density × class width. Provide opportunities to estimate values within an interval, including estimating a value for the median by accumulating frequencies. Encourage students to express parts of the distribution as fractions and percentages once they have calculated the total frequency. Misconceptions and common errors • Students may believe the frequency is represented by the height of the bar rather than the area. • Students may use class midpoints rather than class boundaries when estimating values. Year 10 | Summer term | Block 2 – Graphs and diagrams | Step 6 Mathematical talk • What does the area of each bar represent? • Why is the height alone not enough to work out the frequency? • If you know the class width and the frequency density, how can you work out the frequencies? • How can you work out the frequency of each class from the histogram? • How can you work out the total frequency represented by the diagram? • How can you identify the class that contains the median? • If we know the total frequency, how can you find the fraction or percentage of the data that lies in a certain interval? • How can you estimate the median on a histogram? H National Curriculum links • {construct and interpret diagrams for grouped discrete data and continuous data, i.e. histograms with equal and unequal class intervals and cumulative frequency graphs, and know their appropriate use}",WR_PDF/Year 10/y10_summer_backfill/higher/WRE Maths v3 Y10 SUM B2 H SOL Graphs and diagrams.pdf,WRE Maths v3 Y10 SUM B2 H SOL Graphs and diagrams.pdf,,high,,False,False,,,,graphs and
Year 10,Summer,2,Higher,Graphs and,Graphs and diagrams,7,Draw cumulative frequency diagrams,"In this small step, students explore how cumulative frequency diagrams are constructed from grouped data. Begin by discussing how the total builds as we add on the frequency from each class interval and guide students to recognise that cumulative frequency represents a running total. Highlight that these totals are plotted at the upper boundary of the class interval. Ask students to discuss the shape of the diagram, noticing that it can rise or stay level but never fall. Highlight that a cumulative frequency diagram can be plotted with either a smooth curve or straight line segments. It can be helpful to demonstrate the plotting process under a visualiser so students can watch each step clearly as the cumulative frequency diagram is formed. Misconceptions and common errors • Students may plot cumulative frequencies at the midpoint of class boundaries instead of the upper boundaries. • Students may plot frequencies from a given table rather than a cumulative frequency. Year 10 | Summer term | Block 2 – Graphs and diagrams | Step 7 Mathematical talk • What does the cumulative frequency tell us about the data up to a given point? • How does adding each class frequency change the cumulative total? • Are cumulative frequency diagrams always plotted at the upper boundary? Explain your answer. • Can the shape of a cumulative frequency diagram show a decrease? Why or why not? • How are the plotted points joined? • What is the same and what is different between a frequency polygon and a cumulative frequency diagram? H National Curriculum links • {construct and interpret diagrams for grouped discrete data and continuous data, i.e. histograms with equal and unequal class intervals and cumulative frequency graphs and know their appropriate use}",WR_PDF/Year 10/y10_summer_backfill/higher/WRE Maths v3 Y10 SUM B2 H SOL Graphs and diagrams.pdf,WRE Maths v3 Y10 SUM B2 H SOL Graphs and diagrams.pdf,,high,,False,False,,,,graphs and
Year 10,Summer,2,Higher,Graphs and,Graphs and diagrams,8,Interpret cumulative frequency diagrams,"In this small step, students develop their understanding of cumulative frequency diagrams by interpreting the data shown. Remind students that each plotted point represents a cumulative total. Guide students to identify an estimate for the median and lower and upper quartiles by finding 25%, 50% and 75% of the total frequency and locating these values on the curve. Students then calculate the interquartile range by subtracting the lower quartile from the upper quartile. They should also be able to compare two cumulative frequency diagrams by considering the median and interquartile range and deduce what these comparisons indicate. Encourage accurate reading of values by drawing horizontal and vertical lines and discuss why this method is more reliable than estimating by eye. Misconceptions and common errors • Students may attempt to find quartiles using the horizontal axis instead of the cumulative frequency axis. • Students may read values directly from the curve without drawing horizontal and vertical lines, resulting in inaccuracies. Year 10 | Summer term | Block 2 – Graphs and diagrams | Step 8 Mathematical talk • What does each plotted point represent on a cumulative frequency diagram? • How do we know where to find 25%, 50% and 75% of the data? • Why are the values for the median, upper and lower quartiles only an estimate? • What does the interquartile range tell us about the distribution of the data? • What does the graph tell us about the value below which 10% of the data lies? • Why can’t the range be identified from a grouped frequency table or a cumulative frequency table? H National Curriculum links • {construct and interpret diagrams for grouped discrete data and continuous data, i.e. histograms with equal and unequal class intervals and cumulative frequency graphs and know their appropriate use} • interpret, analyse and compare the distributions of data sets from univariate empirical distributions through: appropriate measures of central tendency (including modal class) and spread {including quartiles and inter-quartile range}",WR_PDF/Year 10/y10_summer_backfill/higher/WRE Maths v3 Y10 SUM B2 H SOL Graphs and diagrams.pdf,WRE Maths v3 Y10 SUM B2 H SOL Graphs and diagrams.pdf,,high,,False,False,,,,graphs and
Year 10,Summer,2,Higher,Graphs and,Graphs and diagrams,9,Box plots,"In this small step, students learn how to represent the distribution of data sets by drawing box plots. Highlight that a box plot is formed from 5 values from a given data set: the median, the upper and lower quartiles and the minimum and maximum values. Use of a visualiser is recommended when modelling how to draw a box plot. Students can also explore the relationships between data represented on a cumulative frequency diagram and a box plot and identify quartiles carefully before drawing a box plot. Misconceptions and common errors • Students may misinterpret scales when drawing box plots. • Students may not recognise that they need to calculate missing values needed to draw a box plot. For example, if they are given the range and the lowest value, they need to work out the maximum value. Year 10 | Summer term | Block 2 – Graphs and diagrams | Step 9 Mathematical talk • What five key values do we need to know to draw a box plot? • Which line segment represents the median? • What does the length of the box represent? • How does the box plot show the spread that we see on the cumulative frequency graph? • How can we use a cumulative frequency graph to find the median and the upper and lower quartiles? • Why is it important to read values accurately from the scale? • How can we check that our box plot matches the information from the cumulative frequency graph? • How can we calculate the interquartile range from the box plot? H National Curriculum links • Interpret, analyse and compare the distributions of data sets from univariate empirical distributions through: appropriate graphical representation involving discrete, continuous and grouped data, {including box plots}",WR_PDF/Year 10/y10_summer_backfill/higher/WRE Maths v3 Y10 SUM B2 H SOL Graphs and diagrams.pdf,WRE Maths v3 Y10 SUM B2 H SOL Graphs and diagrams.pdf,,high,,False,False,,,,graphs and
Year 10,Summer,2,Higher,Graphs and,Graphs and diagrams,10,Compare distributions using box plots (E),"In this small step, students learn how to compare distributions using box plots. Remind students that a box plot summarises a data set using the minimum, lower quartile, median, upper quartile and maximum values, allowing two or more distributions to be compared quickly on the same scale. Emphasise that comparisons should focus on a measure of average (median) and spread (range or interquartile range). Highlight that the relative positions of the medians can be used to decide which data set has the higher typical value. Encourage students to compare lengths of the boxes to judge differences in the interquartile ranges and discuss which data set shows greater consistency. Highlight the importance of using the same continuous scale so that comparisons are valid. Misconceptions and common errors • Students may draw incorrect conclusions, for example interpreting a larger range as an average or vice versa. • Students may incorrectly interpret the interquartile range or range, for example thinking a larger interquartile range is ‘better’. Year 10 | Summer term | Block 2 – Graphs and diagrams | Step 10 Mathematical talk • How do the positions of the medians help you compare trends in data sets? • Why is analysing the medians alone not enough to compare two data sets? • Which distribution shows a greater spread of data? How do you know? • How do the interquartile ranges compare? • What does a smaller interquartile range reveal about the spread of the middle half of the data? • How can you tell which data set is more consistent? • What do the “whiskers” tell you about the extremes in each data set? • What is the difference between the range and the interquartile range? Which of these measures might be affected by an outlier? H National Curriculum links • Interpret, analyse and compare the distributions of data sets from univariate empirical distributions through: appropriate graphical representation involving discrete, continuous and grouped data, {including box plots} E",WR_PDF/Year 10/y10_summer_backfill/higher/WRE Maths v3 Y10 SUM B2 H SOL Graphs and diagrams.pdf,WRE Maths v3 Y10 SUM B2 H SOL Graphs and diagrams.pdf,,high,,False,False,,,,graphs and
Year 10,Summer,3,Higher,Vectors,Vectors,1,Understand and represent vectors,"In this small step, students develop their understanding of vectors beyond the context of translating shapes, which they previously encountered in Year 9. This step will focus on interpreting column vectors and representing vectors as diagrams. Remind students that the top number in a column vector represents the horizontal direction, while the bottom number represents the vertical direction. It is important that students understand that a vector shows both direction and magnitude. The role of the arrow should also be emphasised, as it indicates the start point, end point, and direction of the vector. Comparing similar vectors can help to reinforce this understanding, for example by comparing 3 4 -   and -3 4   . Misconceptions and common errors • Students may neglect to draw arrows on vectors. • Students may draw arrows in the wrong direction on vectors. • Students may misinterpret column vectors, such as reading 2 4 -   as ‘2 up and 4 left’ rather than ‘2 right and 4 down’. Year 10 | Summer term | Block 3 – Vectors | Step 1 Mathematical talk • What is the same and what is different about a translation and a diagram representing a vector? • Which value represents the horizontal direction? • Which value represents the vertical direction? • What does the arrow show? • Explain what the vector 4 1 -   represents. • Where does the vector start and end? Explain how you know. • How do you know which direction to draw the arrow? • What is the same and what is different about the vectors -2 5   and 2 5 -   ? • Is it possible to draw a vector without an arrow? Explain your answer. H National Curriculum links • Describe translations as 2D vectors • Apply addition and subtraction of vectors, multiplication of vectors by a scalar, and diagrammatic and column representations of vectors; {use vectors to construct geometric arguments and proofs}",WR_PDF/Year 10/y10_summer_backfill/higher/WRE Maths v3 Y10 SUM B3 H SOL Vectors.pdf,WRE Maths v3 Y10 SUM B3 H SOL Vectors.pdf,,high,,False,False,,,,vectors
Year 10,Summer,3,Higher,Vectors,Vectors,2,Vector notation,"In this small step, students build on their understanding of vector representations as column vectors and directed line segments by introducing notation for labelling vectors. Different conventions should be introduced, such as writing a vector as AB , emphasising that this represents the vector from A to B. Comparing related vectors can further deepen understanding of vectors as movements between points, for example by comparing AB with BA . Students should also be given opportunities to work with vectors labelled using bold letters, such as a or x. Misconceptions and common errors • Students may misinterpret vectors, for example reading XY as YX . • Students may neglect to draw arrows on the vectors or draw arrows in the wrong direction. • Students may neglect to label vectors. For example, not labelling ‘E’ and ‘F’ on either end of a line segment to represent the vector EF . Year 10 | Summer term | Block 3 – Vectors | Step 2 Mathematical talk • What is the significance of the order of the letters in the vector AB ? How does this differ from the vector BA ? • Do the letters describing a vector always have to be in alphabetical order? Explain how you know. • If vector a = 3 4   what would –a represent? Explain how you know. • How can two vectors have the same magnitude but different directions? Write an example. • If CD = 2 3  , how would you represent CD on a grid? • If CD = 2 3  , how would you represent DC on a grid? H National Curriculum links • Describe translations as 2D vectors • Apply addition and subtraction of vectors, multiplication of vectors by a scalar, and diagrammatic and column representations of vectors; {use vectors to construct geometric arguments and proofs}",WR_PDF/Year 10/y10_summer_backfill/higher/WRE Maths v3 Y10 SUM B3 H SOL Vectors.pdf,WRE Maths v3 Y10 SUM B3 H SOL Vectors.pdf,,high,,False,False,,,,vectors
Year 10,Summer,3,Higher,Vectors,Vectors,3,Vectors multiplied by a scalar,"In this small step, students explore vectors that are parallel to each other. Introduce students to the concept of a scalar, emphasising that it is the value by which a vector is multiplied. Students should recognise that when one vector is a scalar multiple of another, the two vectors are parallel. Begin by using diagrams to represent different vectors, for example by comparing a and 2a on a grid, highlighting that both are parallel and that 2a is twice the magnitude of a. This can then be used to build towards multiplying column vectors by a scalar. Emphasise that both the horizontal and vertical components of a column vector are multiplied by the scalar. Students should also have opportunities to explore the effect of multiplying vectors by negative scalars; for example, multiplying by –1 reverses the direction of a vector. Misconceptions and common errors • Students may make arithmetic errors, particularly when calculating with negative numbers. • Students may neglect to multiply both values in a column vector by the scalar. Year 10 | Summer term | Block 3 – Vectors | Step 3 Mathematical talk • What is the same and what is different about parallel vectors? • Can two vectors be parallel but not equal in magnitude? Explain how you know. • How do we know if one vector is a multiple of the other? • What is a scalar? • What is the effect of multiplying a vector by a negative scalar? • How does multiplying a vector by a scalar change its magnitude? Does it ever change its direction? H National Curriculum links • Describe translations as 2D vectors • Apply addition and subtraction of vectors, multiplication of vectors by a scalar, and diagrammatic and column representations of vectors; {use vectors to construct geometric arguments and proofs}",WR_PDF/Year 10/y10_summer_backfill/higher/WRE Maths v3 Y10 SUM B3 H SOL Vectors.pdf,WRE Maths v3 Y10 SUM B3 H SOL Vectors.pdf,,high,,False,False,,,,vectors
Year 10,Summer,3,Higher,Vectors,Vectors,4,Add vectors,"In this small step, students learn how to add column vectors. Remind students that a vector has a horizontal component and a vertical component and that these components can be represented as column vectors. Emphasise that when adding two vectors, the resultant vector is found by adding the horizontal components together and the vertical components together. As with previous steps, visual representations of addition of vectors can help students to build a deeper understanding. Provide opportunities to draw vector diagrams to show how one vector follows another, making the connection between the geometric path and the numerical calculation. Once learning is secure move on to more abstract calculations, such as adding two column vectors. Misconceptions and common errors • Students may make arithmetic errors, particularly when using negative numbers. • Students may draw vectors incorrectly, such as drawing arrows facing the wrong direction. Year 10 | Summer term | Block 3 – Vectors | Step 4 Mathematical talk • What does each number in a column vector represent? • What does ‘resultant vector’ mean? • How can we represent adding vectors on a grid? • How do we identify the resultant of two vectors? • How do we add two column vectors together? • How can a diagram help us understand what the calculation is showing? • Does the order matter when we add two vectors? Explain your reasoning. • Why do we add the horizontal components and add the vertical components to find the resultant vector? • What happens if we add vector a to vector –a? H National Curriculum links • Describe translations as 2D vectors • Apply addition and subtraction of vectors, multiplication of vectors by a scalar, and diagrammatic and column representations of vectors; {use vectors to construct geometric arguments and proofs}",WR_PDF/Year 10/y10_summer_backfill/higher/WRE Maths v3 Y10 SUM B3 H SOL Vectors.pdf,WRE Maths v3 Y10 SUM B3 H SOL Vectors.pdf,,high,,False,False,,,,vectors
Year 10,Summer,3,Higher,Vectors,Vectors,5,Add and subtract vectors,"In this small step, students deepen their understanding of arithmetic with vectors by learning how to subtract vectors. As with previous steps, representing vector subtraction using diagrams is a helpful approach before introducing formal written methods. This can be introduced by considering equivalent calculations, such as a – b and a + (–b). Once students are confident, they can practise adding and subtracting vectors abstractly. If appropriate, challenge students to solve problems that combine operations such as multiplication with addition or subtraction, for example, 2 × 3 4   + 2 5 -  . Misconceptions and common errors • Students may make arithmetic errors, particularly when using negative numbers. • Students may struggle to represent vector subtraction problems as diagrams. • Students may neglect one of the values in a column vector when multiplying by a scalar. For example, writing –1 × 3 5 -   = - - 3 5  . Year 10 | Summer term | Block 3 – Vectors | Step 5 Mathematical talk • What does the arrow on a vector indicate? • What is the relationship between b and –b? • Is a – b the same as a + (–b)? Explain how you know. • How would a diagram representing a + b differ from a – b? • How can we identify vector addition on a diagram? • How can we identify vector subtraction on a diagram? • How do we subtract two column vectors? • Does the order matter when we subtract two vectors? Why or why not? • Can the subtraction of two vectors create a resulting vector longer than both original vectors? Explain how you know. H National Curriculum links • Describe translations as 2D vectors • Apply addition and subtraction of vectors, multiplication of vectors by a scalar, and diagrammatic and column representations of vectors; {use vectors to construct geometric arguments and proofs}",WR_PDF/Year 10/y10_summer_backfill/higher/WRE Maths v3 Y10 SUM B3 H SOL Vectors.pdf,WRE Maths v3 Y10 SUM B3 H SOL Vectors.pdf,,high,,False,False,,,,vectors
Year 10,Summer,3,Higher,Vectors,Vectors,6,Vector journeys in shapes,"In this small step, students explore different ways to express vector journeys, combining successive movements as vector calculations. This step builds the foundations needed for students to form geometric proofs later. Students learn to express a route such as AB + BC + CD = AD showing that multiple vectors can represent a single resultant vector. Students then move to simplifying expressions or comparing routes algebraically, for example, by writing a + b + 2a – b as 3a. Draw students’ attention to the fact that different routes can have the same resultant vector. Highlight the effect of reversing the direction of a vector, for example, if MN = a – 2b then NM = –a + 2b. Misconceptions and common errors • Students may neglect the direction of arrows on a vector diagram, such as using the vector a rather than –a. • Students may struggle to find a route using known vectors. • Students may make arithmetic errors, particularly with negative terms. Year 10 | Summer term | Block 3 – Vectors | Step 6 Mathematical talk • How can we describe a journey from one vertex to another using vectors? • How can we show that AB + BC = AC on a diagram? • How is XY related to YX ? • Why does taking different routes around a shape sometimes give the same resultant vector? • Can the same journey be described using a different combination of vectors? • If EF = a and FG = b, how could we describe EG in terms of a and b? • Why is it important to use consistent notation when writing vector journeys? H National Curriculum links • Describe translations as 2D vectors • Apply addition and subtraction of vectors, multiplication of vectors by a scalar, and diagrammatic and column representations of vectors; {use vectors to construct geometric arguments and proofs}",WR_PDF/Year 10/y10_summer_backfill/higher/WRE Maths v3 Y10 SUM B3 H SOL Vectors.pdf,WRE Maths v3 Y10 SUM B3 H SOL Vectors.pdf,,high,,False,False,,,,vectors
Year 10,Summer,3,Higher,Vectors,Vectors,7,Vectors in quadrilaterals,"In this small step, students apply their knowledge of vector journeys while considering the properties of quadrilaterals such as rectangles, parallelograms, and trapezia. Encourage students to discuss the properties of different quadrilaterals, for example, parallelograms have two pairs of parallel sides. Highlight that this means a parallelogram has two pairs of identical vectors. Draw students’ attention to the direction of arrows on diagrams and how this can affect the result of a vector journey and the accurate evaluation of vector addition or subtraction. Misconceptions and common errors • Students may neglect the direction of arrows on a vector diagram, such as using the vector a rather than –a. • Students may not recognise properties leading to vectors which aren’t labelled on diagrams. For example, using the fact that opposite sides in a parallelogram are parallel and equal in length. Year 10 | Summer term | Block 3 – Vectors | Step 7 Mathematical talk • Which quadrilaterals have pairs of parallel sides? How many pairs of parallel vectors will they have? • ‘A square has four equal vectors.’ Explain why the statement is false. • How can we describe each side of the quadrilateral using vectors? • What does it mean if two sides have equal vectors? • What does the direction of the arrow tell us about a vector? • If AB = a – 2b what is BA in terms of a and b? • How can we use vector relationships to identify the type of quadrilateral? H National Curriculum links • Describe translations as 2D vectors • Apply addition and subtraction of vectors, multiplication of vectors by a scalar, and diagrammatic and column representations of vectors; {use vectors to construct geometric arguments and proofs}",WR_PDF/Year 10/y10_summer_backfill/higher/WRE Maths v3 Y10 SUM B3 H SOL Vectors.pdf,WRE Maths v3 Y10 SUM B3 H SOL Vectors.pdf,,high,,False,False,,,,vectors
Year 10,Summer,3,Higher,Vectors,Vectors,8,Parallel vectors,"In this small step, students explore parallel vectors, recognising that vectors are parallel when one is a scalar multiple of the other. Students may have some understanding of this concept from earlier steps in this block. Highlight that parallel vectors have the same (or opposite) direction but may differ in magnitude. Support strategies for proving that column vectors are parallel by using vectors represented on grids to emphasise the link between vectors and scalars. After this, model how to prove that algebraic vectors are parallel through factorisation. Once students are confident, move on to more complex problems where they may need to consider vector journeys to compare two vectors. Misconceptions and common errors • Students may think vectors are parallel if they have the same magnitude. • Students may not recognise parallel vectors involving negative scalars. For example, writing 6 2 -   as –2 × -3 1   to show 6 2 -   and -3 1   are parallel. • Students may find it difficult to write algebraic expressions for vectors that represent movement in the opposite direction. Year 10 | Summer term | Block 3 – Vectors | Step 8 Mathematical talk • What does it mean for two vectors to be parallel? • How can we tell if one column vector is a multiple of another? • Can two vectors be parallel but point in opposite directions? Explain how you know. • How can we tell if two vectors in terms of a and b are parallel? • What happens to a vector when it is multiplied by a negative scalar? • Why do parallel vectors not have to be equal in length? • Are two vectors that are equal in magnitude always parallel? Why or why not? H National Curriculum links • Describe translations as 2D vectors • Apply addition and subtraction of vectors, multiplication of vectors by a scalar, and diagrammatic and column representations of vectors; {use vectors to construct geometric arguments and proofs}",WR_PDF/Year 10/y10_summer_backfill/higher/WRE Maths v3 Y10 SUM B3 H SOL Vectors.pdf,WRE Maths v3 Y10 SUM B3 H SOL Vectors.pdf,,high,,False,False,,,,vectors
Year 10,Summer,4,Higher,Factors powers,Factors powers and surds,1,"Prime factorisation, HCF and LCM","In this small step, students recap finding the highest common factor (HCF), lowest common multiple (LCM), and writing numbers as a product of prime factors from Key Stage 3. Use practical contexts to reinforce when HCF or LCM is needed, and model listing with small numbers to show why it becomes inefficient for greater values. Revisit prime factorisation using factor trees, emphasising that every integer greater than 1 has a unique prime factorisation. Use Venn diagrams to organise information, highlighting that the HCF is the product of the common factors, while the LCM is the product of all factors within the diagram. Link back to listing to show both methods give the same result. Misconceptions and common errors • Students may include non-prime factors in their final product. • Students may confuse factors and multiples, particularly when using listing methods. • Students may rely on listing methods for large numbers, leading to inefficiency and increased likelihood of error. • Students may multiply all prime factors when finding the HCF, rather than only those common to all numbers. Year 10 | Summer term | Block 4 – Factors, powers and surds | Step 1 Mathematical talk • Explain what is meant by “highest common factor”. • Explain what is meant by “lowest common multiple”. • How can we decide whether a problem requires us to calculate the HCF or the LCM? • Can the HCF ever be greater than one of the numbers? Why or why not? • Is there more than one way to express 84 as a product of prime factors? • Does the order of the factors in a prime factorisation matter? Explain your answer. • What is the same and what is different between 2 × 2 × 2 × 3 and 23 × 3? • How do you find the HCF using a Venn diagram? • How do you find the LCM using a Venn diagram? H National Curriculum links • Use the concepts and vocabulary of prime numbers, factors (or divisors), multiples, common factors, common multiples, highest common factor, lowest common multiple, prime factorisation, including using product notation and the unique factorisation property (KS3)",WR_PDF/Year 10/y10_summer_backfill/higher/WRE Maths v3 Y10 SUM B4 H SOL Factors powers and surds.pdf,WRE Maths v3 Y10 SUM B4 H SOL Factors powers and surds.pdf,,high,,False,False,,,,factors powers
Year 10,Summer,4,Higher,Factors powers,Factors powers and surds,2,"Powers, roots and negative indices","In this small step, students recap evaluating powers and roots, both mentally and using a calculator. Reinforce that a root is the inverse of a power, and ensure students can use calculator functions for powers and roots greater than 3. Support estimation by identifying the two integers a root lies between. Emphasise that a negative index does not make the value negative but instead indicates a reciprocal. Demonstrate this using a decreasing pattern, for example 22 = 4, 21 = 2, 20 = 1 and 2–1 = 1 2. Encourage students to generalise this to show that for any non-zero value of a, a–n = 1 an . Model converting negative indices into fractions with positive indices using numerical and algebraic examples, extending to bases with coefficients as confidence develops. Misconceptions and common errors • Students may assume that a negative index results in a negative answer, for example 3–2 = –9 • Students may multiply the base by the index instead of using a reciprocal, for example 2–3 = –6 • Students may misuse calculator functions for powers and roots, leading to incorrect evaluations. Year 10 | Summer term | Block 4 – Factors, powers and surds | Step 2 Mathematical talk • What is the same and what is different between (–5)4 and –54? • What do you notice about the sign of (–2)n when n is even compared to when n is odd? Explain your answer. • What is the same and what is different about 64 and 64 6 ? • If 54 = 625, what is the 4th root of 625? How do you know? • What is the same and what is different between 3–2 and 1 32 ? • Which is greater: 2–3 or 2–5? Explain your answer • If a–2 = 1 25 , what is the value of a? Explain how you know. • How else can you write a–4? • Explain why the value of a in a–1 cannot be equal to zero. H National Curriculum links • Use integer powers and associated real roots (square, cube and higher), recognise powers of 2, 3, 4, 5 and distinguish between exact representations of roots and their decimal approximations (KS3)",WR_PDF/Year 10/y10_summer_backfill/higher/WRE Maths v3 Y10 SUM B4 H SOL Factors powers and surds.pdf,WRE Maths v3 Y10 SUM B4 H SOL Factors powers and surds.pdf,,high,,False,False,,,,factors powers
Year 10,Summer,4,Higher,Factors powers,Factors powers and surds,3,Fractional indices,"In this small step, students explore fractional indices. Some students may have previously covered this as an extend step in Year 8. Ensure students are fluent with square roots, cube roots and higher roots before introducing fractional indices using numerical bases. Develop understanding by reasoning from index laws, for example 9 1 2 × 9 1 2 = 91, and link this to 9 = 3 since 3 × 3 = 9. Use this to generalise that the denominator of a fractional index indicates the root. Once students are confident with unit fractional indices, introduce non-unit fractional indices, emphasising that the numerator represents a power applied after the root. Extend to fractional bases and negative fractional indices by linking back to negative indices as reciprocals. Misconceptions and common errors • Students may confuse the roles of the numerator and denominator, for example interpreting 64 3 2 as a cube root squared instead of a square root cubed. • Students may attempt to calculate a fraction of the base rather than taking the root and then applying the power. Year 10 | Summer term | Block 4 – Factors, powers and surds | Step 3 Mathematical talk • Explain why a 1 2 × a 1 2 = a1 • If 4 1 2 × 4 1 2 = 41, what is the value of 4 1 2 ? • What operation is a fractional power equivalent to? • What root is a power of a half/third equivalent to? Explain how you know. • How else can x 1 4 be written? • How can you generalise a rule for fractional indices? • If you know the value of x 1 3 , how can you find the value of – x 1 3? • What is the same and what is different about calculating 2 –3 64 and 3 –2 64 ? H National Curriculum links • Calculate with roots, and with integer {and fractional} indices",WR_PDF/Year 10/y10_summer_backfill/higher/WRE Maths v3 Y10 SUM B4 H SOL Factors powers and surds.pdf,WRE Maths v3 Y10 SUM B4 H SOL Factors powers and surds.pdf,,high,,False,False,,,,factors powers
Year 10,Summer,4,Higher,Factors powers,Factors powers and surds,4,Four operations with surds,"In this small step, students work with all four operations involving surds. The focus is on adding/subtracting like surds and multiplying/dividing surds by surds/integers. At this stage, surds do not need to be simplified beyond an integer result. For example, 3 × 5 can remain as 15, while 4 × 4 simplifies to 4. This keeps the focus on structure rather than technique, with further surd simplification developed in the next step. When adding and subtracting, emphasise that only like surds can be combined, just as only like algebraic terms can be collected, for example, 3 2 + 5 2 = 8 2 but 2 + 3 cannot be simplified further. When multiplying, model that a × b æ ab and that multiplying by an integer scales the surd, for example a × b = a b. If students are secure, you may choose to combine this step with simplifying surds further. Misconceptions and common errors • Students may try to add or subtract surds with different bases, for example 2 + 3 • Students may multiply integers and surds incorrectly, for example writing 2 × 5 = 10 • Students may not recognise when the product of surds simplifies to an integer, such as 4 × 4 = 4 Year 10 | Summer term | Block 4 – Factors, powers and surds | Step 4 Mathematical talk • Are surds rational or irrational? • When we multiply/divide two surds, what happens to the numbers inside the square roots? • Explain why 4 × 4 is equivalent to 4 • Is a + a equivalent to 2a ? Why or why not? • Why does 2 × 3 not give an integer answer? • What stays the same and what changes when we multiply a surd by an integer? • Why can we not add surds with different bases, for example 2 + 3? • How is adding and subtracting surds similar to working with algebraic terms? H National Curriculum links • Simplify and manipulate algebraic expressions (including those involving surds) {and algebraic fractions} by: factorising quadratic expressions of the form x2 + bx + c, including the difference of two squares; {factorising quadratic expressions of the form ax2 + bx + c}; simplifying expressions involving sums, products and powers, including the laws of indices",WR_PDF/Year 10/y10_summer_backfill/higher/WRE Maths v3 Y10 SUM B4 H SOL Factors powers and surds.pdf,WRE Maths v3 Y10 SUM B4 H SOL Factors powers and surds.pdf,,high,,False,False,,,,factors powers
Year 10,Summer,4,Higher,Factors powers,Factors powers and surds,5,Simplify surds,"In this small step, students develop their understanding of surds by exploring how the number inside a square root affects how it can be simplified. Model how to simplify surds by rewriting the number inside the root as a product including a square factor, for example 18 = 9 × 2. Emphasise the importance of identifying a square factor as the result of square rooting a square number will be an integer. Highlight that it is often efficient to identify the greatest square factor to simplify a surd. If students cannot spot a square factor encourage the use of a factor tree to show the prime factorisation, for example 72 = 2 × 2 × 2 × 3 × 3 . Emphasise that this method relies on pairing equal factors to form a square number that can be square rooted. Once students are confident, extend this to other contexts such as area calculations or simplifying algebraic expressions. Misconceptions and common errors • Students may not fully simplify a surd, leaving a square factor inside the square root when more than one square factor is present. For example, 72 = 4 x 18 = 2 18 • Students may try to partition a surd using addition or subtraction, for example writing 18 = 9 + 9 Year 10 | Summer term | Block 4 – Factors, powers and surds | Step 5 Mathematical talk • Why does writing the number inside the square root as a product help us simplify a surd? • What does it mean for a surd to be fully simplified? • Which factor pair includes the greatest square factor? • How does a prime factor tree help us identify square factors? • How can we check that a surd cannot be simplified any further? • Why must we identify a square factor when simplifying a surd? • What happens if we try to take out a factor that is not a square number? • What are the factor pairs of ? • What are the prime factors of ? H National Curriculum links • Calculate exactly with fractions, {surds} and multiples of π; {simplify surd expressions involving squares [for example 12 = 4 × 3 = 4 × 3 = 2 3] and rationalise denominators}",WR_PDF/Year 10/y10_summer_backfill/higher/WRE Maths v3 Y10 SUM B4 H SOL Factors powers and surds.pdf,WRE Maths v3 Y10 SUM B4 H SOL Factors powers and surds.pdf,,high,,False,False,,,,factors powers
Year 10,Summer,4,Higher,Factors powers,Factors powers and surds,6,Expand single brackets with surds,"In this small step, students develop their understanding of surds by expanding and simplifying single brackets, such as a(b + c) and a( b + c). Remind students that surds behave like algebraic terms and that the distributive law applies. Model expansion by multiplying each term inside the bracket by the term outside, using bar models or area models to support understanding where appropriate. Emphasise that only like surds can be combined and that surds may need further simplification by taking out square factors, including simplifying to integers or to simpler surd forms. Once students are confident, they could be introduced to expanding and simplifying expressions involving two single brackets. Misconceptions and common errors • Students may try to combine surds and integers, for example 2 + 3 = 5 • Students may assume a × a æ a rather than a. • Students may not simplify surds fully after expansion, for example writing 2 + 12 rather than 2 + 2 3. Year 10 | Summer term | Block 4 – Factors, powers and surds | Step 6 Mathematical talk • What is the same and what is different about expanding 3(x + 5) and 3( 2 + 5)? • What is the same and what is different about multiplying 3 × a and 3 × 5? • When we multiply two surds, what happens to the values inside the square root? • Explain why 2 × 2 = 4 can be simplified to an integer but 2 × 5 = 10 cannot. • Explain why 2 3 + 5 2 cannot be simplified. • What makes two surds “like surds”? Give an example. • Explain how you know when an expression with surds is fully simplified. H National Curriculum links • Simplify and manipulate algebraic expressions (including those involving surds) {and algebraic fractions} by: factorising quadratic expressions of the form x2 + bx + c, including the difference of two squares; {factorising quadratic expressions of the form ax2 + bx + c}; simplifying expressions involving sums, products and powers, including the laws of indices",WR_PDF/Year 10/y10_summer_backfill/higher/WRE Maths v3 Y10 SUM B4 H SOL Factors powers and surds.pdf,WRE Maths v3 Y10 SUM B4 H SOL Factors powers and surds.pdf,,high,,False,False,,,,factors powers
Year 10,Summer,4,Higher,Factors powers,Factors powers and surds,7,Rationalise the denominator,"In this small step, students rationalise denominators that contain a single surd, building on their understanding of surds and rational numbers. Model the process by multiplying the numerator and denominator by the same surd so that the denominator becomes a rational number. For example, when the denominator is 2, multiply both the numerator and denominator by 2 so the denominator becomes 2. Emphasise that the value of the fraction does not change, only its form. Remind students to simplify the resulting fraction fully, including simplifying surds by considering square factors where possible. Keep the focus on single-term denominators such as 3 or 3 5. Rationalising denominators containing binomials will be covered later in the block. Misconceptions and common errors • Students may multiply only the denominator by the surd instead of multiplying both the numerator and denominator. • Students may think the value of the fraction changes when rationalising the denominator, rather than staying equivalent. • Students may not simplify fully after rationalising, including simplifying any surds or cancelling common factors. Year 10 | Summer term | Block 4 – Factors, powers and surds | Step 7 Mathematical talk • What does it mean for a denominator to be rational? • Why might it be useful to remove a surd from the denominator? • Does rationalising the denominator change the value of the fraction? Explain how you know. • How is rationalising the denominator similar to forming an equivalent fraction? • What is the product of a × a? • If the denominator is 2, what could we multiply by to make it rational? Why does this work? • Why must we multiply the numerator and the denominator by the same value? • How do we know if a fraction is fully simplified? H National Curriculum links • Calculate exactly with fractions, {surds} and multiples of π; {simplify surd expressions involving squares [for example 12 = 4 × 3 = 4 × 3 = 2 3] and rationalise denominators}",WR_PDF/Year 10/y10_summer_backfill/higher/WRE Maths v3 Y10 SUM B4 H SOL Factors powers and surds.pdf,WRE Maths v3 Y10 SUM B4 H SOL Factors powers and surds.pdf,,high,,False,False,,,,factors powers
Year 10,Summer,4,Higher,Factors powers,Factors powers and surds,8,Expand double brackets with surds,"In this small step, students extend their understanding of expanding single brackets with surds to expanding and simplifying double brackets. Model expansion by multiplying each term in the first bracket by each term in the second bracket, making all four products explicit. Area or grid models can help students see the structure and avoid missing terms. When simplifying after expansion, remind students that only like surds can be combined, and that surds may need further simplification by taking out square factors. This may lead to integer results or simpler surd forms. Once students are confident, they can be challenged with more complex expressions in the form (a + b c)(d + e c). Misconceptions and common errors • Students may only multiply the first and last terms in each brackets, for example writing ( 2 + 3)( 2 + 5) = 2 + 15 = 17 • Students may incorrectly simplify expressions, for example 10 + 5 2 + 2 + 2 = 19 • Students may not simplify products of surds where possible after expansion or may not realise it is possible for the final answer to be an integer. Year 10 | Summer term | Block 4 – Factors, powers and surds | Step 8 Mathematical talk • What is the same and what is different about expanding (x + 2)(x + 5) and ( x + 2)( x + 5)? • When we multiply two surds, what happens to the numbers inside the square root? Explain your answer. • Explain why 3 × 3 = 9 can be simplified, but 2 × 5 = 10 cannot be simplified further. • What do you notice when (a + b)(a – b) is expanded and simplified? Why do the surd terms cancel when simplifying? • What is the difference between simplifying a × a and simplifying a + a? • Can any of the surds in the resulting expansion be simplified further? Why or why not? H National Curriculum links • Simplify and manipulate algebraic expressions (including those involving surds) {and algebraic fractions} by: factorising quadratic expressions of the form x2 + bx + c, including the difference of two squares; {factorising quadratic expressions of the form ax2 + bx + c}; simplifying expressions involving sums, products and powers, including the laws of indices",WR_PDF/Year 10/y10_summer_backfill/higher/WRE Maths v3 Y10 SUM B4 H SOL Factors powers and surds.pdf,WRE Maths v3 Y10 SUM B4 H SOL Factors powers and surds.pdf,,high,,False,False,,,,factors powers
Year 10,Summer,4,Higher,Factors powers,Factors powers and surds,9,Rationalise the denominator with more complex denominators (E),"In this extend step, students will rationalise denominators with binomial expressions e.g. 1 + 5 2 Draw attention to the structure (a + b)(a – b), and highlight that this is a difference of two squares, simplifying to a2 – b, where the result will be an integer. Students will use this understanding to rationalise the denominator of a fraction, by multiplying both the numerator and denominator by the conjugate of the denominator. Emphasise that this is equivalent to multiplying by 1, so the value of the fraction does not change. Begin with examples such as 1 5 2 – where the denominator can be simplified to a positive integer, before moving on to more complex fractions such as 3 1 5 – where the denominator simplifies to a negative integer or 1 3 7 3 + + where the numerator has two terms. Misconceptions and common errors • Students may only multiply the denominator by the conjugate, changing the value of the fraction. • Students may multiply by the same denominator rather than the conjugate. Year 10 | Summer term | Block 4 – Factors, powers and surds | Step 9 Mathematical talk • What is the same and what is different about 1 b and 1 + a b ? • If the denominator has two terms, how can we use the fact that (a + b)(a – b) æ a2 – b to remove the surd from the denominator? • Why must we multiply the numerator and the denominator by the same expression? • How can we check that the value of the expression has not changed? • Why does the denominator simplify to an integer, or a rational number, in this method? • After rationalising the denominator, what further simplification might still be needed? H E National Curriculum links • Calculate exactly with fractions, {surds} and multiples of π; {simplify surd expressions involving squares [for example 12 = 4 × 3 = 4 × 3 = 2 3] and rationalise denominators}",WR_PDF/Year 10/y10_summer_backfill/higher/WRE Maths v3 Y10 SUM B4 H SOL Factors powers and surds.pdf,WRE Maths v3 Y10 SUM B4 H SOL Factors powers and surds.pdf,,high,,False,False,,,,factors powers
Year 10,Summer,4,Higher,Factors powers,Factors powers and surds,10,Solve problems with surds,"In this small step, students apply their knowledge of surds in a range of contexts, including area and perimeter, calculations with exact values, and solving equations. Emphasise that surds often arise from square roots in geometry and that surd form gives an exact answer. Support students to identify the structure of each problem before trying to solve them. Encourage them to annotate the problem and write down any relevant formulas. Show how to break multi-step problems into smaller steps and keep expressions in surd form until the final stage, using prompts such as “What do I know?”, “What can I work out?” and “What is the context of the question?”. Misconceptions and common errors • Students may struggle to write surds in a specified form. • Students may square surds incorrectly when they appear in an area calculation or equation. • Students may struggle to identify the relevant formula or prior topic needed to solve the problem. Year 10 | Summer term | Block 4 – Factors, powers and surds | Step 10 Mathematical talk • What do we know and what can we work out? • What formula or prior knowledge might be useful? • What is the problem asking you to find? • How can we check the answer? Does your answer make sense for the context? • How can we break this problem into smaller steps? • What should we calculate first and why? • Can any terms be simplified or combined? H National Curriculum links • Calculate exactly with fractions, {surds} and multiples of π; {simplify surd expressions involving squares [for example 12 = 4 × 3 = 4 × 3 = 2 3] and rationalise denominators}",WR_PDF/Year 10/y10_summer_backfill/higher/WRE Maths v3 Y10 SUM B4 H SOL Factors powers and surds.pdf,WRE Maths v3 Y10 SUM B4 H SOL Factors powers and surds.pdf,,high,,False,False,,,,factors powers
